player,player_id,position,team_name,player_game_count,batted_passes,declined_penalties,franchise_id,grades_pass_rush_defense,hits,hurries,pass_rush_opp,pass_rush_percent,pass_rush_win_rate,pass_rush_wins,penalties,prp,sacks,snap_counts_pass_play,snap_counts_pass_rush,total_pressures,true_pass_set_batted_passes,true_pass_set_grades_pass_rush_defense,true_pass_set_hits,true_pass_set_hurries,true_pass_set_pass_rush_opp,true_pass_set_pass_rush_percent,true_pass_set_pass_rush_win_rate,true_pass_set_pass_rush_wins,true_pass_set_prp,true_pass_set_sacks,true_pass_set_snap_counts_pass_play,true_pass_set_snap_counts_pass_rush,true_pass_set_total_pressures
Calais Campbell,4364,ED,ATL,5,0,0,2,65.0,3,6,99,94.7,12.1,12,0,4.5,0,113,107,9,0,62.4,1,4,50,93.2,14.0,7,5.0,0,59,55,5
Matthew Slater,4467,WR,NE,1,0,0,19,60.0,0,0,0,100.0,,0,0,,0,1,1,0,0,,0,0,0,,,0,,0,0,0,0
Brandon Graham,5538,ED,PHI,5,0,0,24,72.5,2,5,57,91.5,15.8,9,0,6.1,0,71,65,7,0,80.1,2,5,28,100.0,25.0,7,12.5,0,32,32,7
Jerry Hughes,5556,ED,HST,5,0,0,13,59.5,0,9,73,98.7,8.2,6,1,7.5,1,77,76,10,0,55.4,0,4,32,100.0,9.4,3,6.3,0,33,33,4
Al Woods,5646,DI,NYJ,4,0,0,22,56.5,1,0,43,100.0,2.3,1,0,3.5,1,45,45,2,0,56.7,1,0,17,100.0,5.9,1,2.9,0,17,17,1
Von Miller,6154,ED,BUF,1,0,0,4,49.5,0,0,11,92.9,0.0,0,0,0.0,0,14,13,0,0,50.5,0,0,8,90.0,0.0,0,0.0,0,10,9,0
Patrick Peterson,6157,CB,PIT,5,0,1,25,55.0,0,1,2,0.9,0.0,0,1,25.0,0,219,2,1,0,59.5,0,0,1,0.8,0.0,0,0.0,0,121,1,0
Cameron Jordan,6176,ED,NO,5,2,0,20,71.8,2,19,166,98.4,13.9,23,0,7.5,2,183,180,23,0,84.7,1,11,77,98.8,24.7,19,10.4,2,85,84,14
Cameron Heyward,6183,DI,PIT,1,0,0,25,62.2,1,0,9,100.0,11.1,1,0,5.6,0,9,9,1,0,55.8,0,0,3,100.0,0.0,0,0.0,0,3,3,0
Justin Houston,6222,ED,CAR,5,1,0,5,64.1,2,6,71,85.2,9.9,7,1,7.0,1,88,75,9,0,70.8,1,5,25,83.3,24.0,6,16.0,1,30,25,7
Lawrence Guy Sr.,6385,DI,NE,5,0,0,19,47.8,0,3,82,100.0,2.4,2,0,1.8,0,87,87,3,0,49.7,0,2,20,100.0,5.0,1,5.0,0,22,22,2
Fletcher Cox,7018,DI,PHI,4,0,0,24,67.3,7,3,129,100.0,11.6,15,1,4.7,1,134,134,11,0,68.5,6,2,65,100.0,15.4,10,7.7,1,68,68,9
Bobby Wagner,7050,LB,SEA,4,0,0,29,69.2,0,3,24,13.9,16.7,4,0,14.6,2,194,27,5,0,72.0,0,2,16,17.2,18.8,3,18.8,2,99,17,4
Lavonte David,7060,LB,TB,4,0,0,30,55.3,0,2,19,11.0,5.3,1,0,10.5,1,172,19,3,0,51.4,0,1,8,9.9,12.5,1,6.3,0,81,8,1
Demario Davis,7079,LB,NO,5,0,1,20,62.7,1,5,28,14.2,10.7,3,1,14.3,1,212,30,7,0,64.5,0,5,20,22.1,15.0,3,17.5,1,95,21,6
Tashaun Gipson Sr.,7288,S,SF,5,0,0,28,53.7,0,2,4,1.9,0.0,0,0,25.0,0,215,4,2,0,54.5,0,2,3,2.6,0.0,0,33.3,0,116,3,2
Harrison Smith,7641,S,MIN,5,0,0,18,63.6,1,1,35,17.1,2.9,1,1,11.4,3,205,35,5,0,79.6,1,1,11,16.2,9.1,1,36.4,3,68,11,5
Justin Bethel,7654,CB,MIA,5,0,0,17,90.9,0,1,4,6.1,0.0,0,0,37.5,1,82,5,2,0,91.8,0,1,2,6.3,0.0,0,75.0,1,48,3,2
Johnathan Hankins,7830,DI,DAL,5,2,0,9,69.9,0,1,50,100.0,6.0,3,1,1.0,0,53,53,1,1,74.4,0,0,16,100.0,6.3,1,0.0,0,17,17,0
Tyrann Mathieu,7850,S,NO,5,0,1,20,55.5,0,1,2,1.4,0.0,0,1,25.0,0,212,3,1,0,58.8,0,1,1,1.1,0.0,0,50.0,0,95,1,1
John Jenkins,7863,DI,LV,5,1,0,23,71.9,1,5,69,100.0,11.6,8,0,4.3,0,72,72,6,0,68.3,0,4,16,100.0,18.8,3,12.5,0,17,17,4
William Gholston,7908,DI,TB,4,0,0,30,64.3,0,2,32,100.0,12.5,4,0,3.1,0,33,33,2,0,64.5,0,1,12,100.0,16.7,2,4.2,0,12,12,1
Micah Hyde,7941,S,BUF,5,0,0,4,60.0,0,0,1,0.6,0.0,0,0,0.0,0,181,1,0,0,,0,0,0,0.0,,0,,0,88,0,0
Jordan Poyer,8000,S,BUF,4,0,0,4,52.2,0,1,6,5.1,0.0,0,1,8.3,0,137,7,1,0,56.5,0,0,1,2.8,0.0,0,0.0,0,71,2,0
Nick Williams,8006,DI,LAC,4,0,0,27,59.8,0,1,64,100.0,4.7,3,0,0.8,0,65,65,1,0,60.3,0,0,24,100.0,8.3,2,0.0,0,24,24,0
Mike Purcell,8530,DI,DEN,5,2,1,10,64.1,2,0,56,98.4,5.4,3,1,1.8,0,62,61,2,1,61.2,0,0,22,95.8,4.5,1,0.0,0,24,23,0
Jadeveon Clowney,8636,ED,BLT,5,0,0,3,68.5,4,14,151,95.2,15.2,23,0,7.3,2,167,159,20,0,65.9,3,9,80,94.4,17.5,14,8.8,1,90,85,13
Khalil Mack,8640,ED,LAC,4,2,0,27,80.9,2,12,135,91.0,15.6,21,0,10.4,7,156,142,21,1,90.5,2,10,67,93.4,28.4,19,17.9,6,76,71,18
Aaron Donald,8648,DI,LA,5,0,1,26,90.8,3,17,155,100.0,20.6,32,1,8.4,3,170,170,23,0,88.3,1,11,74,100.0,25.7,19,10.8,2,83,83,14
C.J. Mosley,8652,LB,NYJ,5,1,0,22,83.6,1,3,13,7.2,15.4,2,2,15.4,0,208,15,4,1,83.1,0,3,8,8.6,25.0,2,18.8,0,105,9,3
Jimmie Ward,8665,S,HST,3,0,0,13,56.1,0,0,3,2.5,0.0,0,1,0.0,0,120,3,0,0,56.5,0,0,2,3.6,0.0,0,0.0,0,55,2,0
Bradley Roby,8666,CB,PHI,1,0,0,24,66.9,0,1,4,22.2,25.0,1,0,12.5,0,18,4,1,0,73.8,0,1,2,20.0,50.0,1,25.0,0,10,2,1
DeMarcus Lawrence,8669,ED,DAL,5,0,0,9,81.5,1,14,91,99.0,26.4,24,0,10.4,2,103,102,17,0,80.1,0,12,47,100.0,34.0,16,12.8,0,55,55,12
Kyle Van Noy,8675,ED,BLT,2,1,0,3,68.0,1,4,36,94.9,11.1,4,0,6.9,0,39,37,5,0,61.3,1,3,23,92.3,13.0,3,8.7,0,26,24,4
DaQuan Jones,8747,DI,BUF,5,0,0,4,89.5,3,9,74,100.0,23.0,17,0,12.2,3,80,80,15,0,77.4,2,5,41,100.0,22.0,9,13.4,2,44,44,9
Brent Urban,8769,DI,BLT,5,2,0,3,66.7,2,3,37,100.0,2.7,1,0,9.5,1,38,38,6,1,68.2,1,0,14,100.0,0.0,0,10.7,1,14,14,2
Shelby Harris,8869,DI,CLV,4,1,0,8,60.7,0,2,37,95.2,5.4,2,0,5.4,1,42,40,3,0,58.2,0,0,12,93.3,0.0,0,8.3,1,15,14,1
Denico Autry,8982,ED,TEN,5,0,0,31,66.6,4,9,128,99.3,12.5,16,0,8.2,4,140,139,17,0,73.1,2,8,65,98.6,18.5,12,12.3,3,72,71,13
Shaquil Barrett,9000,ED,TB,4,0,0,30,79.4,3,7,81,77.8,12.3,10,2,7.4,1,108,84,11,0,63.5,2,6,46,82.8,13.0,6,8.7,0,58,48,8
Kerry Hyder Jr.,9045,ED,SF,4,0,0,28,63.6,0,3,45,100.0,13.3,6,0,5.6,1,46,46,4,0,65.5,0,2,30,100.0,16.7,5,6.7,1,31,31,3
Adrian Phillips,9177,S,NE,5,0,0,19,53.0,0,0,3,8.7,0.0,0,0,0.0,0,46,4,0,0,59.4,0,0,1,5.0,0.0,0,0.0,0,20,1,0
Dante Fowler Jr.,9436,ED,DAL,5,0,0,9,73.0,2,5,58,98.5,10.3,6,1,7.8,1,67,66,8,0,58.4,1,3,34,97.6,8.8,3,5.9,0,42,41,4
Leonard Williams,9439,DI,NYG,5,1,1,21,90.0,3,7,107,100.0,16.8,18,2,5.6,1,114,114,11,0,90.7,3,3,32,100.0,31.3,10,12.5,1,37,37,7
Arik Armstead,9450,DI,SF,5,0,0,28,85.7,4,8,142,100.0,16.2,23,1,4.9,1,147,147,13,0,90.8,3,8,74,100.0,24.3,18,7.4,0,77,77,11
Bud Dupree,9455,ED,ATL,5,1,0,2,52.4,1,6,124,94.9,5.6,7,0,3.6,1,138,131,8,1,54.2,1,4,69,94.9,7.2,5,5.1,1,78,74,6
Shaq Thompson,9458,LB,CAR,2,0,0,5,64.3,0,0,2,9.1,50.0,1,0,0.0,0,33,3,0,0,68.0,0,0,0,12.5,,1,,0,8,1,0
Mario Edwards Jr.,9468,DI,SEA,4,1,0,29,84.9,4,7,86,100.0,16.3,14,2,7.6,1,88,88,12,1,75.3,2,4,43,100.0,18.6,8,7.0,0,44,44,6
Preston Smith,9471,ED,GB,5,1,0,12,55.6,3,7,118,89.1,6.8,8,0,5.1,1,137,122,11,0,52.6,2,6,54,85.1,7.4,4,9.3,1,67,57,9
Eric Kendricks,9478,LB,LAC,2,0,0,27,63.2,0,0,6,7.8,16.7,1,0,0.0,0,77,6,0,0,55.9,0,0,2,5.9,0.0,0,0.0,0,34,2,0
Denzel Perryman,9481,LB,HST,3,0,0,13,46.9,0,2,9,11.3,0.0,0,0,11.1,0,80,9,2,0,53.1,0,1,3,9.1,0.0,0,16.7,0,33,3,1
Jordan Phillips,9485,DI,BUF,5,2,0,4,52.3,1,3,60,98.5,5.0,3,1,5.0,1,66,65,5,2,55.2,1,3,31,100.0,9.7,3,9.7,1,35,35,5
Markus Golden,9491,ED,PIT,5,0,0,25,70.0,1,2,27,76.9,18.5,5,0,13.0,2,39,30,5,0,75.7,1,2,16,76.0,31.3,5,21.9,2,25,19,5
Randy Gregory,9493,ED,SF,4,1,0,28,53.8,1,5,74,95.2,5.4,4,2,5.4,1,83,79,7,0,51.5,0,3,33,97.3,6.1,2,7.6,1,37,36,4
Frank Clark,9496,ED,DEN,2,0,0,10,50.8,0,0,24,90.0,4.2,1,1,0.0,0,30,27,0,0,53.2,0,0,16,94.4,6.3,1,0.0,0,18,17,0
Jordan Hicks,9517,LB,MIN,5,0,0,18,53.5,0,4,57,29.3,5.3,3,0,3.5,0,205,60,4,0,63.0,0,3,20,33.3,10.0,2,7.5,0,69,23,3
Danielle Hunter,9521,ED,MIN,5,1,0,18,65.3,0,11,169,96.1,9.5,16,0,6.8,6,181,174,17,0,62.7,0,6,56,96.7,12.5,7,7.1,1,61,59,7
Steven Nelson,9531,CB,HST,5,0,0,13,60.0,0,0,1,0.5,0.0,0,1,0.0,0,190,1,0,0,,0,0,0,0.0,,0,,0,87,0,0
Angelo Blackson,9533,DI,JAX,5,0,0,15,50.4,0,1,64,100.0,1.6,1,0,0.8,0,70,70,1,0,51.0,0,0,29,100.0,0.0,0,0.0,0,32,32,0
Za'Darius Smith,9555,ED,CLV,4,0,0,8,81.1,4,9,90,96.8,22.2,20,1,7.2,0,95,92,13,0,76.3,1,6,39,97.6,28.2,11,9.0,0,41,40,7
Kwon Alexander,9557,LB,PIT,5,0,0,25,73.8,1,0,13,10.9,15.4,2,0,11.5,1,129,14,2,0,82.6,1,0,8,13.0,25.0,2,18.8,1,69,9,2
Grady Jarrett,9570,DI,ATL,5,1,0,2,73.3,5,7,130,98.6,13.8,18,0,5.4,1,140,138,13,1,81.3,5,4,71,100.0,21.1,15,7.7,1,76,76,10
Rakeem Nunez-Roches,9650,DI,NYG,5,0,0,21,52.8,0,1,51,100.0,2.0,1,0,1.0,0,56,56,1,0,53.8,0,1,8,100.0,0.0,0,6.3,0,8,8,1
Troy Hill,9881,CB,CAR,5,0,0,5,51.6,0,1,3,3.0,0.0,0,1,16.7,0,99,3,1,0,59.0,0,0,1,2.4,0.0,0,0.0,0,42,1,0
DeShawn Williams,9891,DI,CAR,5,0,0,5,57.0,1,2,65,100.0,6.2,4,0,2.3,0,71,71,3,0,64.8,1,0,17,100.0,5.9,1,2.9,0,19,19,1
Alex Singleton,9994,LB,DEN,6,0,0,10,63.3,1,1,16,8.4,6.3,1,1,6.3,0,215,18,2,0,61.8,0,1,11,11.9,9.1,1,4.5,0,109,13,1
Joey Bosa,10637,ED,LAC,3,0,0,27,64.0,0,5,69,100.0,11.6,8,2,8.0,3,73,73,8,0,75.2,0,3,25,100.0,24.0,6,18.0,3,26,26,6
DeForest Buckner,10641,DI,IND,5,0,0,14,79.2,2,8,136,95.2,15.4,21,2,5.1,2,147,140,12,0,82.7,2,6,69,100.0,18.8,13,8.7,2,71,71,10
Leonard Floyd,10643,ED,BUF,5,0,0,4,69.6,3,5,94,93.6,10.6,10,1,10.6,6,110,103,14,0,73.6,1,3,49,88.3,12.2,6,14.3,5,60,53,9
Sheldon Rankins,10646,DI,HST,5,0,0,13,58.8,1,7,114,99.2,7.9,9,0,3.5,0,123,122,8,0,64.4,0,6,58,100.0,12.1,7,5.2,0,62,62,6
Keanu Neal,10651,S,PIT,5,0,0,25,49.9,0,2,9,6.4,0.0,0,0,11.1,0,140,9,2,0,53.5,0,1,3,4.1,0.0,0,16.7,0,74,3,1
Shaq Lawson,10653,ED,BUF,4,0,0,4,55.8,2,3,49,98.1,6.1,3,1,5.1,0,54,53,5,0,51.1,1,0,18,95.2,0.0,0,2.8,0,21,20,1
Artie Burns,10659,CB,SEA,3,0,0,29,54.7,0,0,3,3.4,0.0,0,0,0.0,0,88,3,0,0,55.6,0,0,2,3.8,0.0,0,0.0,0,52,2,0
Kenny Clark,10661,DI,GB,5,0,0,12,69.3,2,8,140,100.0,9.3,13,2,6.4,4,145,145,14,0,66.5,1,6,63,100.0,12.7,8,10.3,3,64,64,10
Emmanuel Ogbah,10666,ED,MIA,5,0,0,17,52.8,0,7,50,94.5,4.0,2,0,11.0,2,55,52,9,0,57.8,0,5,25,96.3,8.0,2,18.0,2,27,26,7
Chris Jones,10671,DI,KC,5,2,0,16,84.9,4,10,135,98.6,19.3,26,1,10.4,7,146,144,21,0,79.1,2,7,58,100.0,25.9,15,12.9,3,61,61,12
Xavien Howard,10672,CB,MIA,5,0,0,17,78.9,1,0,2,1.0,0.0,0,5,25.0,0,205,2,1,0,60.0,1,0,1,1.0,0.0,0,50.0,0,97,1,1
Austin Johnson,10677,DI,LAC,4,1,0,27,52.5,0,1,83,100.0,0.0,0,0,0.6,0,85,85,1,1,54.9,0,1,26,100.0,0.0,0,1.9,0,27,27,1
Jihad Ward,10678,ED,NYG,5,0,1,21,49.6,1,2,51,98.2,2.0,1,1,2.9,0,57,56,3,0,51.1,0,1,8,100.0,0.0,0,6.3,0,9,9,1
A'Shawn Robinson,10680,DI,NYG,5,0,1,21,50.3,0,1,39,100.0,2.6,1,1,1.3,0,43,43,1,0,59.3,0,1,7,100.0,14.3,1,7.1,0,8,8,1
Jarran Reed,10683,DI,SEA,4,1,0,29,72.7,4,9,106,100.0,13.2,14,1,8.0,2,113,113,15,0,75.0,2,7,52,100.0,17.3,9,12.5,2,56,56,11
Deion Jones,10686,LB,CAR,1,0,0,5,64.7,0,0,4,12.1,25.0,1,1,0.0,0,33,4,0,0,,0,0,0,0.0,,0,,0,11,0,0
Adam Gotsis,10697,DI,JAX,5,1,0,15,48.9,2,3,71,100.0,0.0,0,0,3.5,0,73,73,5,0,46.7,0,3,29,100.0,0.0,0,5.2,0,31,31,3
Kevin Byard,10698,S,TEN,5,0,0,31,60.0,0,1,1,0.5,0.0,0,0,50.0,0,195,1,1,0,,0,0,0,0.0,,0,,0,87,0,0
Maliek Collins,10701,DI,HST,5,0,0,13,66.3,6,8,116,99.2,12.1,14,2,6.0,0,124,123,14,0,66.1,4,6,60,100.0,16.7,10,8.3,0,63,63,10
Yannick Ngakoue,10703,ED,CHI,5,0,0,6,51.2,2,14,165,98.3,5.5,9,2,6.1,2,172,169,18,0,56.4,2,7,86,98.9,7.0,6,7.6,2,90,89,11
Jonathan Bullard,10706,DI,MIN,5,0,0,18,50.3,0,1,67,93.3,3.0,2,0,0.7,0,75,70,1,0,53.5,0,1,22,92.0,4.5,1,2.3,0,25,23,1
Kendall Fuller,10718,CB,WAS,5,0,1,32,56.2,0,0,1,0.5,0.0,0,2,0.0,0,199,1,0,0,,0,0,0,0.0,,0,,0,102,0,0
Javon Hargrave,10723,DI,SF,5,0,0,28,90.3,2,14,140,100.0,20.0,28,1,7.9,3,146,146,19,0,90.5,2,10,74,100.0,27.0,20,12.2,3,78,78,15
Justin Simmons,10732,S,DEN,4,0,0,10,58.3,0,0,1,0.6,0.0,0,1,0.0,0,166,1,0,0,,0,0,0,0.0,,0,,0,89,0,0
Eric Murray,10740,S,HST,5,0,0,13,59.8,0,0,1,0.9,0.0,0,0,0.0,0,106,1,0,0,,0,0,0,0.0,,0,,0,54,0,0
Miles Killebrew,10745,ED,PIT,2,0,0,25,60.0,0,0,0,50.0,,0,0,,0,2,1,0,0,,0,0,0,0.0,,0,,0,1,0,0
De'Vondre Campbell,10749,LB,GB,3,0,0,12,57.0,0,0,3,3.9,0.0,0,1,0.0,0,76,3,0,0,58.5,0,0,1,2.9,0.0,0,0.0,0,34,1,0
Hassan Ridgeway,10750,DI,HST,1,0,0,13,61.5,0,0,6,100.0,0.0,0,0,0.0,0,8,8,0,0,65.3,0,0,3,100.0,0.0,0,0.0,0,4,4,0
David Onyemata,10754,DI,ATL,5,1,1,2,84.2,4,5,103,99.1,18.4,19,3,6.3,2,112,111,11,0,86.0,3,5,51,100.0,29.4,15,9.8,1,56,56,9
Andrew Billings,10756,DI,CHI,5,0,0,6,69.9,1,11,82,98.8,12.2,10,0,7.3,0,84,83,12,0,63.9,0,4,24,100.0,16.7,4,8.3,0,24,24,4
Dean Lowry,10771,DI,MIN,5,1,0,18,53.0,0,1,68,89.7,1.5,1,1,0.7,0,78,70,1,1,62.3,0,1,23,96.0,4.3,1,2.2,0,25,24,1
Matthew Judon,10780,ED,NE,4,0,0,19,60.4,5,7,90,81.7,8.9,8,0,11.1,4,115,94,16,0,58.3,0,5,40,87.8,12.5,5,13.8,3,49,43,8
Quinton Jefferson,10781,DI,NYJ,5,0,0,22,61.3,2,4,89,97.9,9.0,8,0,6.7,3,94,92,9,0,70.0,1,3,38,100.0,18.4,7,10.5,2,40,40,6
DJ Reader,10800,DI,CIN,5,0,0,7,64.0,3,4,107,99.1,4.7,5,0,4.2,1,114,113,8,0,68.8,2,1,32,100.0,3.1,1,4.7,0,37,37,3
Kamu Grugier-Hill,10842,LB,CAR,4,0,0,5,70.4,0,1,8,10.4,12.5,1,0,18.8,1,77,8,2,0,62.6,0,1,7,28.0,0.0,0,21.4,1,25,7,2
Elandon Roberts,10848,LB,PIT,5,0,0,25,50.0,2,1,5,11.1,20.0,1,0,30.0,0,63,7,3,0,69.7,0,1,2,11.5,50.0,1,25.0,0,26,3,1
Jalen Mills,10867,S,NE,5,0,0,19,55.6,0,1,4,6.3,0.0,0,0,12.5,0,63,4,1,0,58.6,0,1,2,6.3,0.0,0,25.0,0,32,2,1
Jayron Kearse,10878,S,DAL,5,0,2,9,65.6,0,1,5,3.0,0.0,0,4,30.0,1,164,5,2,0,,0,1,0,0.0,,0,,0,86,0,1
Mike Hilton,10898,S,CIN,5,1,1,7,53.9,0,0,15,9.5,0.0,0,1,0.0,0,168,16,0,1,61.2,0,0,6,9.1,0.0,0,0.0,0,77,7,0
Kyle Peko,11027,DI,TEN,5,0,0,31,56.2,0,1,50,100.0,4.0,2,0,1.0,0,52,52,1,0,52.4,0,0,12,100.0,0.0,0,0.0,0,12,12,0
Michael Pierce,11101,DI,BLT,5,0,0,3,67.9,1,11,128,95.1,13.3,17,0,4.7,0,143,136,12,0,75.6,1,8,67,94.6,19.4,13,6.7,0,74,70,9
Morgan Fox,11184,DI,LAC,4,0,0,27,69.3,3,6,81,98.9,16.0,13,1,8.0,2,89,88,11,0,71.9,2,5,48,100.0,22.9,11,9.4,1,52,52,8
Romeo Okwara,11250,ED,DET,4,0,0,11,61.6,1,6,59,89.9,10.2,6,0,5.9,0,69,62,7,0,68.0,1,5,26,87.5,15.4,4,11.5,0,32,28,6
Roy Robertson-Harris,11341,DI,JAX,5,0,0,15,61.3,2,8,132,100.0,9.1,12,0,3.8,0,142,142,10,0,67.1,1,6,61,100.0,14.8,9,5.7,0,66,66,7
Antonio Hamilton Sr.,11353,CB,ARZ,5,0,0,1,57.8,0,0,2,3.9,0.0,0,0,0.0,0,51,2,0,0,59.0,0,0,1,4.8,0.0,0,0.0,0,21,1,0
Myles Garrett,11756,ED,CLV,4,0,1,8,94.0,6,11,100,96.4,32.0,32,2,14.5,6,111,107,23,0,91.0,4,6,52,100.0,34.6,18,19.2,5,55,55,15
Solomon Thomas,11758,DI,NYJ,5,0,0,22,56.0,0,5,65,100.0,4.6,3,0,5.4,1,66,66,6,0,52.4,0,4,26,100.0,3.8,1,7.7,0,26,26,4
Jamal Adams,11761,S,SEA,1,0,0,29,62.6,0,1,1,20.0,0.0,0,0,50.0,0,5,1,1,0,,0,0,0,0.0,,0,,0,1,0,0
Haason Reddick,11768,ED,PHI,5,0,0,24,65.6,2,13,158,95.9,14.6,23,0,6.6,3,170,163,18,0,73.7,1,13,91,96.9,23.1,21,11.0,3,97,94,17
Derek Barnett,11769,ED,PHI,5,0,0,24,55.9,0,0,34,90.9,5.9,2,0,0.0,0,44,40,0,0,53.2,0,0,15,94.7,6.7,1,0.0,0,19,18,0
Malik Hooker,11770,S,DAL,5,0,0,9,60.0,0,0,1,0.6,0.0,0,0,0.0,0,155,1,0,0,,0,0,0,0.0,,0,,0,82,0,0
Jonathan Allen,11772,DI,WAS,5,1,0,32,70.3,5,11,160,99.4,13.8,22,0,6.9,3,172,171,19,1,75.5,4,10,86,100.0,20.9,18,10.5,2,92,92,16
Adoree' Jackson,11773,CB,NYG,5,0,1,21,55.5,0,0,2,1.2,0.0,0,1,0.0,0,161,2,0,0,55.5,0,0,2,4.5,0.0,0,0.0,0,44,2,0
Charles Harris,11777,ED,DET,5,0,0,11,54.8,2,12,130,87.5,8.5,11,2,6.9,2,160,140,16,0,54.2,1,10,87,92.2,11.5,10,7.5,1,102,94,12
Jabrill Peppers,11780,S,NE,5,0,0,19,47.8,0,0,17,10.0,0.0,0,0,0.0,0,170,17,0,0,53.3,0,0,4,6.1,0.0,0,0.0,0,66,4,0
Tre'Davious White,11782,CB,BUF,4,0,0,4,68.7,1,0,1,1.7,0.0,0,1,50.0,0,118,2,1,0,,0,0,0,0.0,,0,,0,57,0,0
T.J. Watt,11785,ED,PIT,5,3,0,25,90.9,7,12,169,91.3,14.2,24,1,10.4,8,196,179,27,3,92.2,6,8,91,92.5,19.8,18,15.4,7,106,98,21
Budda Baker,11791,S,ARZ,1,0,0,1,57.2,0,0,2,4.3,0.0,0,0,0.0,0,46,2,0,0,,0,0,0,0.0,,0,,0,20,0,0
Marcus Maye,11794,S,NO,2,0,0,20,67.6,0,1,3,3.5,33.3,1,1,50.0,1,85,3,2,0,70.9,0,0,1,2.6,0.0,0,100.0,1,39,1,1
Marcus Williams,11797,S,BLT,2,0,0,3,59.1,0,0,1,1.9,0.0,0,0,0.0,0,52,1,0,0,,0,0,0,0.0,,0,,0,24,0,0
Justin Evans,11805,S,PHI,4,0,0,24,58.3,0,0,1,0.7,0.0,0,0,0.0,0,153,1,0,0,,0,0,0,0.0,,0,,0,85,0,0
DeMarcus Walker,11806,ED,CHI,5,0,0,6,60.8,4,9,144,98.7,9.0,13,0,5.2,1,149,147,14,0,64.0,3,7,73,98.7,12.3,9,8.2,1,75,74,11
Dalvin Tomlinson,11810,DI,CLV,4,0,0,8,64.8,2,2,79,100.0,6.3,5,1,3.8,1,84,84,5,0,60.8,0,2,33,100.0,6.1,2,3.0,0,35,35,2
Zach Cunningham,11812,LB,PHI,5,0,0,24,54.1,1,3,18,9.8,5.6,1,1,11.1,0,204,20,4,0,62.1,1,2,10,8.9,10.0,1,15.0,0,112,10,3
Tanoh Kpassagnon,11814,ED,NO,5,0,0,20,77.5,2,11,71,100.0,18.3,13,0,10.6,1,76,76,14,0,81.3,1,6,38,100.0,28.9,11,11.8,1,41,41,8
Larry Ogunjobi,11820,DI,PIT,5,0,0,25,55.6,1,10,138,100.0,8.0,11,0,4.7,1,144,144,12,0,58.7,1,9,74,100.0,12.2,9,8.1,1,77,77,11
Duke Riley,11830,LB,MIA,4,0,0,17,52.9,0,0,3,15.8,0.0,0,0,0.0,0,19,3,0,0,54.6,0,0,2,18.2,0.0,0,0.0,0,11,2,0
Alex Anzalone,11831,LB,DET,5,0,0,11,67.6,3,2,13,6.0,7.7,1,2,26.9,1,232,14,6,0,72.1,2,0,12,9.9,8.3,1,16.7,1,131,13,3
Fabian Moreau,11836,S,DEN,4,0,0,10,60.0,0,0,1,3.6,0.0,0,2,0.0,0,28,1,0,0,60.0,0,0,1,4.8,0.0,0,0.0,0,21,1,0
Montravius Adams,11848,DI,PIT,5,0,0,25,53.9,0,6,134,100.0,5.2,7,0,2.2,0,142,142,6,0,56.1,0,5,70,100.0,8.6,6,3.6,0,75,75,5
Cameron Sutton,11850,CB,DET,5,0,0,11,60.0,0,0,1,0.4,0.0,0,1,0.0,0,239,1,0,0,,0,0,0,0.0,,0,,0,134,0,0
Trey Hendrickson,11858,ED,CIN,5,1,0,7,91.3,2,13,122,93.6,23.0,28,1,11.9,7,140,131,22,0,90.0,1,6,51,93.7,27.5,14,14.7,4,63,59,11
Jaleel Johnson,11864,DI,TEN,2,0,0,31,67.9,0,0,4,100.0,25.0,1,0,0.0,0,4,4,0,0,,0,0,0,,,0,,0,0,0,0
Eddie Jackson,11867,S,CHI,2,0,0,6,60.0,0,0,1,2.7,0.0,0,0,0.0,0,37,1,0,0,,0,0,0,0.0,,0,,0,17,0,0
Rayshawn Jenkins,11868,S,JAX,5,0,1,15,50.1,0,0,9,4.2,0.0,0,1,0.0,0,212,9,0,0,60.0,0,0,1,1.1,0.0,0,0.0,0,91,1,0
Carl Lawson,11871,ED,NYJ,3,0,0,22,51.8,0,1,27,100.0,3.7,1,0,1.9,0,28,28,1,0,55.9,0,1,10,100.0,10.0,1,5.0,0,11,11,1
Samson Ebukam,11880,ED,IND,5,0,0,14,71.9,3,9,149,98.7,12.1,18,0,6.0,3,156,154,15,0,66.1,2,5,74,100.0,14.9,11,7.4,2,77,77,9
Deatrich Wise Jr.,11886,ED,NE,5,0,0,19,57.2,1,11,123,100.0,7.3,9,2,5.7,1,131,131,13,0,64.3,0,7,50,100.0,12.0,6,9.0,1,54,54,8
Carlos Watkins,11897,DI,ARZ,2,1,0,1,61.4,0,0,22,100.0,0.0,0,0,4.5,1,25,25,1,0,60.1,0,0,9,100.0,0.0,0,11.1,1,11,11,1
Grover Stewart,11899,DI,IND,5,0,0,14,65.4,4,3,102,98.2,7.8,8,1,3.4,0,109,107,7,0,69.1,0,3,35,100.0,17.1,6,4.3,0,37,37,3
Anthony Walker Jr.,11916,LB,CLV,4,0,0,8,63.0,2,1,12,15.9,16.7,2,0,12.5,0,88,14,3,0,52.1,0,0,4,12.1,0.0,0,0.0,0,33,4,0
Matt Milano,11918,LB,BUF,5,0,0,4,59.5,1,1,12,10.3,0.0,0,1,8.3,0,136,14,2,0,57.7,0,1,6,10.6,0.0,0,8.3,0,66,7,1
Davon Godchaux,11934,DI,NE,5,0,0,19,50.3,0,1,73,100.0,0.0,0,0,0.7,0,76,76,1,0,57.0,0,0,18,100.0,0.0,0,0.0,0,19,19,0
D.J. Jones,11953,DI,DEN,5,0,0,10,60.4,1,4,84,100.0,6.0,5,0,3.0,0,93,93,5,0,59.1,1,2,40,100.0,7.5,3,3.8,0,45,45,3
Jeremiah Ledbetter,11960,DI,JAX,5,0,2,15,53.7,2,1,82,100.0,1.2,1,2,1.8,0,84,84,3,0,61.8,2,1,33,100.0,3.0,1,4.5,0,33,33,3
Rudy Ford,11963,S,GB,5,0,0,12,58.0,0,0,2,1.0,0.0,0,2,0.0,0,195,2,0,0,59.1,0,0,1,1.2,0.0,0,0.0,0,86,1,0
Isaac Rochell,11980,ED,LV,5,0,0,23,43.0,0,2,19,86.4,0.0,0,0,5.3,0,22,19,2,0,53.8,0,1,4,80.0,0.0,0,12.5,0,5,4,1
Patrick O'Connor,12005,DI,TB,1,0,0,30,60.0,0,0,1,100.0,0.0,0,0,0.0,0,1,1,0,0,60.0,0,0,1,100.0,0.0,0,0.0,0,1,1,0
Josh Tupou,12093,DI,CIN,4,0,0,7,62.6,1,2,34,100.0,8.8,3,0,4.4,0,35,35,3,0,69.4,1,1,9,100.0,22.2,2,11.1,0,9,9,2
Adam Butler,12214,DI,LV,5,0,0,23,56.9,1,2,89,95.1,4.5,4,0,1.7,0,102,97,3,0,50.5,0,0,47,96.4,2.1,1,0.0,0,55,53,0
Arthur Maulet,12224,CB,BLT,3,0,0,3,74.6,0,0,2,4.0,0.0,0,0,50.0,1,50,2,1,0,74.6,0,0,2,6.3,0.0,0,50.0,1,32,2,1
Sione Takitaki,12666,LB,CLV,4,0,0,8,51.6,0,1,7,11.3,0.0,0,0,21.4,1,62,7,2,0,53.9,0,1,2,6.3,0.0,0,75.0,1,32,2,2
Jonathan Ledbetter,18645,DI,ARZ,3,0,0,1,70.7,0,7,74,100.0,13.5,10,1,6.1,1,80,80,8,0,75.6,0,3,23,100.0,26.1,6,6.5,0,23,23,3
Nathan Shepherd,24614,DI,NO,5,0,0,20,74.3,1,2,86,99.0,9.3,8,1,2.9,1,97,96,4,0,60.5,0,1,22,100.0,0.0,0,2.3,0,28,28,1
Foyesade Oluokun,24904,LB,JAX,5,0,1,15,73.9,2,3,25,12.6,16.0,4,1,10.0,0,214,27,5,0,83.7,1,2,8,9.8,25.0,2,18.8,0,92,9,3
Anfernee Jennings,25449,ED,NE,3,0,0,19,64.6,1,3,21,60.0,9.5,2,0,9.5,0,35,21,4,0,71.8,0,1,5,71.4,40.0,2,10.0,0,7,5,1
Sean Murphy-Bunting,25891,CB,TEN,5,0,0,31,58.7,0,1,1,0.5,0.0,0,2,50.0,0,190,1,1,0,,0,0,0,0.0,,0,,0,87,0,0
Clelin Ferrell,25955,ED,SF,5,0,0,28,59.5,3,2,109,100.0,9.2,10,0,2.3,0,111,111,5,0,63.3,2,2,55,100.0,12.7,7,3.6,0,57,57,4
Dexter Lawrence,25991,DI,NYG,5,0,0,21,88.8,5,13,114,99.2,19.3,22,0,7.9,0,125,124,18,0,86.0,2,6,35,100.0,28.6,10,11.4,0,40,40,8
Maxx Crosby,26316,ED,LV,5,0,0,23,90.4,2,27,170,100.0,20.0,34,2,11.5,5,182,182,34,0,91.8,0,18,68,100.0,26.5,18,19.1,4,76,76,22
Jeremiah Moon,26453,ED,BLT,2,0,0,3,53.6,0,1,39,93.0,7.7,3,0,1.3,0,43,40,1,0,60.2,0,1,18,95.0,16.7,3,2.8,0,20,19,1
D.J. Reed,26940,CB,NYJ,4,0,2,22,59.4,0,2,1,0.6,0.0,0,2,100.0,0,163,1,2,0,42.4,0,1,1,1.2,0.0,0,50.0,0,85,1,1
Bryce Huff,27128,ED,NYJ,5,0,0,22,76.2,8,17,81,94.6,18.5,15,1,16.7,1,92,87,26,0,76.0,8,10,57,100.0,21.1,12,17.5,1,62,62,19
Montez Sweat,27271,ED,WAS,5,1,0,32,69.2,4,9,143,96.2,11.2,16,1,8.7,6,159,153,19,1,71.2,4,8,76,96.5,14.5,11,11.8,3,85,82,15
Devin Bush,27375,LB,SEA,3,0,0,29,66.7,0,0,7,17.9,28.6,2,0,0.0,0,39,7,0,0,70.2,0,0,5,22.7,40.0,2,0.0,0,22,5,0
Josh Uche,27379,ED,NE,5,0,0,19,77.3,2,12,74,84.8,18.9,14,0,12.2,2,92,78,16,0,84.1,1,10,38,85.4,28.9,11,17.1,1,48,41,12
Armon Watts,27844,DI,PIT,4,0,0,25,59.3,1,5,45,100.0,11.1,5,0,6.7,0,51,51,6,0,66.9,1,5,20,100.0,25.0,5,15.0,0,24,24,6
Dre'Mont Jones,28075,DI,SEA,4,0,1,29,58.8,0,9,108,100.0,6.5,7,2,5.1,1,114,114,10,0,61.5,0,7,58,100.0,8.6,5,7.8,1,61,61,8
Malik Harrison,28081,LB,BLT,5,0,0,3,74.1,1,1,14,42.4,14.3,2,0,7.1,0,33,14,2,0,85.2,1,1,7,46.7,28.6,2,14.3,0,15,7,2
Jerome Baker,28091,LB,MIA,5,0,0,17,59.9,2,1,22,12.2,4.5,1,0,15.9,2,197,24,5,0,60.6,2,1,12,14.9,8.3,1,20.8,1,94,14,4
Neville Gallimore,28094,DI,DAL,5,0,0,9,59.4,0,4,52,98.3,3.8,2,0,3.8,0,60,59,4,0,57.5,0,3,19,100.0,0.0,0,7.9,0,25,25,3
Brenden Schooler,28253,S,NE,1,0,0,19,60.0,0,0,0,100.0,,0,0,,0,1,1,0,0,,0,0,0,,,0,,0,0,0,0
Kevin Givens,28308,DI,SF,5,0,0,28,76.3,1,7,80,100.0,16.3,13,0,6.3,1,83,83,9,0,78.1,1,6,48,100.0,20.8,10,9.4,1,50,50,8
Myles Adams,28430,DI,SEA,4,0,0,29,71.8,0,3,41,100.0,14.6,6,0,6.1,1,41,41,4,0,78.4,0,3,24,100.0,25.0,6,6.3,0,24,24,3
Bilal Nichols,28451,DI,LV,5,0,1,23,49.5,0,3,88,98.9,3.4,3,1,1.7,0,93,92,3,0,51.8,0,1,38,100.0,2.6,1,1.3,0,41,41,1
David Long Jr.,29367,LB,MIA,5,0,0,17,78.7,1,3,17,12.1,17.6,3,0,17.6,1,140,17,5,0,80.2,1,2,8,13.1,25.0,2,18.8,0,61,8,3
Germaine Pratt,29407,LB,CIN,5,0,0,7,53.6,0,2,17,11.7,5.9,1,1,11.8,1,163,19,3,0,39.9,0,0,4,10.0,0.0,0,0.0,0,60,6,0
Chris Board,29456,LB,NE,1,0,0,19,60.0,0,0,0,100.0,,0,0,,0,1,1,0,0,,0,0,0,,,0,,0,0,0,0
Logan Wilson,29623,LB,CIN,5,0,0,7,56.6,0,3,26,14.6,7.7,2,0,5.8,0,192,28,3,0,58.7,0,2,13,19.5,7.7,1,7.7,0,77,15,2
Andrew Van Ginkel,30267,ED,MIA,5,1,0,17,86.2,3,11,104,69.8,16.3,17,1,10.6,4,159,111,18,0,90.8,2,9,50,72.6,28.0,14,19.0,4,73,53,15
T.J. Edwards,30737,LB,CHI,5,0,0,6,41.7,1,1,11,5.5,0.0,0,0,18.2,1,201,11,3,0,50.5,1,1,6,6.4,0.0,0,33.3,1,94,6,3
Khalen Saunders,31534,DI,NO,5,0,0,20,66.6,1,2,77,100.0,6.5,5,0,1.9,0,81,81,3,0,75.3,1,2,20,100.0,15.0,3,7.5,0,22,22,3
Abdullah Anderson,32708,DI,WAS,5,0,0,32,61.5,0,4,29,97.0,10.3,3,0,10.3,1,33,32,5,0,62.6,0,3,14,100.0,14.3,2,17.9,1,16,16,4
Dane Jackson,32989,CB,BUF,4,0,1,4,60.0,0,0,1,1.0,0.0,0,1,0.0,0,97,1,0,0,,0,0,0,0.0,,0,,0,50,0,0
Cam Gill,33560,LB,TB,2,0,0,30,90.5,0,1,4,80.0,0.0,0,0,37.5,1,5,4,2,0,91.7,0,0,2,100.0,0.0,0,50.0,1,2,2,1
Eric Johnson,33698,DI,IND,5,0,0,14,65.8,1,0,31,100.0,6.5,2,0,1.6,0,33,33,1,0,73.6,1,0,10,100.0,10.0,1,5.0,0,11,11,1
Darnell Savage,34247,S,GB,5,0,0,12,52.2,0,1,4,2.3,0.0,0,0,12.5,0,173,4,1,0,55.2,0,0,2,2.6,0.0,0,0.0,0,77,2,0
Zack Baun,34632,LB,NO,5,0,0,20,61.3,0,1,14,43.8,14.3,2,0,3.6,0,32,14,1,0,61.3,0,1,6,50.0,16.7,1,8.3,0,12,6,1
Johnathan Abram,34646,S,NO,2,0,0,20,58.4,0,1,2,3.9,0.0,0,0,25.0,0,51,2,1,0,,0,0,0,0.0,,0,,0,28,0,0
Akeem Davis-Gaither,34788,LB,CIN,3,0,0,7,67.4,0,0,3,30.0,33.3,1,0,0.0,0,10,3,0,0,66.9,0,0,1,33.3,100.0,1,0.0,0,3,1,0
Jamel Dean,34918,CB,TB,3,0,1,30,53.0,0,0,3,2.8,0.0,0,2,0.0,0,108,3,0,0,59.0,0,0,1,2.0,0.0,0,0.0,0,49,1,0
Trevis Gipson,35241,ED,TEN,3,0,0,31,92.4,0,2,13,100.0,23.1,3,0,15.4,1,14,14,3,0,94.9,0,0,4,100.0,25.0,1,25.0,1,4,4,1
Blake Cashman,35413,LB,HST,3,0,0,13,78.0,1,0,3,3.9,33.3,1,0,16.7,0,77,3,1,0,,0,0,0,0.0,,0,,0,31,0,0
Darrell Taylor,36001,ED,SEA,4,0,0,29,52.1,0,4,80,93.3,6.3,5,1,2.5,0,90,84,4,0,54.0,0,3,35,90.2,8.6,3,4.3,0,41,37,3
Austin Bryant,36248,ED,SF,2,0,0,28,66.3,0,3,22,100.0,18.2,4,0,6.8,0,23,23,3,0,64.3,0,3,16,100.0,18.8,3,9.4,0,17,17,3
Albert Huggins,36862,DI,ATL,3,0,0,2,51.2,0,0,19,95.7,0.0,0,0,0.0,0,23,22,0,0,53.6,0,0,8,100.0,0.0,0,0.0,0,9,9,0
Shy Tuttle,37279,DI,CAR,5,1,1,5,53.9,0,0,73,100.0,0.0,0,1,1.4,1,79,79,1,1,67.7,0,0,11,100.0,0.0,0,9.1,1,12,12,1
Camryn Bynum,38408,S,MIN,5,0,0,18,58.2,0,0,3,1.4,0.0,0,0,0.0,0,209,3,0,0,,0,0,0,0.0,,0,,0,70,0,0
Cameron Goode,38410,ED,MIA,2,0,0,17,60.3,0,0,6,70.0,0.0,0,0,0.0,0,10,7,0,0,65.1,0,0,3,57.1,0.0,0,0.0,0,7,4,0
Casey Toohill,38472,ED,WAS,5,0,0,32,59.8,0,0,31,94.6,3.2,1,0,3.2,1,37,35,1,0,63.1,0,0,15,94.7,0.0,0,6.7,1,19,18,1
Folorunso Fatukasi,38558,DI,JAX,5,0,0,15,53.7,1,3,73,100.0,2.7,2,0,2.7,0,77,77,4,0,66.9,1,1,15,100.0,13.3,2,6.7,0,17,17,2
Maurice Hurst,38563,DI,CLV,4,2,0,8,79.1,1,4,45,100.0,15.6,7,0,7.8,1,47,47,6,1,81.0,1,2,22,100.0,18.2,4,11.4,1,23,23,4
Eric Wilson,38587,LB,GB,4,0,0,12,59.8,1,2,8,17.0,0.0,0,0,18.8,0,47,8,3,0,62.6,1,1,6,23.1,0.0,0,16.7,0,26,6,2
Tershawn Wharton,40292,DI,KC,6,0,0,16,49.9,0,2,96,99.0,2.1,2,1,1.0,0,100,99,2,0,51.0,0,0,33,100.0,3.0,1,0.0,0,34,34,0
L'Jarius Sneed,40588,CB,KC,6,0,2,16,79.3,3,1,8,3.3,0.0,0,5,25.0,0,240,8,4,0,75.3,1,0,3,3.3,0.0,0,16.7,0,90,3,1
Alohi Gilman,41662,S,LAC,3,0,0,27,60.0,0,0,1,0.7,0.0,0,0,0.0,0,136,1,0,0,,0,0,0,0.0,,0,,0,56,0,0
Ed Oliver,42200,DI,BUF,5,0,0,4,69.9,4,7,122,100.0,11.5,14,2,8.6,5,135,135,16,0,78.2,4,5,65,100.0,16.9,11,13.1,4,72,72,13
Divine Deablo,42208,LB,LV,5,0,0,23,61.5,0,4,19,13.3,21.1,4,1,15.8,1,158,21,5,0,57.2,0,4,8,15.6,37.5,3,25.0,0,64,10,4
Isaiah Simmons,42451,LB,NYG,5,0,0,21,48.4,0,1,16,21.8,6.3,1,0,3.1,0,87,19,1,0,51.4,0,0,10,38.7,10.0,1,0.0,0,31,12,0
K'Von Wallace,42467,S,ARZ,5,0,0,1,57.5,0,3,9,4.2,0.0,0,0,16.7,0,214,9,3,0,50.8,0,2,4,5.1,0.0,0,25.0,0,78,4,2
Antoine Winfield Jr.,42475,S,TB,4,0,0,30,95.2,1,0,8,4.6,25.0,2,0,31.3,2,174,8,3,0,96.0,0,0,4,4.9,25.0,1,50.0,2,82,4,2
Rashad Weaver,42495,ED,TEN,5,0,0,31,56.8,0,0,32,97.1,6.3,2,0,0.0,0,35,34,0,0,60.4,0,0,7,100.0,14.3,1,0.0,0,7,7,0
Krys Barnes,42548,LB,ARZ,3,0,0,1,52.3,0,0,7,8.3,0.0,0,0,0.0,0,84,7,0,0,52.1,0,0,5,17.9,0.0,0,0.0,0,28,5,0
Chauncey Golston,42718,DI,DAL,5,0,0,9,85.4,0,6,54,98.3,22.2,12,0,7.4,1,60,59,7,0,88.9,0,3,27,100.0,25.9,7,9.3,1,30,30,4
Nick Bosa,42741,ED,SF,5,0,1,28,93.0,12,13,152,99.4,28.9,44,1,9.5,2,160,159,27,0,92.4,7,9,74,100.0,33.8,25,10.8,0,78,78,16
Osa Odighizuwa,42754,DI,DAL,5,0,1,9,79.4,2,7,81,98.9,16.0,13,1,9.3,3,89,88,12,0,87.5,1,4,38,100.0,28.9,11,14.5,3,44,44,8
Kristian Fulton,42894,CB,TEN,4,0,0,31,60.0,0,0,0,0.8,,0,4,,0,125,1,0,0,,0,0,0,0.0,,0,,0,50,0,0
Rashan Gary,42905,ED,GB,5,0,0,12,85.0,2,13,76,100.0,28.9,22,0,16.4,5,78,78,20,0,89.9,2,10,43,100.0,39.5,17,23.3,4,45,45,16
Jonathon Cooper,43021,ED,DEN,6,1,0,10,77.7,3,10,129,80.8,12.4,16,2,8.1,4,172,139,17,1,83.6,2,6,68,86.0,17.6,12,11.8,4,86,74,12
Charvarius Ward,43034,CB,SF,5,0,0,28,39.4,0,1,1,0.5,0.0,0,2,50.0,0,206,1,1,0,,0,0,0,0.0,,0,,0,106,0,0
Devin White,43089,LB,TB,4,0,0,30,49.3,1,4,30,18.1,6.7,2,0,8.3,0,171,31,5,0,55.0,1,3,16,19.8,12.5,2,12.5,0,81,16,4
Jeremy Chinn,43179,S,CAR,5,0,0,5,62.2,0,0,8,10.1,0.0,0,0,12.5,1,89,9,1,0,59.0,0,0,1,3.8,0.0,0,0.0,0,26,1,0
Richie Grant,43196,S,ATL,5,0,0,2,73.3,3,1,10,5.4,0.0,0,0,20.0,0,186,10,4,0,69.5,2,1,8,8.4,0.0,0,18.8,0,95,8,3
Joe Bachie,43250,ED,CIN,2,0,0,7,59.6,0,0,2,100.0,0.0,0,0,0.0,0,2,2,0,0,,0,0,0,,,0,,0,0,0,0
Myles Bryant,43336,CB,NE,5,0,0,19,72.1,0,0,3,2.4,0.0,0,2,33.3,1,170,4,1,0,77.0,0,0,2,3.1,0.0,0,50.0,1,65,2,1
Josh Metellus,43395,S,MIN,5,0,1,18,68.7,2,4,35,19.5,20.0,7,1,8.6,0,185,36,6,0,70.5,0,3,11,19.0,36.4,4,13.6,0,63,12,3
Nick Niemann,43500,LB,LAC,3,0,0,27,72.7,1,2,12,14.1,25.0,3,0,12.5,0,85,12,3,0,54.1,0,0,4,11.1,0.0,0,0.0,0,36,4,0
Alex Highsmith,43507,ED,PIT,5,0,0,25,85.9,6,15,152,85.6,13.8,21,0,8.2,2,187,160,23,0,82.7,3,12,75,81.6,20.0,15,11.3,1,98,80,16
Grayland Arnold,43528,CB,HST,5,0,0,13,73.8,0,1,3,3.3,0.0,0,0,16.7,0,92,3,1,0,73.8,0,1,2,4.3,0.0,0,25.0,0,47,2,1
Ben Stille,43555,DI,ARZ,2,0,0,1,55.9,0,1,33,100.0,3.0,1,1,1.5,0,34,34,1,0,62.1,0,1,7,100.0,14.3,1,7.1,0,8,8,1
Levi Onwuzurike,43679,DI,DET,4,0,0,11,56.6,0,3,32,97.3,6.3,2,0,4.7,0,37,36,3,0,60.3,0,3,18,100.0,11.1,2,8.3,0,20,20,3
Jeffery Simmons,43742,DI,TEN,5,0,2,31,81.2,2,16,161,98.3,16.8,27,3,7.5,3,177,174,21,0,87.3,2,12,77,100.0,24.7,19,13.0,3,83,83,17
Derrick Brown,43883,DI,CAR,5,1,1,5,69.9,3,5,137,100.0,9.5,13,2,3.6,1,147,147,9,1,67.6,0,2,42,100.0,11.9,5,4.8,1,45,45,3
Timmy Horne,43918,DI,ATL,2,0,0,2,53.3,0,1,15,100.0,6.7,1,0,3.3,0,16,16,1,0,55.9,0,0,4,100.0,0.0,0,0.0,0,4,4,0
Pat Jones II,43974,ED,MIN,5,0,0,18,42.6,2,6,99,87.3,3.0,3,1,4.0,0,118,103,8,0,44.7,2,3,35,90.2,8.6,3,7.1,0,41,37,5
Byron Murphy Jr.,44027,CB,MIN,5,0,1,18,49.0,0,2,6,2.9,0.0,0,2,16.7,0,204,6,2,0,51.6,0,1,4,5.9,0.0,0,12.5,0,68,4,1
Benito Jones,44035,DI,DET,5,0,0,11,53.1,1,3,99,99.1,3.0,3,0,3.0,1,107,106,5,0,53.3,1,2,42,100.0,4.8,2,3.6,0,47,47,3
Julian Okwara,44152,ED,DET,1,0,0,11,56.0,0,0,1,100.0,0.0,0,0,0.0,0,2,2,0,0,56.0,0,0,1,100.0,0.0,0,0.0,0,2,2,0
Quinnen Williams,44216,DI,NYJ,5,1,0,22,74.8,4,16,142,99.3,18.3,26,1,7.0,0,152,151,20,0,72.4,4,13,79,100.0,21.5,17,10.8,0,85,85,17
Justin Madubuike,44304,DI,BLT,5,0,0,3,60.8,0,10,152,95.8,9.2,14,4,5.3,3,167,160,13,0,64.8,0,10,77,94.2,16.9,13,9.1,2,86,81,12
Boogie Basham,44320,ED,NYG,4,0,0,21,53.6,0,0,25,100.0,4.0,1,0,0.0,0,26,26,0,0,56.9,0,0,2,100.0,0.0,0,0.0,0,2,2,0
Naquan Jones,44363,DI,TEN,5,0,0,31,51.4,0,1,22,100.0,0.0,0,0,2.3,0,23,23,1,0,55.3,0,0,5,100.0,0.0,0,0.0,0,5,5,0
Isaiahh Loudermilk,44416,DI,PIT,5,1,0,25,53.1,0,2,34,100.0,2.9,1,0,2.9,0,35,35,2,1,55.1,0,2,19,100.0,5.3,1,5.3,0,19,19,2
Elijah Riley,44440,S,PIT,1,0,0,25,73.9,0,1,1,14.3,0.0,0,0,150.0,1,7,1,2,0,73.9,0,1,1,16.7,0.0,0,150.0,1,6,1,2
Kyzir White,44485,LB,ARZ,5,0,0,1,55.0,0,2,15,7.2,6.7,1,3,13.3,1,221,16,3,0,48.5,0,1,7,10.1,14.3,1,7.1,0,79,8,1
Elijah Garcia,44498,DI,DEN,3,0,0,10,67.7,0,1,14,100.0,7.1,1,0,10.7,1,14,14,2,0,72.0,0,1,7,100.0,14.3,1,21.4,1,7,7,2
Brian Burns,44522,ED,CAR,5,0,0,5,77.2,4,4,108,82.6,14.8,16,1,8.3,5,138,114,13,0,84.9,2,3,35,88.4,22.9,8,12.9,2,43,38,7
Ross Blacklock,44526,DI,JAX,1,0,0,15,53.6,0,0,5,100.0,0.0,0,0,0.0,0,5,5,0,0,53.6,0,0,5,100.0,0.0,0,0.0,0,5,5,0
D.J. Wonnum,44550,ED,MIN,5,1,0,18,49.9,3,4,138,90.4,3.6,5,0,3.3,1,156,141,8,0,49.1,2,1,40,87.5,2.5,1,6.3,1,48,42,4
Raekwon Davis,44582,DI,MIA,5,0,0,17,54.5,0,7,91,100.0,6.6,6,0,3.8,0,95,95,7,0,56.6,0,5,40,100.0,10.0,4,6.3,0,41,41,5
Jonah Williams,44597,DI,LA,5,1,0,26,49.7,0,3,79,100.0,3.8,3,1,1.9,0,85,85,3,0,47.8,0,0,19,100.0,0.0,0,0.0,0,21,21,0
Leki Fotu,44614,DI,ARZ,4,0,0,1,50.8,0,0,67,100.0,1.5,1,0,1.5,1,73,73,1,0,50.6,0,0,18,100.0,0.0,0,0.0,0,21,21,0
Luke Masterson,45046,LB,LV,5,0,0,23,57.3,0,0,2,11.1,0.0,0,0,0.0,0,18,2,0,0,,0,0,0,0.0,,0,,0,5,0,0
Essang Bassey,45258,CB,DEN,4,0,0,10,53.5,1,0,3,3.3,0.0,0,1,16.7,0,91,3,1,0,59.0,1,0,1,2.1,0.0,0,50.0,0,48,1,1
Eric Banks,45507,DI,ARZ,2,0,0,1,55.3,0,0,21,100.0,4.8,1,0,0.0,0,23,23,0,0,61.5,0,0,7,100.0,14.3,1,0.0,0,8,8,0
Da'Shawn Hand,48386,DI,MIA,4,1,0,17,74.9,2,1,41,100.0,9.8,4,0,3.7,0,42,42,3,1,85.8,2,1,19,100.0,15.8,3,7.9,0,20,20,3
Kentavius Street,48404,DI,PHI,5,0,0,24,51.8,0,0,24,100.0,0.0,0,1,0.0,0,27,27,0,0,55.0,0,0,11,100.0,0.0,0,0.0,0,13,13,0
Anthony Nelson,48405,ED,TB,4,0,0,30,65.8,2,2,47,75.4,10.6,5,0,6.4,1,65,49,5,0,69.2,1,2,17,76.0,17.6,3,8.8,0,25,19,3
Jonathan Greenard,48407,ED,HST,5,1,0,13,56.2,1,6,125,97.8,8.8,11,1,5.2,3,137,134,10,1,68.1,1,3,58,98.4,15.5,9,8.6,3,63,62,7
Mike Danna,48415,ED,KC,6,2,0,16,57.2,1,11,191,96.6,6.8,13,0,5.2,4,205,198,16,0,61.6,1,6,76,98.8,13.2,10,9.9,4,81,80,11
James Smith-Williams,48455,ED,WAS,5,0,1,32,53.0,2,4,62,95.7,8.1,5,1,6.5,1,69,66,7,0,63.2,1,3,25,96.4,16.0,4,12.0,1,28,27,5
Sam Hubbard,48457,ED,CIN,5,0,0,7,56.8,4,6,127,87.7,6.3,8,1,5.5,2,154,135,12,0,64.6,4,6,54,92.4,13.0,7,13.0,2,66,61,12
Tyquan Lewis,48475,ED,IND,5,2,1,14,65.2,3,7,74,100.0,12.2,9,2,6.8,0,78,78,10,1,62.7,3,2,36,100.0,11.1,4,6.9,0,38,38,5
Justin Hollins,48498,ED,GB,4,0,0,12,52.2,0,2,40,93.3,5.0,2,0,2.5,0,45,42,2,0,49.3,0,0,16,88.9,0.0,0,0.0,0,18,16,0
Carl Granderson,48500,ED,NO,5,0,0,20,71.3,4,9,147,95.8,12.2,18,0,7.1,4,167,160,17,0,79.5,3,5,68,100.0,14.7,10,11.8,4,75,75,12
Chase Winovich,48523,ED,MIA,1,0,0,17,56.2,0,0,2,100.0,0.0,0,0,0.0,0,2,2,0,0,56.2,0,0,2,100.0,0.0,0,0.0,0,2,2,0
Bradley Chubb,48526,ED,MIA,5,0,0,17,68.0,4,11,151,90.0,14.6,22,1,7.0,3,180,162,18,0,66.3,1,6,77,92.0,18.2,14,7.1,2,88,81,9
Oshane Ximines,48538,ED,NYG,2,0,1,21,61.6,1,1,16,58.6,12.5,2,1,6.3,0,29,17,2,0,66.7,1,0,5,50.0,20.0,1,10.0,0,12,6,1
Dorance Armstrong,48557,ED,DAL,5,0,0,9,75.3,0,9,57,95.5,15.8,9,0,11.4,2,66,63,11,0,71.9,0,6,33,97.4,18.2,6,12.1,1,39,38,7
Harold Landry III,48600,ED,TEN,5,0,0,31,50.3,1,3,115,86.6,5.2,6,0,2.6,1,142,123,5,0,52.7,1,3,66,93.5,7.6,5,3.0,0,77,72,4
Tyler Lancaster,48604,DI,DEN,1,0,0,10,54.6,0,0,8,88.9,0.0,0,0,0.0,0,9,8,0,0,56.2,0,0,3,100.0,0.0,0,0.0,0,3,3,0
Roy Lopez,48676,DI,ARZ,2,0,0,1,51.8,0,0,28,100.0,0.0,0,0,0.0,0,29,29,0,0,53.5,0,0,7,100.0,0.0,0,0.0,0,8,8,0
Harrison Phillips,48690,DI,MIN,5,1,0,18,56.8,1,6,136,94.6,5.9,8,1,3.3,1,147,139,8,0,51.9,1,5,40,97.6,7.5,3,7.5,0,42,41,6
Daron Payne,48698,DI,WAS,5,2,0,32,63.1,6,4,160,99.4,6.3,10,0,3.8,1,170,169,11,1,64.7,5,3,82,98.9,9.8,8,4.9,0,88,87,8
Greg Gaines,48706,DI,TB,4,0,0,30,62.7,3,3,69,98.6,8.7,6,2,4.3,0,71,70,6,0,59.5,2,2,24,100.0,8.3,2,8.3,0,24,24,4
Rasheem Green,48731,ED,CHI,5,0,0,6,54.1,0,4,73,98.7,6.8,5,0,4.1,1,77,76,5,0,54.0,0,1,32,97.2,6.3,2,4.7,1,36,35,2
Taven Bryan,48753,DI,IND,5,0,0,14,66.0,0,3,51,100.0,9.8,5,0,6.9,2,53,53,5,0,77.6,0,1,14,100.0,21.4,3,10.7,1,14,14,2
L.J. Collier,48822,DI,ARZ,1,0,0,1,43.0,0,1,23,100.0,0.0,0,0,2.2,0,26,26,1,0,51.8,0,0,12,100.0,0.0,0,0.0,0,12,12,0
Michael Dogbe,48850,DI,HST,1,0,0,13,54.5,0,0,8,100.0,0.0,0,0,0.0,0,8,8,0,0,55.3,0,0,5,100.0,0.0,0,0.0,0,5,5,0
Eli Ankou,48856,DI,ATL,1,0,0,2,67.8,0,0,5,100.0,20.0,1,0,0.0,0,5,5,0,0,57.8,0,0,2,100.0,0.0,0,0.0,0,2,2,0
Daniel Ekuale,48874,DI,NE,3,0,0,19,51.8,0,0,36,100.0,2.8,1,0,0.0,0,38,38,0,0,49.5,0,0,17,100.0,0.0,0,0.0,0,18,18,0
Poona Ford,48875,DI,BUF,2,0,0,4,51.9,0,0,15,100.0,0.0,0,0,0.0,0,16,16,0,0,52.9,0,0,7,100.0,0.0,0,0.0,0,8,8,0
Justin Jones,48940,DI,CHI,5,1,0,6,47.7,3,8,139,97.9,5.0,7,0,4.0,0,145,142,11,0,45.8,2,8,73,98.7,6.8,5,6.8,0,76,75,10
Vita Vea,48956,DI,TB,4,0,0,30,76.5,1,5,95,97.2,12.6,12,0,7.4,4,106,103,10,0,78.7,1,4,51,98.2,17.6,9,8.8,2,56,55,7
Tim Settle,48966,DI,BUF,5,0,0,4,48.3,0,1,59,98.4,3.4,2,0,0.8,0,64,63,1,0,51.3,0,0,27,100.0,3.7,1,0.0,0,28,28,0
Kevin Strong,48981,DI,ARZ,5,1,0,1,66.9,0,2,104,100.0,7.7,8,0,1.9,1,111,111,3,0,59.5,0,1,30,100.0,6.7,2,5.0,1,33,33,2
Khalil Davis,48988,DI,HST,3,0,0,13,59.1,1,3,41,100.0,4.9,2,1,4.9,0,43,43,4,0,68.5,1,3,14,100.0,14.3,2,14.3,0,14,14,4
Kendal Vickers,48993,DI,BUF,1,0,0,4,58.0,0,1,24,100.0,4.2,1,0,2.1,0,26,26,1,0,57.1,0,0,9,100.0,0.0,0,0.0,0,11,11,0
Nick Scott,49012,S,CIN,5,0,0,7,81.8,1,3,12,7.7,8.3,1,0,16.7,0,168,13,4,0,83.3,1,1,4,7.0,25.0,1,25.0,0,71,5,2
Josh Woods,49023,LB,ARZ,2,0,0,1,56.8,0,1,10,14.3,10.0,1,0,5.0,0,70,10,1,0,52.1,0,0,4,12.5,0.0,0,0.0,0,32,4,0
Justin Reid,49048,S,KC,6,1,0,16,77.2,2,1,16,7.1,12.5,2,2,15.6,1,239,17,4,1,78.8,2,0,11,13.3,18.2,2,9.1,0,90,12,2
Tre Flowers,49059,CB,ATL,3,0,0,2,54.3,0,0,2,2.0,0.0,0,2,0.0,0,98,2,0,0,54.3,0,0,2,3.5,0.0,0,0.0,0,57,2,0
Jalen Thompson,49116,S,ARZ,5,0,0,1,60.0,0,0,1,0.5,0.0,0,2,0.0,0,190,1,0,0,,0,0,0,0.0,,0,,0,69,0,0
Ryan Neal,49132,S,TB,4,0,0,30,50.6,0,1,10,7.8,0.0,0,0,5.0,0,129,10,1,0,53.4,0,0,3,5.3,0.0,0,0.0,0,57,3,0
Jessie Bates III,49162,S,ATL,5,0,0,2,84.0,1,0,2,1.6,0.0,0,1,25.0,0,182,3,1,0,65.6,1,0,1,1.1,0.0,0,50.0,0,91,1,1
Ezekiel Turner,49167,LB,ARZ,2,0,0,1,60.0,0,0,1,4.5,0.0,0,1,0.0,0,22,1,0,0,,0,0,0,0.0,,0,,0,8,0,0
Jordan Whitehead,49196,S,NYJ,5,0,0,22,59.1,0,0,1,0.5,0.0,0,0,0.0,0,207,1,0,0,,0,0,0,0.0,,0,,0,105,0,0
Andrew Wingard,49268,S,JAX,4,0,0,15,60.0,0,0,1,4.0,0.0,0,0,0.0,0,25,1,0,0,,0,0,0,0.0,,0,,0,4,0,0
Carlton Davis III,49335,CB,TB,2,0,0,30,60.0,0,0,1,1.1,0.0,0,0,0.0,0,95,1,0,0,,0,0,0,0.0,,0,,0,45,0,0
Chandon Sullivan,49349,CB,PIT,5,1,0,25,68.5,0,2,11,15.8,9.1,1,2,9.1,0,76,12,2,1,77.3,0,1,6,17.1,16.7,1,8.3,0,41,7,1
Jaire Alexander,49350,CB,GB,3,0,0,12,39.8,0,1,1,0.9,0.0,0,1,50.0,0,115,1,1,0,39.8,0,1,1,2.1,0.0,0,50.0,0,47,1,1
Greg Stroman Jr.,49354,CB,CHI,4,0,0,6,53.8,0,2,12,11.6,0.0,0,1,16.7,1,112,13,3,0,56.6,0,1,9,14.5,0.0,0,16.7,1,69,10,2
C.J. Gardner-Johnson,49371,S,DET,2,0,0,11,54.9,0,1,4,4.1,0.0,0,1,12.5,0,97,4,1,0,58.5,0,0,1,1.8,0.0,0,0.0,0,56,1,0
Jaylon Jones,49374,CB,CHI,3,0,0,6,72.4,1,1,2,5.0,0.0,0,1,50.0,0,40,2,2,0,71.7,1,0,1,3.8,0.0,0,50.0,0,26,1,1
M.J. Stewart,49397,S,HST,4,0,0,13,68.2,0,1,2,3.6,0.0,0,0,25.0,0,56,2,1,0,66.8,0,1,1,3.8,0.0,0,50.0,0,26,1,1
Donovan Wilson,49408,S,DAL,3,0,0,9,67.6,0,1,4,6.6,0.0,0,2,12.5,0,61,4,1,0,,0,0,0,0.0,,0,,0,22,0,0
Julian Blackmon,49434,S,IND,5,0,0,14,40.9,0,1,5,2.3,0.0,0,0,10.0,0,217,5,1,0,,0,0,0,0.0,,0,,0,96,0,0
Taron Johnson,49511,CB,BUF,5,0,0,4,76.3,1,0,7,4.8,14.3,1,1,7.1,0,168,8,1,0,89.9,1,0,3,3.6,33.3,1,16.7,0,83,3,1
Denzel Ward,49558,CB,CLV,4,0,0,8,60.0,0,0,1,0.8,0.0,0,2,0.0,0,123,1,0,0,,0,0,0,0.0,,0,,0,57,0,0
Matt Dickerson,49601,DI,KC,4,0,0,16,51.1,0,0,37,100.0,0.0,0,0,0.0,0,38,38,0,0,55.0,0,0,6,100.0,0.0,0,0.0,0,6,6,0
Zach Allen,49605,DI,DEN,6,0,0,10,68.8,4,9,191,100.0,11.5,22,2,5.0,3,207,207,16,0,66.8,3,6,95,100.0,15.8,15,4.7,0,103,103,9
Nick Thurman,49607,DI,CAR,5,0,0,5,52.0,0,1,34,100.0,0.0,0,1,1.5,0,38,38,1,0,60.3,0,0,9,100.0,0.0,0,0.0,0,11,11,0
Markus Bailey,49681,LB,CIN,2,0,0,7,60.0,0,0,1,33.3,0.0,0,0,0.0,0,3,1,0,0,,0,0,0,,,0,,0,0,0,0
Shaquille Leonard,49684,LB,IND,4,0,0,14,51.2,0,2,5,4.7,0.0,0,0,20.0,0,107,5,2,0,59.4,0,1,1,2.6,0.0,0,50.0,0,39,1,1
Cole Holcomb,49753,LB,PIT,5,0,0,25,70.8,1,2,16,9.0,18.8,3,1,9.4,0,188,17,3,0,69.1,1,1,5,5.9,20.0,1,20.0,0,101,6,2
Quincy Williams,49779,LB,NYJ,5,0,1,22,80.1,2,2,15,7.9,6.7,1,2,26.7,2,202,16,6,0,86.0,0,2,8,8.9,12.5,1,37.5,2,101,9,4
Azeez Al-Shaair,49792,LB,TEN,5,0,0,31,52.5,2,2,15,8.9,0.0,0,2,20.0,1,192,17,5,0,39.8,0,1,4,5.8,0.0,0,12.5,0,86,5,1
Zaire Franklin,49834,LB,IND,5,0,0,14,62.5,0,2,20,9.4,5.0,1,0,15.0,2,212,20,4,0,68.1,0,2,13,14.1,7.7,1,23.1,2,92,13,4
Christian Rozeboom,49862,LB,LA,5,0,0,26,63.2,0,1,11,10.2,9.1,1,0,4.5,0,118,12,1,0,66.5,0,1,8,18.0,12.5,1,6.3,0,50,9,1
B.J. Hill,49894,DI,CIN,5,0,0,7,63.2,3,9,133,98.6,7.5,10,0,6.0,2,144,142,14,0,67.9,1,6,50,96.7,12.0,6,9.0,1,60,58,8
Sebastian Joseph-Day,49935,DI,LAC,4,0,0,27,65.5,2,4,98,99.0,10.2,10,1,4.1,1,104,103,7,0,66.1,0,4,44,100.0,18.2,8,4.5,0,49,49,4
Jerry Tillery,49949,DI,LV,5,0,0,23,59.0,1,2,65,100.0,6.2,4,2,3.8,1,73,73,4,0,64.6,1,2,30,100.0,13.3,4,8.3,1,35,35,4
Derrick Nnadi,49970,DI,KC,6,1,0,16,53.0,0,2,86,95.7,1.2,1,2,1.2,0,93,89,2,0,51.1,0,0,19,91.3,0.0,0,0.0,0,23,21,0
Broderick Washington,50049,DI,BLT,5,0,0,3,57.7,1,3,76,100.0,6.6,5,0,3.9,1,79,79,5,0,57.9,1,2,41,100.0,7.3,3,6.1,1,43,43,4
Uchenna Nwosu,50084,ED,SEA,4,0,0,29,65.1,1,9,124,91.0,9.7,12,1,5.6,2,145,132,12,0,69.1,1,6,68,91.1,10.3,7,8.1,2,79,72,9
John Franklin-Myers,50088,ED,NYJ,5,0,0,22,71.8,6,15,116,100.0,16.4,19,1,9.9,1,123,123,22,0,67.7,4,12,67,100.0,16.4,11,13.4,1,72,72,17
Josh Sweat,50120,ED,PHI,5,1,0,24,74.4,6,12,168,97.7,12.5,21,1,7.1,3,176,172,21,0,78.5,4,10,97,100.0,16.5,16,10.3,3,99,99,17
Lorenzo Carter,50126,ED,ATL,5,0,0,2,53.1,1,3,56,98.4,3.6,2,0,5.4,1,62,61,5,0,61.6,1,2,25,96.3,8.0,2,10.0,1,27,26,4
Ogbo Okoronkwo,50130,ED,CLV,4,0,0,8,60.5,1,2,74,98.7,8.1,6,0,6.1,3,79,78,6,0,64.7,1,2,41,100.0,12.2,5,11.0,3,43,43,6
Jacob Martin,50152,ED,IND,5,0,0,14,75.2,1,4,29,100.0,20.7,6,0,12.1,1,30,30,6,0,72.3,0,1,5,100.0,20.0,1,30.0,1,5,5,2
Malcolm Roach,50191,DI,NO,5,1,0,20,60.2,1,0,61,98.5,1.6,1,0,0.8,0,68,67,1,1,62.0,0,0,26,100.0,3.8,1,0.0,0,29,29,0
Arden Key,50201,ED,TEN,5,0,1,31,65.1,2,10,122,97.1,12.3,15,3,7.4,3,136,132,15,0,64.4,1,7,61,98.5,14.8,9,9.8,2,67,66,10
Oren Burks,50203,LB,SF,5,0,0,28,58.8,0,0,1,2.3,0.0,0,0,0.0,0,43,1,0,0,,0,0,0,0.0,,0,,0,15,0,0
Josh Allen,50235,ED,JAX,5,0,0,15,81.3,6,7,140,89.8,14.3,20,1,8.9,6,167,150,19,0,90.2,4,5,63,92.1,22.2,14,15.1,5,76,70,14
Marcus Davenport,50291,ED,MIN,3,0,0,18,59.7,2,3,64,98.6,9.4,6,0,7.0,2,70,69,7,0,57.0,1,3,27,100.0,11.1,3,14.8,2,29,29,6
Christian Wilkins,50293,DI,MIA,5,2,0,17,83.1,5,10,139,100.0,14.4,20,1,6.8,2,150,150,17,0,80.9,3,9,63,100.0,17.5,11,12.7,2,67,67,14
Tre Herndon,50380,CB,JAX,5,1,0,15,90.4,2,2,11,7.1,0.0,0,0,18.2,0,154,11,4,0,89.0,2,2,6,7.5,0.0,0,33.3,0,80,6,4
Isaiah Oliver,50393,CB,SF,5,0,1,28,48.7,0,1,7,4.3,0.0,0,2,7.1,0,164,7,1,0,53.1,0,0,2,2.0,0.0,0,0.0,0,99,2,0
Juan Thornhill,50426,S,CLV,3,0,0,8,66.0,0,0,1,1.1,100.0,1,0,0.0,0,93,1,0,0,66.0,0,0,1,2.4,100.0,1,0.0,0,42,1,0
Michael Jackson,50437,CB,SEA,3,0,0,29,58.6,0,0,1,0.9,0.0,0,0,0.0,0,113,1,0,0,58.6,0,0,1,1.7,0.0,0,0.0,0,60,1,0
Parry Nickerson,50511,CB,MIA,1,0,0,17,57.9,0,0,2,15.4,0.0,0,1,0.0,0,13,2,0,0,60.0,0,0,1,9.1,0.0,0,0.0,0,11,1,0
Mike Ford,50535,CB,CLV,3,0,0,8,59.3,0,0,1,25.0,0.0,0,0,0.0,0,4,1,0,0,,0,0,0,,,0,,0,0,0,0
Josey Jewell,50720,LB,DEN,5,0,0,10,60.7,0,0,10,8.9,10.0,1,0,0.0,0,146,13,0,0,51.5,0,0,4,9.0,0.0,0,0.0,0,67,6,0
Cody Barton,50727,LB,WAS,5,0,0,32,63.8,2,3,12,6.0,8.3,1,0,20.8,0,199,12,5,0,71.1,2,3,6,5.9,16.7,1,41.7,0,102,6,5
Jordyn Brooks,50851,LB,SEA,4,0,0,29,77.1,0,3,15,10.6,13.3,2,0,30.0,3,141,15,6,0,71.0,0,0,7,10.1,14.3,1,28.6,2,69,7,2
Roquan Smith,50892,LB,BLT,5,1,0,3,60.6,1,3,40,18.5,7.5,3,0,10.0,2,233,43,6,0,63.6,1,2,19,17.6,10.5,2,13.2,1,119,21,4
Tremaine Edmunds,50905,LB,CHI,5,0,1,6,38.1,0,2,14,7.7,0.0,0,1,7.1,0,196,15,2,0,37.6,0,2,9,11.1,0.0,0,11.1,0,90,10,2
Robert Spillane,50918,LB,LV,5,0,0,23,68.8,1,6,20,11.4,20.0,4,1,22.5,1,184,21,8,0,63.6,0,6,15,21.1,26.7,4,20.0,0,76,16,6
Leighton Vander Esch,50950,LB,DAL,5,0,0,9,51.0,1,2,27,18.9,0.0,0,0,5.6,0,164,31,3,0,54.4,1,1,14,19.0,0.0,0,7.1,0,84,16,2
Bobby Okereke,50954,LB,NYG,5,1,0,21,69.8,1,3,21,14.9,9.5,2,2,9.5,0,168,25,4,0,52.7,1,0,9,26.7,0.0,0,5.6,0,45,12,1
Ja'Whaun Bentley,50966,LB,NE,5,1,0,19,60.5,2,2,33,18.1,3.0,1,0,9.1,1,182,33,5,0,61.6,2,2,19,27.1,5.3,1,15.8,1,70,19,5
Frankie Luvu,51028,LB,CAR,5,0,0,5,91.3,1,3,29,20.4,31.0,9,0,20.7,4,147,30,8,0,83.7,0,1,9,22.2,22.2,2,38.9,3,45,10,4
Tyrel Dodson,51045,LB,BUF,3,0,0,4,80.3,1,1,4,9.5,25.0,1,0,25.0,0,42,4,2,0,74.0,0,1,2,8.0,50.0,1,25.0,0,25,2,1
Jahlani Tavai,51055,LB,NE,5,0,0,19,58.2,1,4,23,26.6,4.3,1,0,15.2,1,94,25,6,0,51.4,1,2,5,19.2,0.0,0,30.0,0,26,5,3
Julian Love,51081,S,SEA,4,0,0,29,90.1,1,0,1,0.5,0.0,0,1,50.0,0,187,1,1,0,67.7,1,0,0,0.0,,0,,0,95,0,1
Andre Chachere,51194,S,ARZ,5,0,0,1,52.3,0,0,5,3.4,0.0,0,0,0.0,0,149,5,0,0,56.3,0,0,2,3.6,0.0,0,0.0,0,55,2,0
Minkah Fitzpatrick,51206,S,PIT,5,0,0,25,56.1,0,1,10,5.6,0.0,0,3,5.0,0,197,11,1,0,60.8,0,1,5,5.7,0.0,0,10.0,0,106,6,1
Fred Warner,51222,LB,SF,5,0,0,28,63.2,0,2,24,11.5,4.2,1,0,12.5,2,218,25,4,0,63.5,0,0,16,14.4,0.0,0,12.5,2,118,17,2
Tracy Walker III,51266,S,DET,4,0,1,11,67.3,0,1,1,0.7,0.0,0,1,50.0,0,147,1,1,0,,0,0,0,0.0,,0,,0,80,0,0
Drue Tranquill,51276,LB,KC,6,0,0,16,79.0,1,4,25,16.4,16.0,4,0,18.0,2,159,26,7,0,70.9,1,2,10,16.7,20.0,2,25.0,1,60,10,4
Mike Edwards,51282,S,KC,6,0,0,16,69.7,1,0,4,4.7,0.0,0,1,37.5,1,128,6,2,0,50.8,1,0,3,5.8,0.0,0,16.7,0,69,4,1
Will Harris,51336,CB,DET,4,0,0,11,50.6,1,1,3,6.3,0.0,0,0,33.3,0,63,4,2,0,50.6,1,1,3,9.8,0.0,0,33.3,0,41,4,2
Derwin James Jr.,51368,S,LAC,3,1,0,27,57.4,0,1,12,10.4,0.0,0,2,4.2,0,115,12,1,0,51.6,0,0,5,11.1,0.0,0,0.0,0,45,5,0
Amani Hooker,51378,S,TEN,4,0,0,31,51.0,0,1,3,2.1,0.0,0,0,16.7,0,144,3,1,0,52.6,0,1,1,1.6,0.0,0,50.0,0,64,1,1
Marcus Epps,51391,S,LV,5,0,0,23,60.0,0,0,0,0.6,,0,0,,0,180,1,0,0,,0,0,0,0.0,,0,,0,75,0,0
Kaden Elliss,51485,LB,ATL,5,0,0,2,67.9,1,3,32,17.7,15.6,5,0,9.4,1,186,33,5,0,73.6,1,2,20,21.1,20.0,4,12.5,1,95,20,4
Dre Greenlaw,51503,LB,SF,5,0,0,28,63.2,1,1,16,8.2,6.3,1,2,12.5,1,208,17,3,0,75.7,1,1,5,5.5,20.0,1,40.0,1,110,6,3
Kenny Moore II,51596,CB,IND,5,0,0,14,54.6,0,1,11,5.6,0.0,0,4,4.5,0,216,12,1,0,63.7,0,1,4,5.2,0.0,0,12.5,0,96,5,1
Nicholas Morrow,51674,LB,PHI,4,0,0,24,88.7,1,2,14,8.0,28.6,4,1,32.1,3,174,14,6,0,90.1,0,1,7,8.1,42.9,3,50.0,3,86,7,4
Khyiris Tonga,52000,DI,MIN,2,0,0,18,54.6,0,0,8,100.0,0.0,0,0,0.0,0,8,8,0,0,60.0,0,0,1,100.0,0.0,0,0.0,0,1,1,0
Paulson Adebo,52280,CB,NO,3,0,0,20,56.8,0,0,1,0.8,0.0,0,4,0.0,0,120,1,0,0,,0,0,0,0.0,,0,,0,62,0,0
Ivan Pace Jr.,53587,LB,MIN,5,0,0,18,87.5,3,3,43,37.2,27.9,12,0,9.3,1,121,45,7,0,66.1,2,0,13,42.9,23.1,3,7.7,0,35,15,2
Benton Whitley,54444,ED,MIN,1,0,0,18,39.8,0,1,1,100.0,0.0,0,0,50.0,0,1,1,1,0,39.8,0,1,1,100.0,0.0,0,50.0,0,1,1,1
Malcolm Koonce,55015,ED,LV,5,0,0,23,73.3,2,9,62,100.0,22.6,14,0,8.9,0,66,66,11,0,84.9,2,8,28,100.0,39.3,11,17.9,0,31,31,10
Darrick Forrest,55087,S,WAS,5,0,0,32,51.5,0,0,5,2.5,0.0,0,0,0.0,0,198,5,0,0,51.5,0,0,5,4.9,0.0,0,0.0,0,102,5,0
Coby Bryant,55088,S,SEA,2,0,0,29,78.9,1,1,6,8.7,16.7,1,0,16.7,0,69,6,2,0,,0,0,0,0.0,,0,,0,37,0,0
Boye Mafe,55220,ED,SEA,3,0,0,29,70.4,1,9,82,97.7,17.1,14,0,8.5,2,88,86,12,0,80.1,1,8,44,100.0,29.5,13,12.5,1,46,46,10
Ja'Sir Taylor,55426,CB,LAC,4,0,0,27,69.5,2,1,7,5.5,14.3,1,1,21.4,0,127,7,3,0,,0,0,0,0.0,,0,,0,70,0,0
Elijah Hicks,55584,S,CHI,5,0,0,6,67.4,0,1,1,0.6,0.0,0,0,50.0,0,172,1,1,0,,0,0,0,0.0,,0,,0,81,0,0
CJ Henderson,55593,CB,CAR,5,0,2,5,79.2,0,2,3,2.6,0.0,0,3,66.7,1,115,3,3,0,,0,0,0,0.0,,0,,0,34,0,0
Russ Yeast,55629,S,LA,5,0,0,26,58.3,0,0,1,0.5,0.0,0,1,0.0,0,195,1,0,0,58.3,0,0,1,1.1,0.0,0,0.0,0,90,1,0
Tre Brown,55677,CB,SEA,3,0,0,29,83.9,0,0,1,1.3,0.0,0,2,100.0,1,75,1,1,0,,0,0,0,0.0,,0,,0,37,0,0
Deommodore Lenoir,55686,CB,SF,5,0,0,28,72.8,0,0,2,1.0,50.0,1,3,0.0,0,208,2,0,0,60.0,0,0,1,0.9,100.0,1,0.0,0,108,1,0
Xavier McKinney,55775,S,NYG,5,1,0,21,65.0,0,1,8,6.5,0.0,0,1,6.3,0,168,11,1,0,58.3,0,0,1,2.2,0.0,0,0.0,0,45,1,0
Kamren Curl,55800,S,WAS,5,0,1,32,47.9,0,3,10,5.0,0.0,0,1,15.0,0,199,10,3,0,50.2,0,2,5,4.9,0.0,0,20.0,0,102,5,2
Grant Stuard,55933,LB,IND,3,0,0,14,53.1,1,1,4,30.8,0.0,0,0,25.0,0,13,4,2,0,54.6,0,1,2,100.0,0.0,0,25.0,0,2,2,1
Nate Hobbs,55948,CB,LV,3,0,0,23,39.7,0,1,7,7.3,0.0,0,2,7.1,0,110,8,1,0,39.3,0,1,1,2.0,0.0,0,50.0,0,49,1,1
Tony Adams,55953,S,NYJ,3,0,0,22,64.5,0,2,3,2.7,0.0,0,0,33.3,0,113,3,2,0,56.8,0,1,1,1.8,0.0,0,50.0,0,57,1,1
Raheem Layne,55960,S,LAC,2,0,0,27,60.0,0,0,1,2.0,0.0,0,1,0.0,0,51,1,0,0,,0,0,0,0.0,,0,,0,33,0,0
Geno Stone,55967,S,BLT,5,0,0,3,49.4,0,3,8,4.1,0.0,0,0,18.8,0,197,8,3,0,54.0,0,1,3,2.9,0.0,0,16.7,0,102,3,1
Markquese Bell,56033,LB,DAL,5,0,0,9,59.7,0,1,1,1.5,0.0,0,1,50.0,0,67,1,1,0,,0,1,0,0.0,,0,,0,36,0,1
Benjamin St-Juste,56061,CB,WAS,5,0,0,32,77.1,0,0,5,2.5,40.0,2,1,0.0,0,199,5,0,0,54.5,0,0,2,2.0,0.0,0,0.0,0,102,2,0
Reed Blankenship,56065,S,PHI,4,0,0,24,58.8,0,0,3,1.6,0.0,0,1,0.0,0,187,3,0,0,55.3,0,0,2,2.0,0.0,0,0.0,0,99,2,0
Nephi Sewell,56107,LB,NO,1,0,0,20,58.9,0,0,1,20.0,0.0,0,0,0.0,0,5,1,0,0,58.9,0,0,1,20.0,0.0,0,0.0,0,5,1,0
Damarri Mathis,56143,CB,DEN,6,0,2,10,53.4,0,0,3,1.3,0.0,0,4,0.0,0,237,3,0,0,54.9,0,0,2,1.7,0.0,0,0.0,0,116,2,0
Jason Pinnock,56144,S,NYG,5,0,0,21,69.8,1,1,11,7.8,9.1,1,0,9.1,0,167,13,2,0,69.6,1,0,4,11.1,25.0,1,12.5,0,45,5,1
Tre Avery,56146,CB,TEN,3,0,1,31,68.5,0,0,1,2.3,100.0,1,1,0.0,0,43,1,0,0,68.5,0,0,1,5.0,100.0,1,0.0,0,20,1,0
DaRon Bland,56158,CB,DAL,5,0,0,9,71.6,1,1,3,2.0,0.0,0,2,33.3,0,152,3,2,0,54.5,0,1,2,2.6,0.0,0,25.0,0,78,2,1
Marte Mapu,56159,S,NE,5,0,0,19,62.7,0,0,5,11.4,20.0,1,1,0.0,0,44,5,0,0,66.9,0,0,1,16.7,100.0,1,0.0,0,6,1,0
Keisean Nixon,56167,CB,GB,5,0,0,12,54.6,0,0,2,1.3,0.0,0,0,0.0,0,153,2,0,0,54.6,0,0,2,2.7,0.0,0,0.0,0,73,2,0
Ifeatu Melifonwu,56203,S,DET,2,0,0,11,59.1,0,0,1,1.3,0.0,0,0,0.0,0,78,1,0,0,59.1,0,0,1,2.3,0.0,0,0.0,0,44,1,0
Quentin Lake,56245,S,LA,5,0,0,26,51.1,0,1,6,12.5,0.0,0,1,8.3,0,48,6,1,0,51.5,0,1,5,15.2,0.0,0,10.0,0,33,5,1
Elijah Molden,56290,S,TEN,4,0,0,31,60.1,0,1,8,8.8,12.5,1,0,6.3,0,102,9,1,0,64.0,0,1,4,8.5,25.0,1,12.5,0,59,5,1
Chris Rumph II,56345,ED,LAC,2,0,0,27,67.9,0,1,23,88.9,8.7,2,0,2.2,0,27,24,1,0,72.2,0,1,16,94.4,12.5,2,3.1,0,18,17,1
Victor Dimukeje,56347,ED,ARZ,5,0,0,1,68.5,1,8,61,82.3,13.1,8,0,12.3,3,79,65,12,0,58.2,0,2,18,87.0,16.7,3,16.7,2,23,20,4
Zach Carter,56349,DI,CIN,5,1,0,7,61.3,0,4,71,100.0,5.6,4,1,2.8,0,75,75,4,0,53.8,0,1,21,100.0,9.5,2,2.4,0,24,24,1
A.J. Epenesa,56369,ED,BUF,5,5,1,4,72.4,0,8,81,96.6,6.2,5,2,8.6,3,89,86,11,1,86.3,0,4,32,94.6,12.5,4,12.5,2,37,35,6
Andre Jones Jr.,56395,ED,WAS,1,0,0,32,58.3,0,0,1,100.0,0.0,0,0,0.0,0,2,2,0,0,,0,0,0,,,0,,0,0,0,0
Neil Farrell Jr.,56401,DI,KC,2,0,0,16,53.6,0,0,14,100.0,0.0,0,0,0.0,0,15,15,0,0,55.7,0,0,4,100.0,0.0,0,0.0,0,4,4,0
Earnest Brown IV,56428,DI,LA,2,0,0,26,63.3,0,1,6,100.0,16.7,1,0,8.3,0,6,6,1,0,69.1,0,1,2,100.0,50.0,1,25.0,0,2,2,1
Chase Young,56436,ED,WAS,4,1,0,32,82.7,5,18,123,97.0,22.8,28,2,12.6,4,133,129,27,0,76.2,2,11,66,94.6,28.8,19,14.4,3,74,70,16
Yetur Gross-Matos,56444,ED,CAR,5,0,0,5,71.0,2,4,62,82.7,12.9,8,0,9.7,3,81,67,9,0,80.7,1,1,17,82.6,35.3,6,17.6,2,23,19,4
Cam Sample,56462,ED,CIN,5,0,0,7,66.6,0,7,59,93.8,11.9,7,0,7.6,1,65,61,8,0,58.1,0,4,25,96.4,12.0,3,8.0,0,28,27,4
Matt Henningsen,56484,DI,DEN,6,2,0,10,58.7,0,0,36,100.0,0.0,0,0,0.0,0,37,37,0,2,66.0,0,0,13,100.0,0.0,0,0.0,0,13,13,0
LaBryan Ray,56501,DI,CAR,4,0,0,5,53.8,0,1,23,100.0,4.3,1,0,2.2,0,25,25,1,0,61.4,0,1,6,100.0,16.7,1,8.3,0,7,7,1
Isaiah Buggs,56503,DI,DET,3,0,0,11,67.8,0,4,34,100.0,11.8,4,0,8.8,1,38,38,5,0,57.0,0,1,16,100.0,0.0,0,3.1,0,19,19,1
D.J. Davidson,56523,DI,NYG,4,3,0,21,77.0,0,1,28,100.0,3.6,1,0,5.4,1,30,30,2,1,82.0,0,0,4,100.0,0.0,0,25.0,1,4,4,1
T.J. Slaton,56597,DI,GB,5,1,1,12,61.0,1,4,79,100.0,5.1,4,1,3.2,0,86,86,5,1,68.5,0,2,22,100.0,9.1,2,4.5,0,25,25,2
Malik Herring,56616,ED,KC,6,0,0,16,53.5,0,1,54,96.7,3.7,2,0,2.8,1,60,58,2,0,49.2,0,0,15,100.0,0.0,0,0.0,0,16,16,0
Payton Turner,56624,ED,NO,1,0,0,20,55.7,0,1,3,100.0,0.0,0,0,16.7,0,3,3,1,0,56.2,0,1,2,100.0,0.0,0,25.0,0,2,2,1
Mike Greene,56664,DI,TB,4,0,0,30,64.1,0,3,62,98.5,4.8,3,1,2.4,0,66,65,3,0,73.4,0,3,24,96.3,8.3,2,6.3,0,27,26,3
Milton Williams,56682,DI,PHI,5,0,0,24,56.2,4,5,101,100.0,8.9,9,1,4.5,0,106,106,9,0,60.1,2,4,50,100.0,14.0,7,6.0,0,54,54,6
DJ Johnson,56704,ED,CAR,2,0,0,5,55.3,0,0,4,100.0,0.0,0,0,0.0,0,4,4,0,0,57.0,0,0,2,100.0,0.0,0,0.0,0,2,2,0
Kwity Paye,56713,ED,IND,4,0,0,14,63.6,1,6,112,97.5,12.5,14,0,5.8,3,119,116,10,0,63.1,1,2,57,100.0,12.3,7,6.1,2,59,59,5
Jordan Elliott,56734,DI,CLV,4,0,1,8,62.9,0,2,42,100.0,7.1,3,2,4.8,1,44,44,3,0,75.4,0,1,10,100.0,30.0,3,5.0,0,10,10,1
Jordon Riley,56759,DI,NYG,1,0,0,21,57.4,0,0,5,100.0,0.0,0,0,0.0,0,5,5,0,0,,0,0,0,,,0,,0,0,0,0
Kurt Hinish,56787,DI,HST,5,0,0,13,57.3,0,5,69,100.0,7.2,5,2,3.6,0,74,74,5,0,46.3,0,2,25,100.0,4.0,1,4.0,0,26,26,2
Javon Kinlaw,56834,DI,SF,5,1,0,28,79.4,0,12,91,100.0,15.4,14,0,6.6,0,96,96,12,1,84.3,0,12,55,100.0,23.6,13,10.9,0,59,59,12
Kingsley Jonathan,56856,ED,BUF,3,0,0,4,88.4,2,2,30,100.0,13.3,4,0,10.0,1,32,32,5,0,89.9,1,1,20,100.0,15.0,3,10.0,1,21,21,3
Arnold Ebiketie,56862,ED,ATL,5,0,0,2,65.8,2,3,42,66.7,9.5,4,0,6.0,0,72,48,5,0,65.9,2,3,25,84.4,12.0,3,10.0,0,32,27,5
Ta'Quon Graham,56868,DI,ATL,4,0,0,2,50.3,0,1,29,96.9,3.4,1,1,1.7,0,32,31,1,0,53.7,0,0,9,100.0,0.0,0,0.0,0,9,9,0
Micheal Clemons,56872,ED,NYJ,5,0,0,22,63.6,1,3,58,100.0,13.8,8,1,3.4,0,60,60,4,0,68.8,0,2,22,100.0,22.7,5,4.5,0,22,22,2
Jayden Peevy,56876,DI,TEN,1,0,0,31,55.3,0,0,3,100.0,0.0,0,0,0.0,0,4,4,0,0,57.2,0,0,2,100.0,0.0,0,0.0,0,2,2,0
Jaelan Phillips,56902,ED,MIA,2,0,0,17,59.1,1,6,54,92.2,9.3,5,0,8.3,1,64,59,8,0,64.3,1,4,26,87.1,15.4,4,13.5,1,31,27,6
Jay Tufele,56913,DI,CIN,2,0,0,7,57.4,0,0,5,100.0,0.0,0,0,0.0,0,6,6,0,0,57.9,0,0,2,100.0,0.0,0,0.0,0,2,2,0
Dayo Odeyingbo,56923,ED,IND,5,2,0,14,66.4,2,5,119,100.0,10.9,13,3,5.5,3,122,122,10,1,64.0,0,3,62,100.0,9.7,6,7.3,3,64,64,6
Larrell Murchison,57004,DI,LA,5,0,0,26,54.1,0,1,25,100.0,4.0,1,0,2.0,0,25,25,1,0,60.2,0,1,8,100.0,12.5,1,6.3,0,8,8,1
Marlon Tuipulotu,57035,DI,PHI,4,0,0,24,55.0,0,1,21,100.0,0.0,0,0,7.1,1,23,23,2,0,58.4,0,1,9,100.0,0.0,0,16.7,1,10,10,2
Brandon Pili,57036,DI,MIA,3,0,0,17,52.3,0,1,11,100.0,0.0,0,0,4.5,0,13,13,1,0,53.4,0,1,7,100.0,0.0,0,7.1,0,8,8,1
Troy Andersen,57317,LB,ATL,2,0,0,2,56.6,0,2,10,12.0,10.0,1,1,20.0,1,83,10,3,0,57.1,0,2,9,15.3,11.1,1,22.2,1,59,9,3
Jack Gibbens,57662,LB,TEN,5,1,0,31,74.6,1,2,10,8.2,0.0,0,0,15.0,0,122,10,3,0,52.4,0,1,4,10.5,0.0,0,12.5,0,38,4,1
Jon Rhattigan,57718,LB,SEA,1,0,0,29,59.3,0,0,1,20.0,0.0,0,0,0.0,0,5,1,0,0,59.3,0,0,1,33.3,0.0,0,0.0,0,3,1,0
Chandler Wooten,57726,LB,CAR,2,0,0,5,55.9,0,0,3,15.0,0.0,0,0,0.0,0,20,3,0,0,58.4,0,0,1,25.0,0.0,0,0.0,0,4,1,0
Jalen Pitre,57737,S,HST,3,0,1,13,70.7,1,1,6,6.6,0.0,0,2,16.7,0,91,6,2,0,59.1,0,0,1,2.4,0.0,0,0.0,0,42,1,0
Terrel Bernard,57739,LB,BUF,5,0,0,4,63.4,0,2,18,9.8,11.1,2,1,22.2,3,184,18,5,0,70.1,0,1,10,11.1,20.0,2,25.0,2,90,10,3
Isaiah McDuffie,57754,LB,GB,5,0,0,12,47.6,1,1,9,9.6,11.1,1,0,11.1,0,94,9,2,0,50.1,1,1,5,11.4,20.0,1,20.0,0,44,5,2
Nate Landman,57788,LB,ATL,3,0,0,2,54.2,1,0,10,12.2,0.0,0,0,5.0,0,90,11,1,0,58.0,1,0,8,25.8,0.0,0,6.3,0,31,8,1
James Houston,57810,ED,DET,2,0,1,11,64.7,1,1,13,60.9,23.1,3,1,7.7,0,23,14,2,0,65.2,1,1,11,75.0,27.3,3,9.1,0,16,12,2
Jamin Davis,57905,LB,WAS,5,0,0,32,71.7,1,0,15,13.1,0.0,0,2,10.0,1,130,17,2,0,59.3,1,0,4,10.5,0.0,0,12.5,0,57,6,1
Josh Paschal,57908,DI,DET,1,0,0,11,62.1,0,2,13,92.9,7.7,1,0,7.7,0,14,13,2,0,63.7,0,2,10,90.9,10.0,1,10.0,0,11,10,2
Patrick Queen,57941,LB,BLT,5,0,0,3,74.9,1,3,41,18.0,19.5,8,1,12.2,3,233,42,7,0,63.5,1,2,20,16.8,15.0,3,12.5,1,119,20,4
K'Lavon Chaisson,57945,ED,JAX,5,0,0,15,53.8,2,1,54,83.6,3.7,2,1,4.6,1,67,56,4,0,55.3,1,1,19,90.9,10.5,2,5.3,0,22,20,2
Willie Gay,57987,LB,KC,6,2,0,16,58.2,2,4,27,20.3,7.4,2,0,11.1,0,143,29,6,0,47.5,1,2,8,22.2,12.5,1,18.8,0,36,8,3
Jeremiah Owusu-Koramoah,58089,LB,CLV,4,0,0,8,48.6,0,1,13,14.4,0.0,0,0,3.8,0,90,13,1,0,50.7,0,0,6,14.6,0.0,0,0.0,0,41,6,0
Pete Werner,58093,LB,NO,5,0,0,20,52.3,0,1,29,16.3,3.4,1,0,5.2,1,196,32,2,0,56.5,0,0,15,20.7,6.7,1,6.7,1,82,17,1
Kenneth Murray Jr.,58099,LB,LAC,4,0,0,27,76.5,1,1,13,8.4,7.7,1,1,15.4,1,179,15,3,0,76.9,1,1,6,9.4,16.7,1,16.7,0,85,8,2
Derrick Barnes,58120,LB,DET,5,0,0,11,67.7,0,3,17,13.9,17.6,3,0,14.7,1,137,19,4,0,66.3,0,3,12,20.6,16.7,2,20.8,1,68,14,4
Devin Lloyd,58238,LB,JAX,3,0,0,15,58.8,0,1,15,12.9,13.3,2,1,3.3,0,116,15,1,0,63.4,0,0,4,8.5,25.0,1,0.0,0,47,4,0
Joe Tryon-Shoyinka,58272,ED,TB,4,0,0,30,64.7,2,6,77,77.1,10.4,8,0,7.8,2,105,81,10,0,69.9,2,5,48,89.5,16.7,8,11.5,2,57,51,9
Michael Carter II,60644,CB,NYJ,5,0,0,22,49.9,0,0,6,3.6,0.0,0,0,0.0,0,168,6,0,0,54.6,0,0,2,2.2,0.0,0,0.0,0,93,2,0
Grant Delpit,60685,S,CLV,4,0,0,8,63.6,1,1,8,7.0,0.0,0,0,12.5,0,129,9,2,0,56.8,0,1,1,3.4,0.0,0,50.0,0,58,2,1
Malcolm Rodriguez,60731,LB,DET,4,0,0,11,56.5,0,1,9,18.4,11.1,1,0,5.6,0,49,9,1,0,48.0,0,0,7,18.4,0.0,0,0.0,0,38,7,0
Keion White,60998,ED,NE,5,0,0,19,65.3,0,6,58,93.7,10.3,6,0,5.2,0,63,59,6,0,69.2,0,3,18,94.7,22.2,4,8.3,0,19,18,3
Dominique Robinson,61436,ED,CHI,5,1,0,6,52.5,0,4,68,93.6,1.5,1,2,4.4,1,78,73,5,0,46.0,0,2,33,90.2,0.0,0,3.0,0,41,37,2
Daiyan Henley,61500,LB,LAC,1,0,0,27,59.3,0,0,1,100.0,0.0,0,0,0.0,0,1,1,0,0,59.3,0,0,1,100.0,0.0,0,0.0,0,1,1,0
Tariq Woolen,61790,CB,SEA,3,0,0,29,56.1,0,0,2,2.0,0.0,0,0,0.0,0,99,2,0,0,60.0,0,0,1,2.3,0.0,0,0.0,0,44,1,0
Christian Elliss,61853,LB,PHI,3,0,0,24,53.4,0,1,4,11.1,0.0,0,0,12.5,0,36,4,1,0,56.5,0,0,2,10.0,0.0,0,0.0,0,20,2,0
Akayleb Evans,65033,CB,MIN,5,0,1,18,59.1,0,0,1,0.5,0.0,0,2,0.0,0,183,1,0,0,,0,0,0,0.0,,0,,0,65,0,0
John Ridgeway,66694,DI,WAS,5,0,0,32,47.6,0,2,45,100.0,2.2,1,0,2.2,0,46,46,2,0,48.1,0,1,15,100.0,6.7,1,3.3,0,15,15,1
Kobie Turner,66894,DI,LA,5,0,0,26,61.7,0,5,114,100.0,7.0,8,1,3.9,2,124,124,7,0,62.3,0,4,64,100.0,7.8,5,6.3,2,71,71,6
Zach Sieler,66917,DI,MIA,5,0,0,17,58.2,3,7,139,100.0,6.5,9,0,5.8,3,151,151,13,0,61.2,3,5,69,100.0,8.7,6,10.1,3,74,74,11
Dennis Gardeck,66928,ED,ARZ,5,0,0,1,77.4,2,3,77,74.5,14.3,11,0,8.4,4,110,82,9,0,84.7,0,3,37,85.4,21.6,8,14.9,4,48,41,7
Jonathan Owens,66930,S,GB,3,0,0,12,56.9,0,0,2,6.5,0.0,0,0,0.0,0,31,2,0,0,59.1,0,0,1,6.7,0.0,0,0.0,0,15,1,0
Tavierre Thomas,66931,CB,HST,2,0,0,13,50.3,0,0,2,5.7,0.0,0,0,0.0,0,53,3,0,0,59.5,0,0,0,3.6,,0,,0,28,1,0
Drake Jackson,70839,ED,SF,5,1,0,28,68.8,0,9,119,98.4,13.4,16,0,6.3,3,128,126,12,0,70.6,0,9,73,100.0,16.4,12,10.3,3,77,77,12
Trent McDuffie,72191,CB,KC,6,0,0,16,85.4,4,0,22,9.4,9.1,2,1,9.1,0,233,22,4,0,84.6,3,0,7,8.0,0.0,0,21.4,0,88,7,3
Chad Muma,75818,LB,JAX,4,1,0,15,54.4,0,3,11,14.8,0.0,0,1,13.6,0,88,13,3,0,50.2,0,1,4,13.2,0.0,0,12.5,0,38,5,1
Asante Samuel Jr.,76625,CB,LAC,4,0,0,27,59.1,0,0,1,0.6,0.0,0,1,0.0,0,177,1,0,0,,0,0,0,0.0,,0,,0,86,0,0
Andre Cisco,76641,S,JAX,5,0,0,15,54.1,0,0,4,2.0,0.0,0,1,0.0,0,202,4,0,0,56.4,0,0,2,2.2,0.0,0,0.0,0,89,2,0
Chamarri Conner,76662,CB,KC,6,0,0,16,51.8,0,0,7,25.9,0.0,0,0,0.0,0,27,7,0,0,57.9,0,0,1,14.3,0.0,0,0.0,0,7,1,0
D'Shawn Jamison,76791,CB,CAR,3,0,0,5,77.3,0,0,2,4.1,50.0,1,0,0.0,0,49,2,0,0,,0,0,0,0.0,,0,,0,13,0,0
Ronnie Perkins,76830,ED,DEN,2,0,0,10,54.5,0,2,14,68.2,0.0,0,1,7.1,0,22,15,2,0,58.0,0,1,5,66.7,0.0,0,10.0,0,9,6,1
Tyler Lacy,76836,DI,JAX,4,0,0,15,50.3,0,0,19,100.0,0.0,0,0,0.0,0,20,20,0,0,53.5,0,0,6,100.0,0.0,0,0.0,0,7,7,0
Ochaun Mathis,76838,ED,LA,1,0,0,26,59.7,0,2,7,100.0,14.3,1,0,14.3,0,7,7,2,0,61.6,0,2,4,100.0,25.0,1,25.0,0,4,4,2
Will McDonald IV,76842,ED,NYJ,4,0,0,22,59.0,0,1,31,100.0,9.7,3,0,1.6,0,33,33,1,0,63.9,0,1,12,100.0,25.0,3,4.2,0,14,14,1
Desjuan Johnson,76850,DI,LA,1,0,0,26,59.2,0,0,2,100.0,0.0,0,0,0.0,0,2,2,0,0,,0,0,0,,,0,,0,0,0,0
Nesta Jade Silvera,76888,DI,LV,1,0,0,23,56.8,0,0,3,100.0,0.0,0,0,0.0,0,3,3,0,0,60.0,0,0,1,100.0,0.0,0,0.0,0,1,1,0
Greg Rousseau,76889,ED,BUF,4,2,0,4,70.0,1,7,76,95.3,14.5,11,0,9.2,3,86,82,11,1,64.7,1,4,44,95.9,13.6,6,10.2,2,49,47,7
Travis Jones,76914,DI,BLT,5,0,0,3,56.9,0,3,60,97.0,5.0,3,1,2.5,0,66,64,3,0,58.2,0,3,29,97.0,10.3,3,5.2,0,33,32,3
Logan Hall,76919,DI,TB,4,0,0,30,65.5,2,3,105,100.0,6.7,7,0,2.4,0,111,111,5,0,69.2,2,2,48,100.0,8.3,4,4.2,0,50,50,4
Moro Ojomo,76927,DI,PHI,1,0,0,24,69.2,0,0,3,100.0,33.3,1,0,0.0,0,3,3,0,0,62.4,0,0,1,100.0,100.0,1,0.0,0,1,1,0
Keondre Coburn,76928,DI,KC,1,0,0,16,58.0,0,0,3,100.0,0.0,0,0,0.0,0,3,3,0,0,,0,0,0,,,0,,0,0,0,0
Dante Stills,76937,DI,ARZ,4,0,0,1,57.2,0,4,69,100.0,2.9,2,1,4.3,1,75,75,5,0,53.8,0,2,20,100.0,0.0,0,10.0,1,23,23,3
Karl Brooks,76941,DI,GB,5,2,0,12,66.2,1,4,75,100.0,8.0,6,1,6.0,2,77,77,7,1,68.1,1,3,39,100.0,12.8,5,7.7,1,41,41,5
Alim McNeill,76996,DI,DET,5,0,0,11,67.2,2,8,139,100.0,10.8,15,0,5.0,2,150,150,12,0,63.3,0,6,60,100.0,11.7,7,6.7,1,67,67,7
Yasir Abdullah,77100,ED,JAX,5,0,1,15,62.9,1,3,24,86.2,12.5,3,1,8.3,0,29,25,4,0,79.8,1,2,9,100.0,33.3,3,16.7,0,9,9,3
Zaven Collins,77190,ED,ARZ,5,0,0,1,58.7,0,2,82,78.0,3.7,3,0,4.9,3,118,92,5,0,60.7,0,2,30,79.5,6.7,2,6.7,1,44,35,3
Brian Asamoah II,77195,LB,MIN,3,0,0,18,59.1,0,0,1,14.3,0.0,0,0,0.0,0,7,1,0,0,59.1,0,0,1,50.0,0.0,0,0.0,0,2,1,0
Nik Bonitto,77196,ED,DEN,6,0,0,10,64.9,5,8,124,85.8,10.5,13,1,9.3,5,155,133,18,0,68.3,3,5,65,88.5,15.4,10,10.8,3,78,69,11
Joseph Ossai,77205,ED,CIN,3,0,0,7,52.6,0,1,13,87.5,15.4,2,0,3.8,0,16,14,1,0,50.1,0,0,9,100.0,0.0,0,0.0,0,10,10,0
Tre'von Moehrig,77847,S,LV,5,0,2,23,54.4,0,0,3,1.6,0.0,0,2,0.0,0,182,3,0,0,,0,0,0,0.0,,0,,0,75,0,0
Ar'Darius Washington,77848,CB,BLT,2,0,0,3,74.5,1,0,7,7.6,0.0,0,0,21.4,1,92,7,2,0,54.1,0,0,2,4.7,0.0,0,0.0,0,43,2,0
Cobie Durant,79126,CB,LA,5,0,0,26,64.3,1,0,4,2.5,0.0,0,2,12.5,0,159,4,1,0,53.3,0,0,2,2.4,0.0,0,0.0,0,83,2,0
Nick Hampton,81162,ED,LA,2,0,0,26,55.4,0,0,3,100.0,0.0,0,0,0.0,0,3,3,0,0,55.7,0,0,2,100.0,0.0,0,0.0,0,2,2,0
Micah McFadden,81246,LB,NYG,4,0,0,21,62.1,1,2,16,23.1,6.3,1,0,9.4,0,78,18,3,0,52.9,0,1,5,35.7,0.0,0,10.0,0,14,5,1
Damone Clark,81282,LB,DAL,5,0,0,9,59.4,0,1,4,5.7,0.0,0,0,12.5,0,87,5,1,0,62.1,0,1,2,9.1,0.0,0,25.0,0,33,3,1
Nick Bolton,81322,LB,KC,3,0,1,16,70.0,0,1,9,9.3,11.1,1,1,16.7,1,108,10,2,0,71.2,0,1,2,8.8,50.0,1,25.0,0,34,3,1
Dylan Horton,81335,ED,HST,5,0,0,13,51.5,1,1,48,96.2,4.2,2,0,2.1,0,52,50,2,0,55.4,1,1,24,100.0,8.3,2,4.2,0,24,24,2
Micah Parsons,81360,ED,DAL,5,0,1,9,90.8,4,21,131,100.0,23.7,31,2,12.6,4,142,142,29,0,90.9,1,16,66,100.0,28.8,19,18.9,4,75,75,21
Jesse Luketa,81361,LB,ARZ,5,0,0,1,53.8,1,2,19,57.6,10.5,2,0,7.9,0,33,19,3,0,41.4,0,2,5,55.6,20.0,1,20.0,0,9,5,2
Ernest Jones,81399,LB,LA,5,0,0,26,61.8,0,6,38,19.9,13.2,5,0,10.5,1,196,39,7,0,65.7,0,5,23,25.6,17.4,4,15.2,1,90,23,6
Azeez Ojulari,81959,ED,NYG,3,0,0,21,58.8,0,5,56,96.7,8.9,5,0,4.5,0,61,59,5,0,62.5,0,4,18,100.0,16.7,3,11.1,0,20,20,4
Odafe Oweh,82161,ED,BLT,2,0,0,3,76.5,5,3,41,91.7,12.2,5,0,9.8,0,48,44,8,0,67.3,1,1,17,85.7,17.6,3,5.9,0,21,18,2
Christian Barmore,82198,DI,NE,5,1,1,19,71.3,0,10,103,100.0,13.6,14,2,5.8,1,105,105,11,0,74.6,0,6,43,100.0,23.3,10,7.0,0,44,44,6
Teair Tart,82261,DI,TEN,4,0,0,31,65.2,3,2,69,98.6,4.3,3,0,3.6,0,74,73,5,0,55.4,0,1,25,100.0,0.0,0,2.0,0,26,26,1
Devonte Wyatt,82268,DI,GB,5,0,0,12,73.8,0,14,93,99.0,12.9,12,0,10.8,3,97,96,17,0,81.2,0,10,46,100.0,23.9,11,15.2,2,46,46,12
Aidan Hutchinson,82330,ED,DET,5,2,0,11,90.6,5,26,195,97.2,21.5,42,1,10.0,4,216,210,35,0,91.7,4,21,109,97.6,30.3,33,15.1,4,123,120,29
Cameron Thomas,82387,ED,ARZ,5,1,0,1,67.1,0,6,85,93.9,9.4,8,0,3.5,0,98,92,6,0,60.4,0,4,39,95.5,10.3,4,5.1,0,44,42,4
Kingsley Enagbare,82409,ED,GB,5,0,0,12,59.2,1,2,64,89.3,4.7,3,0,3.9,1,75,67,4,0,59.2,1,1,25,92.9,12.0,3,4.0,0,28,26,2
Bobby Brown III,82429,DI,LA,5,0,0,26,62.6,0,3,53,100.0,7.5,4,0,2.8,0,58,58,3,0,74.6,0,1,11,100.0,18.2,2,4.5,0,12,12,1
Tyree Wilson,82432,ED,LV,5,0,0,23,45.6,0,4,79,98.9,2.5,2,1,2.5,0,87,86,4,0,47.0,0,3,34,100.0,2.9,1,4.4,0,39,39,3
Scott Matlock,82482,DI,LAC,4,0,0,27,53.6,1,0,38,100.0,2.6,1,0,1.3,0,40,40,1,0,59.9,1,0,12,100.0,8.3,1,4.2,0,12,12,1
Cameron Young,82499,DI,SEA,3,0,0,29,67.9,1,1,39,100.0,10.3,4,0,2.6,0,40,40,2,0,69.0,1,1,17,100.0,11.8,2,5.9,0,17,17,2
Quay Walker,82547,LB,GB,5,0,0,12,51.9,1,4,21,13.7,4.8,1,0,11.9,0,153,21,5,0,49.8,0,2,9,13.8,11.1,1,11.1,0,65,9,2
Jack Sanborn,82566,LB,CHI,5,0,0,6,52.0,0,1,8,12.9,12.5,1,1,6.3,0,62,8,1,0,,0,0,0,0.0,,0,,0,15,0,0
Jerry Jacobs,83025,CB,DET,5,0,0,11,60.7,0,1,2,0.8,50.0,1,6,25.0,0,237,2,1,0,,0,0,0,0.0,,0,,0,133,0,0
Pat Surtain II,83119,CB,DEN,6,0,0,10,75.2,0,0,1,0.8,0.0,0,3,0.0,0,237,2,0,0,,0,0,0,0.0,,0,,0,116,0,0
Jamien Sherwood,83175,LB,NYJ,5,0,0,22,66.3,0,1,3,25.0,0.0,0,0,16.7,0,12,3,1,0,59.1,0,0,1,50.0,0.0,0,0.0,0,2,1,0
Roger McCreary,83176,CB,TEN,5,0,0,31,66.0,0,2,11,6.0,18.2,2,1,27.3,2,183,11,4,0,56.3,0,0,2,2.4,0.0,0,0.0,0,85,2,0
Kerby Joseph,83239,S,DET,3,0,1,11,66.7,0,1,1,0.7,100.0,1,1,50.0,0,142,1,1,0,,0,0,0,0.0,,0,,0,85,0,0
Percy Butler,83271,S,WAS,5,0,0,32,55.3,0,0,2,1.9,0.0,0,0,0.0,0,107,2,0,0,59.1,0,0,1,1.9,0.0,0,0.0,0,53,1,0
Jordan Howden,83305,S,NO,4,0,0,20,58.5,0,0,1,0.9,0.0,0,0,0.0,0,116,1,0,0,,0,0,0,0.0,,0,,0,67,0,0
Greg Newsome II,83341,CB,CLV,3,0,0,8,54.1,0,0,3,3.3,0.0,0,0,0.0,0,91,3,0,0,59.1,0,0,1,2.5,0.0,0,0.0,0,40,1,0
Christian Izien,83360,CB,TB,4,0,0,30,44.2,0,3,24,19.0,4.2,1,2,6.3,0,126,24,3,0,39.4,0,2,9,12.7,0.0,0,11.1,0,71,9,2
Kyler Gordon,83451,CB,CHI,1,0,0,6,56.7,0,0,2,11.1,0.0,0,0,0.0,0,18,2,0,0,59.7,0,0,1,9.1,0.0,0,0.0,0,11,1,0
Alontae Taylor,83469,CB,NO,5,0,0,20,56.4,0,1,4,3.0,0.0,0,2,37.5,1,199,6,2,0,57.8,0,1,3,3.3,0.0,0,50.0,1,92,3,2
Tyreke Smith,83513,ED,SEA,1,0,0,29,56.5,0,0,3,100.0,0.0,0,0,0.0,0,3,3,0,0,57.0,0,0,2,100.0,0.0,0,0.0,0,2,2,0
Talanoa Hufanga,83903,S,SF,5,0,0,28,64.7,0,1,4,2.4,25.0,1,1,12.5,0,210,5,1,0,55.2,0,0,2,2.6,0.0,0,0.0,0,114,3,0
John Cominsky,88313,DI,DET,5,0,0,11,58.9,5,9,118,98.4,10.2,12,0,6.8,1,129,127,15,0,64.6,5,8,66,98.6,15.2,10,11.4,1,74,73,14
Brevin Allen,88418,ED,LAC,1,0,0,27,55.3,0,0,4,80.0,0.0,0,0,0.0,0,5,4,0,0,59.1,0,0,1,50.0,0.0,0,0.0,0,2,1,0
Kyle Dugger,90621,S,NE,5,0,0,19,71.6,1,2,17,9.7,17.6,3,1,8.8,0,185,18,3,0,65.8,1,1,8,11.3,12.5,1,12.5,0,71,8,2
E.J. Speed,94351,LB,IND,5,0,0,14,61.4,1,2,15,12.6,6.7,1,2,16.7,1,127,16,4,0,56.9,1,2,8,15.3,12.5,1,18.8,0,59,9,3
Jonathan Harris,94361,DI,DEN,6,0,0,10,52.2,1,3,135,99.3,5.2,7,0,1.5,0,145,144,4,0,57.7,0,3,59,98.4,10.2,6,2.5,0,62,61,3
Jordan Davis,94854,DI,PHI,5,0,0,24,67.1,1,1,70,100.0,8.6,6,0,4.3,2,74,74,4,0,82.0,1,1,24,100.0,20.8,5,8.3,1,25,25,3
Cameron Mitchell,97340,CB,CLV,4,0,0,8,57.9,0,0,2,5.3,0.0,0,0,0.0,0,38,2,0,0,,0,0,0,0.0,,0,,0,20,0,0
Nick Cross,97514,S,IND,3,0,0,14,58.7,0,0,1,14.3,0.0,0,0,0.0,0,7,1,0,0,58.7,0,0,1,100.0,0.0,0,0.0,0,1,1,0
Dax Hill,97519,S,CIN,5,0,0,7,61.2,0,3,10,5.8,0.0,0,1,35.0,2,191,11,5,0,56.1,0,2,2,3.8,0.0,0,50.0,0,78,3,2
Dorian Williams,97694,LB,BUF,3,0,0,4,71.6,0,0,3,11.5,33.3,1,1,0.0,0,26,3,0,0,73.2,0,0,2,11.8,50.0,1,0.0,0,17,2,0
Adetomiwa Adebawore,97934,DI,IND,1,0,0,14,61.4,0,0,7,100.0,14.3,1,0,0.0,0,9,9,0,0,64.7,0,0,3,100.0,33.3,1,0.0,0,5,5,0
Derick Hall,98130,ED,SEA,4,1,0,29,64.6,3,4,61,84.7,11.5,7,0,5.7,0,72,61,7,1,71.5,2,3,30,83.3,16.7,5,8.3,0,36,30,5
Colby Wooden,98312,DI,GB,5,0,0,12,64.4,1,6,52,100.0,7.7,4,0,6.7,0,56,56,7,0,62.3,1,3,19,100.0,15.8,3,10.5,0,21,21,4
Alex Wright,98318,ED,CLV,4,0,0,8,70.1,1,2,23,92.9,13.0,3,0,10.9,1,28,26,4,0,47.7,0,1,10,91.7,0.0,0,5.0,0,12,11,1
George Karlaftis,98319,ED,KC,6,3,1,16,72.3,2,22,176,92.0,15.3,27,1,8.5,3,199,183,27,0,67.6,0,11,69,89.9,20.3,14,10.9,2,79,71,13
Kayvon Thibodeaux,98444,ED,NYG,5,1,0,21,59.1,1,5,123,83.5,4.9,6,1,5.7,4,158,132,10,0,67.7,1,2,32,80.0,12.5,4,10.9,2,45,36,5
Zach Harrison,98503,ED,ATL,5,0,0,2,46.9,0,1,36,97.4,0.0,0,0,1.4,0,39,38,1,0,50.4,0,0,12,100.0,0.0,0,0.0,0,12,12,0
Kaiir Elam,98693,CB,BUF,1,0,0,4,54.9,0,0,2,3.9,0.0,0,0,0.0,0,51,2,0,0,,0,0,0,0.0,,0,,0,24,0,0
Cor'Dale Flott,98834,CB,NYG,2,0,0,21,60.0,0,0,1,2.2,0.0,0,0,0.0,0,46,1,0,0,,0,0,0,0.0,,0,,0,15,0,0
Jordan Battle,98857,S,CIN,5,0,0,7,69.4,1,1,6,21.4,0.0,0,0,16.7,0,28,6,2,0,67.7,1,0,1,12.5,0.0,0,50.0,0,8,1,1
DeMarcco Hellams,98863,S,ATL,1,0,0,2,58.7,0,1,1,8.3,0.0,0,0,50.0,0,12,1,1,0,,0,0,0,0.0,,0,,0,5,0,0
Zacch Pickens,98911,DI,CHI,5,0,0,6,57.3,0,1,37,100.0,2.7,1,0,4.1,1,40,40,2,0,51.3,0,0,9,100.0,0.0,0,0.0,0,12,12,0
DeMarvin Leal,98919,DI,PIT,4,0,0,25,52.9,1,2,62,100.0,1.6,1,0,4.0,1,66,66,4,0,57.5,1,2,29,100.0,3.4,1,8.6,1,31,31,4
Byron Young,98923,DI,LV,4,0,0,23,54.4,0,1,38,100.0,2.6,1,0,1.3,0,39,39,1,0,65.5,0,1,5,100.0,20.0,1,10.0,0,5,5,1
Travon Walker,98940,ED,JAX,5,0,0,15,59.9,3,7,141,86.8,9.9,14,1,5.0,2,174,151,12,0,63.4,2,5,70,95.1,14.3,10,6.4,1,81,77,8
Henry To'oTo'o,98982,LB,HST,5,0,0,13,53.8,0,4,9,7.1,0.0,0,0,22.2,0,155,11,4,0,48.8,0,1,5,10.0,0.0,0,10.0,0,70,7,1
Christian Harris,98996,LB,HST,4,0,0,13,61.0,0,1,7,6.9,14.3,1,0,21.4,1,101,7,2,0,65.9,0,1,3,6.7,33.3,1,16.7,0,45,3,1
Nolan Smith,99014,ED,PHI,5,0,0,24,56.4,1,0,20,81.5,5.0,1,1,2.5,0,27,22,1,0,59.7,1,0,6,63.6,0.0,0,8.3,0,11,7,1
Jermaine Johnson,99015,ED,NYJ,5,0,0,22,61.6,0,8,130,99.3,9.2,12,1,4.6,2,137,136,10,0,62.4,0,6,68,100.0,13.2,9,7.4,2,71,71,8
Sam Williams,99106,ED,DAL,5,0,0,9,63.6,0,5,58,100.0,8.6,5,1,6.0,1,63,63,6,0,71.2,0,4,32,100.0,15.6,5,9.4,1,36,36,5
SirVocea Dennis,99767,LB,TB,1,0,0,30,60.0,0,0,1,50.0,0.0,0,0,0.0,0,2,1,0,0,,0,0,0,0.0,,0,,0,1,0,0
Amare Barno,99780,ED,CAR,2,0,0,5,64.3,0,2,12,100.0,16.7,2,0,8.3,0,13,13,2,0,73.1,0,1,4,100.0,50.0,2,12.5,0,5,5,1
Calijah Kancey,99822,DI,TB,1,0,0,30,66.7,1,1,9,100.0,11.1,1,0,11.1,0,9,9,2,0,72.8,1,1,5,100.0,20.0,1,20.0,0,5,5,2
Ja'Quan McMillian,100931,CB,DEN,4,0,0,10,52.4,0,0,2,2.1,0.0,0,0,0.0,0,95,2,0,0,56.3,0,0,1,1.8,0.0,0,0.0,0,57,1,0
Devon Witherspoon,101388,CB,SEA,3,0,0,29,91.2,1,1,6,3.8,0.0,0,2,50.0,2,158,6,4,0,73.2,1,0,2,2.5,0.0,0,25.0,0,81,2,1
Dane Belton,101398,S,NYG,5,0,0,21,55.4,0,0,4,12.5,0.0,0,0,0.0,0,32,4,0,0,,0,0,0,0.0,,0,,0,6,0,0
Mazi Smith,101419,DI,DAL,5,0,0,9,70.2,0,1,33,100.0,12.1,4,0,1.5,0,37,37,1,0,69.6,0,1,13,100.0,15.4,2,3.8,0,16,16,1
David Ojabo,101420,ED,BLT,3,0,0,3,56.8,0,1,52,85.9,3.8,2,0,2.9,1,64,55,2,0,64.7,0,0,24,86.7,8.3,2,4.2,1,30,26,1
Mike Morris,101421,DI,SEA,1,0,0,29,60.7,0,0,11,100.0,9.1,1,0,0.0,0,11,11,0,0,52.9,0,0,7,100.0,0.0,0,0.0,0,7,7,0
Zach VanValkenburg,101450,ED,LA,5,0,0,26,63.1,1,2,21,70.0,4.8,1,0,11.9,1,30,21,4,0,60.5,0,2,6,60.0,16.7,1,16.7,0,10,6,2
Leo Chenal,101463,LB,KC,6,0,0,16,68.3,1,5,23,31.5,13.0,3,0,17.4,1,73,23,7,0,62.8,1,2,6,37.5,16.7,1,25.0,0,16,6,3
Jack Campbell,101515,LB,DET,5,0,0,11,47.9,0,2,35,31.9,0.0,0,1,5.7,1,113,36,3,0,49.0,0,2,24,43.1,0.0,0,8.3,1,58,25,3
Keeanu Benton,101536,DI,PIT,5,0,0,25,75.5,1,3,69,100.0,10.1,7,0,4.3,1,74,74,5,0,68.0,0,1,41,100.0,7.3,3,3.7,1,45,45,2
Jaquan Brisker,101665,S,CHI,5,0,0,6,66.1,2,2,6,4.5,33.3,2,2,33.3,0,179,8,4,0,63.9,1,0,2,4.6,50.0,1,25.0,0,87,4,1
Isaiah Land,102108,ED,IND,1,0,0,14,59.1,0,0,1,100.0,0.0,0,0,0.0,0,1,1,0,0,,0,0,0,,,0,,0,0,0,0
Kyle Hamilton,102684,S,BLT,5,1,0,3,90.4,0,4,18,7.6,5.6,1,0,27.8,3,236,18,7,0,91.8,0,2,8,6.6,12.5,1,50.0,3,121,8,5
Isaiah Foskey,102728,ED,NO,4,0,0,20,54.2,0,2,29,100.0,6.9,2,0,3.4,0,31,31,2,0,59.7,0,2,13,100.0,15.4,2,7.7,0,15,15,2
Andre Carter II,102780,ED,MIN,2,0,0,18,54.3,2,1,14,93.3,0.0,0,0,10.7,0,15,14,3,0,49.6,1,0,8,100.0,0.0,0,6.3,0,8,8,1
Andrew Farmer,106311,ED,LAC,1,0,0,27,54.2,0,0,4,100.0,0.0,0,0,0.0,0,5,5,0,0,55.3,0,0,2,100.0,0.0,0,0.0,0,3,3,0
Michael Hoecht,108840,ED,LA,5,1,0,26,57.0,0,9,101,64.6,8.9,9,1,4.5,0,175,113,9,1,63.1,0,5,53,76.3,15.1,8,4.7,0,80,61,5
Dee Alford,110542,CB,ATL,5,0,0,2,48.0,0,0,5,3.4,0.0,0,0,0.0,0,147,5,0,0,54.4,0,0,2,2.2,0.0,0,0.0,0,90,2,0
Bryan Bresee,122142,DI,NO,5,1,0,20,63.2,2,8,105,98.2,7.6,8,3,6.7,2,113,111,12,1,67.2,1,7,64,100.0,10.9,7,9.4,2,68,68,10
Myles Murphy,122154,ED,CIN,5,0,0,7,58.5,0,2,32,86.8,9.4,3,0,6.3,1,38,33,3,0,56.6,0,1,11,91.7,9.1,1,4.5,0,12,11,1
Trenton Simpson,122157,LB,BLT,1,0,0,3,59.1,0,0,1,33.3,0.0,0,0,0.0,0,3,1,0,0,,0,0,0,0.0,,0,,0,1,0,0
Felix Anudike-Uzomah,122582,ED,KC,6,0,0,16,55.4,4,1,75,88.5,4.0,3,0,4.7,1,87,77,6,0,57.8,3,1,45,88.5,6.7,3,6.7,1,52,46,5
Yaya Diaby,122705,ED,TB,4,0,0,30,54.8,0,1,54,87.5,5.6,3,1,2.8,1,64,56,2,0,55.7,0,1,21,100.0,9.5,2,2.4,0,22,22,1
Will Anderson Jr.,123903,ED,HST,5,0,0,13,67.7,5,10,122,99.2,16.4,20,1,7.0,1,133,132,16,0,69.5,5,3,61,100.0,21.3,13,8.2,1,66,66,9
Brian Branch,123907,CB,DET,4,0,0,11,54.3,0,2,8,5.2,0.0,0,2,12.5,0,155,8,2,0,51.9,0,0,3,3.4,0.0,0,0.0,0,89,3,0
Drew Sanders,123933,LB,DEN,4,0,0,10,61.3,0,1,6,11.9,0.0,0,1,8.3,0,59,7,1,0,62.3,0,1,4,23.8,0.0,0,12.5,0,21,5,1
Jalen Carter,124019,DI,PHI,5,0,0,24,86.7,2,17,129,100.0,20.9,27,0,10.5,4,135,135,23,0,90.0,1,14,81,100.0,27.2,22,14.2,4,83,83,19
BJ Ojulari,124105,ED,ARZ,5,0,0,1,69.0,1,2,33,76.1,18.2,6,0,4.5,0,46,35,3,0,65.4,0,2,13,87.5,23.1,3,7.7,0,16,14,2
Jaquelin Roy,124111,DI,MIN,3,0,0,18,59.6,0,0,13,100.0,0.0,0,0,0.0,0,15,15,0,0,55.6,0,0,4,100.0,0.0,0,0.0,0,5,5,0
Tavius Robinson,124147,ED,BLT,5,0,0,3,47.1,0,5,70,92.4,2.9,2,0,3.6,0,79,73,5,0,49.5,0,5,37,97.4,5.4,2,6.8,0,39,38,5
Antonio Johnson,124326,S,JAX,1,0,0,15,60.0,0,0,1,11.1,0.0,0,0,0.0,0,9,1,0,0,60.0,0,0,1,14.3,0.0,0,0.0,0,7,1,0
Gervon Dexter Sr.,124374,DI,CHI,5,0,0,6,69.0,3,4,72,98.7,11.1,8,0,4.9,0,78,77,7,0,86.1,2,4,30,97.1,26.7,8,10.0,0,34,33,6
Segun Olubi,128312,LB,IND,1,0,0,14,59.4,0,0,0,20.0,,0,0,,0,5,1,0,0,59.4,0,0,0,25.0,,0,,0,4,1,0
Lukas Van Ness,129482,ED,GB,5,0,0,12,59.6,0,4,57,92.3,7.0,4,0,5.3,1,65,60,5,0,51.6,0,1,20,90.9,5.0,1,2.5,0,22,20,1
Nick Herbig,129920,ED,PIT,5,0,0,25,51.9,0,0,15,75.0,6.7,1,0,0.0,0,24,18,0,0,53.6,0,0,9,73.3,11.1,1,0.0,0,15,11,0
Christian Gonzalez,131679,CB,NE,4,0,0,19,75.1,0,0,2,1.6,0.0,0,0,50.0,1,129,2,1,0,,0,0,0,0.0,,0,,0,50,0,0
Tuli Tuipulotu,131840,ED,LAC,4,0,0,27,64.1,3,6,106,86.6,11.3,12,1,9.0,5,127,110,14,0,61.3,2,3,63,97.1,11.1,7,10.3,4,68,66,9
Jaylen Watson,131960,CB,KC,4,0,0,16,52.3,0,0,3,3.8,0.0,0,1,0.0,0,80,3,0,0,54.0,0,0,2,6.3,0.0,0,0.0,0,32,2,0
Thomas Incoom,145694,ED,DEN,2,0,1,10,53.6,0,0,5,100.0,0.0,0,1,0.0,0,5,5,0,0,54.1,0,0,3,100.0,0.0,0,0.0,0,3,3,0
Byron Young,146932,ED,LA,5,0,0,26,65.9,6,11,131,84.7,10.7,14,0,8.8,3,170,144,20,0,71.1,5,8,67,91.5,14.9,10,14.2,3,82,75,16
Sam Roberts,156069,DI,NE,3,0,0,19,66.7,0,2,22,100.0,18.2,4,0,4.5,0,24,24,2,0,61.8,0,1,11,100.0,18.2,2,4.5,0,12,12,1
Kader Kohou,156070,CB,MIA,5,0,2,17,75.4,1,0,6,3.4,0.0,0,4,25.0,1,204,7,2,0,76.1,0,0,2,3.1,0.0,0,50.0,1,96,3,1
Joshua Williams,156083,CB,KC,6,0,0,16,56.8,0,0,2,1.8,0.0,0,0,0.0,0,114,2,0,0,60.0,0,0,1,2.0,0.0,0,0.0,0,50,1,0
Jeremiah Pharms Jr.,156117,DI,NE,2,0,0,19,56.9,0,0,3,100.0,0.0,0,0,0.0,0,3,3,0,0,59.5,0,0,1,100.0,0.0,0,0.0,0,1,1,0
Caleb Murphy,169634,ED,TEN,1,0,0,31,57.9,0,0,2,100.0,0.0,0,0,0.0,0,2,2,0,0,59.1,0,0,1,100.0,0.0,0,0.0,0,1,1,0
