player,player_id,position,team_name,player_game_count,declined_penalties,franchise_id,grades_pass_block,hits_allowed,hurries_allowed,non_spike_pass_block,non_spike_pass_block_percentage,pass_block_percent,pbe,penalties,pressures_allowed,sacks_allowed,snap_counts_pass_block,snap_counts_pass_play,true_pass_set_grades_pass_block,true_pass_set_hits_allowed,true_pass_set_hurries_allowed,true_pass_set_non_spike_pass_block,true_pass_set_non_spike_pass_block_percentage,true_pass_set_pass_block_percent,true_pass_set_pbe,true_pass_set_pressures_allowed,true_pass_set_sacks_allowed,true_pass_set_snap_counts_pass_block,true_pass_set_snap_counts_pass_play
Ted Karras,10855,C,CIN,1,0,7,68.4,0,2,55,100.0,100.0,98.2,0,2,0,58,58,59.5,0,2,26,100.0,100.0,96.2,2,0,28,28
Cordell Volson,30614,G,CIN,1,0,7,74.8,0,1,55,100.0,100.0,99.1,1,1,0,58,58,67.3,0,1,26,100.0,100.0,98.1,1,0,28,28
Alex Cappa,66578,G,CIN,1,0,7,71.6,0,0,55,100.0,100.0,100.0,0,0,0,58,58,61.8,0,0,26,100.0,100.0,100.0,0,0,28,28
Jonah Williams,41651,T,CIN,1,0,7,61.1,0,2,55,100.0,100.0,94.5,0,4,2,58,58,53.3,0,1,26,100.0,100.0,90.4,3,2,28,28
Christian Darrisaw,77373,T,MIN,1,0,18,83.0,0,0,51,100.0,100.0,98.0,0,1,1,53,53,82.7,0,0,19,100.0,100.0,94.7,1,1,19,19
Ed Ingram,59819,G,MIN,1,0,18,53.7,1,1,51,100.0,100.0,96.1,0,3,1,53,53,33.0,1,1,19,100.0,100.0,89.5,3,1,19,19
Austin Schlottmann,30097,C,MIN,1,0,18,26.3,1,4,51,100.0,100.0,93.1,0,6,1,53,53,38.3,1,2,19,100.0,100.0,86.8,4,1,19,19
Brian O'Neill,46854,T,MIN,1,0,18,83.0,1,0,51,100.0,100.0,99.0,0,1,0,53,53,83.0,0,0,19,100.0,100.0,100.0,0,0,19,19
Ezra Cleveland,41973,G,MIN,1,0,18,59.3,3,0,51,100.0,100.0,95.1,0,4,1,53,53,44.3,3,0,19,100.0,100.0,86.8,4,1,19,19
Evan Neal,99063,T,NYG,1,0,21,49.0,3,3,49,100.0,100.0,91.8,0,7,1,52,52,35.4,1,2,20,100.0,100.0,87.5,4,1,21,21
Mark Glowinski,9567,G,NYG,1,0,21,41.5,0,4,49,100.0,100.0,95.9,0,4,0,52,52,37.1,0,3,20,100.0,100.0,92.5,3,0,21,21
Andrew Thomas,59701,T,NYG,1,0,21,69.8,0,4,49,100.0,100.0,95.9,0,4,0,52,52,71.7,0,0,20,100.0,100.0,100.0,0,0,21,21
Jon Feliciano,9561,C,NYG,1,0,21,64.9,0,1,49,100.0,100.0,99.0,1,1,0,52,52,73.4,0,0,20,100.0,100.0,100.0,0,0,21,21
Nick Leverett,27699,G,TB,1,0,30,49.4,1,0,48,100.0,100.0,99.0,0,1,0,51,51,74.2,1,0,11,100.0,100.0,95.5,1,0,13,13
Robert Hainsey,59980,C,TB,1,0,30,71.6,1,0,48,100.0,100.0,99.0,0,1,0,51,51,69.0,0,0,11,100.0,100.0,100.0,0,0,13,13
Tristan Wirfs,64818,T,TB,1,0,30,80.4,0,0,48,100.0,100.0,100.0,1,0,0,51,51,66.8,0,0,11,100.0,100.0,100.0,0,0,13,13
Shaq Mason,9564,G,TB,1,0,30,68.5,0,0,48,100.0,100.0,100.0,0,0,0,51,51,64.2,0,0,11,100.0,100.0,100.0,0,0,13,13
Penei Sewell,81788,T,DET,1,0,11,76.9,0,2,46,100.0,100.0,97.8,1,2,0,50,50,73.6,0,2,30,100.0,100.0,96.7,2,0,34,34
Jonah Jackson,37070,G,DET,1,0,11,36.7,1,2,46,100.0,100.0,96.7,0,3,0,50,50,44.4,0,2,30,100.0,100.0,96.7,2,0,34,34
Evan Brown,38709,G,DET,1,1,11,26.9,1,3,46,100.0,100.0,93.5,1,5,1,50,50,21.0,1,3,30,100.0,100.0,93.3,4,0,34,34
Frank Ragnow,39137,C,DET,1,0,11,51.4,0,1,46,100.0,100.0,98.9,0,1,0,50,50,45.5,0,1,30,100.0,100.0,98.3,1,0,34,34
Taylor Decker,10650,T,DET,1,0,11,74.2,0,1,46,100.0,100.0,96.7,0,2,1,50,50,68.2,0,1,30,100.0,100.0,95.0,2,1,34,34
Billy Price,46795,C,ARZ,1,0,1,57.6,0,2,47,100.0,100.0,97.9,1,2,0,49,49,42.6,0,1,14,100.0,100.0,96.4,1,0,14,14
Max Garcia,9566,G,ARZ,1,0,1,64.9,0,1,47,100.0,100.0,98.9,0,1,0,49,49,52.5,0,0,14,100.0,100.0,100.0,0,0,14,14
Josh Jones,26634,T,ARZ,1,0,1,71.7,0,2,47,100.0,100.0,97.9,0,2,0,49,49,74.6,0,0,14,100.0,100.0,100.0,0,0,14,14
Will Hernandez,46180,G,ARZ,1,0,1,82.0,0,1,47,100.0,100.0,98.9,0,1,0,49,49,66.6,0,1,14,100.0,100.0,96.4,1,0,14,14
Kelvin Beachum,7229,T,ARZ,1,0,1,62.4,4,0,47,100.0,100.0,95.7,0,4,0,49,49,47.5,3,0,14,100.0,100.0,89.3,3,0,14,14
Austin Blythe,10882,C,SEA,1,0,29,84.9,0,0,44,100.0,100.0,100.0,0,0,0,47,47,82.4,0,0,23,100.0,100.0,100.0,0,0,26,26
Charles Cross,98401,T,SEA,1,0,29,58.7,0,2,44,100.0,100.0,97.7,0,2,0,47,47,56.3,0,1,23,100.0,100.0,97.8,1,0,26,26
Damien Lewis,81532,G,SEA,1,0,29,61.8,0,1,44,100.0,100.0,98.9,0,1,0,47,47,50.4,0,0,23,100.0,100.0,100.0,0,0,26,26
Connor McGovern,41714,G,DAL,1,0,9,77.2,0,2,44,100.0,100.0,97.7,0,2,0,45,45,70.1,0,2,24,100.0,100.0,95.8,2,0,25,25
Zack Martin,8651,G,DAL,1,0,9,79.2,0,1,44,100.0,100.0,98.9,0,1,0,45,45,73.0,0,1,24,100.0,100.0,97.9,1,0,25,25
Tyron Smith,6161,T,DAL,1,0,9,57.3,0,3,44,100.0,100.0,94.3,0,4,1,45,45,65.8,0,2,24,100.0,100.0,91.7,3,1,25,25
Tyler Smith,98385,T,DAL,1,0,9,91.1,0,0,44,100.0,100.0,100.0,0,0,0,45,45,90.2,0,0,24,100.0,100.0,100.0,0,0,25,25
Tyler Biadasz,41178,C,DAL,1,0,9,56.3,0,2,44,100.0,100.0,97.7,0,2,0,45,45,76.5,0,1,24,100.0,100.0,97.9,1,0,25,25
Hakeem Adeniji,45419,T,CIN,1,0,7,20.4,0,5,43,100.0,100.0,94.2,0,5,0,45,45,6.0,0,4,17,100.0,100.0,88.2,4,0,18,18
Dalton Risner,47008,G,DEN,1,0,10,70.3,1,2,42,100.0,100.0,96.4,0,3,0,44,44,58.5,1,2,24,100.0,100.0,93.7,3,0,24,24
Cameron Fleming,8775,T,DEN,1,0,10,77.8,0,2,42,100.0,100.0,97.6,0,2,0,44,44,74.1,0,2,24,100.0,100.0,95.8,2,0,24,24
Jordan Mailata,66916,T,PHI,1,0,24,48.8,0,6,41,100.0,100.0,92.7,0,6,0,44,44,49.5,0,5,21,100.0,100.0,88.1,5,0,23,23
Billy Turner,8702,T,DEN,1,0,10,55.7,1,3,42,100.0,100.0,95.2,0,4,0,44,44,57.8,1,3,24,100.0,100.0,91.7,4,0,24,24
Graham Glasgow,10729,C,DEN,1,0,10,52.5,0,2,42,100.0,100.0,95.2,0,3,1,44,44,38.4,0,2,24,100.0,100.0,91.7,3,1,24,24
Isaac Seumalo,10713,G,PHI,1,0,24,76.6,0,2,41,100.0,100.0,97.6,0,2,0,44,44,71.4,0,1,21,100.0,100.0,97.6,1,0,23,23
Landon Dickerson,41712,G,PHI,1,0,24,48.6,0,5,41,100.0,100.0,93.9,0,5,0,44,44,31.3,0,3,21,100.0,100.0,92.9,3,0,23,23
Quinn Meinerz,112915,G,DEN,1,0,10,70.3,0,2,42,100.0,100.0,97.6,0,2,0,44,44,58.5,0,2,24,100.0,100.0,95.8,2,0,24,24
Jason Kelce,6343,C,PHI,1,0,24,74.6,0,0,41,100.0,100.0,100.0,0,0,0,44,44,64.5,0,0,21,100.0,100.0,100.0,0,0,23,23
Josh Myers,59992,C,GB,1,0,12,49.7,0,1,42,100.0,100.0,98.8,1,1,0,43,43,28.9,0,1,12,100.0,100.0,95.8,1,0,13,13
Elgton Jenkins,46298,G,GB,1,0,12,61.8,0,0,42,100.0,100.0,100.0,0,0,0,43,43,49.4,0,0,12,100.0,100.0,100.0,0,0,13,13
Jon Runyan,36661,G,GB,1,0,12,79.3,0,1,42,100.0,100.0,98.8,0,1,0,43,43,84.7,0,0,12,100.0,100.0,100.0,0,0,13,13
Zach Tom,55443,T,GB,1,0,12,79.7,0,2,42,100.0,100.0,97.6,0,2,0,43,43,79.4,0,1,12,100.0,100.0,95.8,1,0,13,13
Brandon Walton,41533,T,TB,1,0,30,46.8,2,0,41,100.0,100.0,97.6,0,2,0,43,43,79.9,0,0,11,100.0,100.0,100.0,0,0,13,13
Duane Brown,4340,T,NYJ,1,0,22,85.2,0,0,40,100.0,100.0,100.0,0,0,0,41,41,79.4,0,0,18,100.0,100.0,100.0,0,0,19,19
Dan Moore Jr.,60120,T,PIT,1,0,25,71.8,0,2,40,100.0,100.0,97.5,0,2,0,41,41,70.1,0,1,24,100.0,100.0,97.9,1,0,24,24
Laken Tomlinson,9461,G,NYJ,1,0,22,68.2,0,0,40,100.0,100.0,97.5,0,1,1,41,41,68.1,0,0,18,100.0,100.0,100.0,0,0,19,19
Kevin Dotson,46735,G,PIT,1,0,25,84.7,0,1,40,100.0,100.0,98.7,0,1,0,41,41,80.3,0,1,24,100.0,100.0,97.9,1,0,24,24
Connor McGovern,10778,C,NYJ,1,0,22,29.9,0,3,40,100.0,100.0,91.2,0,5,2,41,41,74.0,0,1,18,100.0,100.0,97.2,1,0,19,19
Chukwuma Okorafor,46302,T,PIT,1,0,25,68.1,1,1,40,100.0,100.0,97.5,0,2,0,41,41,79.8,0,0,24,100.0,100.0,100.0,0,0,24,24
George Fant,11282,T,NYJ,1,0,22,53.7,0,4,40,100.0,100.0,95.0,0,4,0,41,41,67.4,0,3,18,100.0,100.0,91.7,3,0,19,19
James Daniels,45576,G,PIT,1,0,25,78.5,0,1,40,100.0,100.0,98.7,0,1,0,41,41,71.0,0,1,24,100.0,100.0,97.9,1,0,24,24
Mason Cole,45547,C,PIT,1,0,25,56.3,1,0,40,100.0,100.0,98.7,0,1,0,41,41,56.8,1,0,24,100.0,100.0,97.9,1,0,24,24
Nate Herbig,28844,G,NYJ,1,0,22,39.9,1,3,40,100.0,100.0,95.0,0,4,0,41,41,18.1,1,3,18,100.0,100.0,88.9,4,0,19,19
David Andrews,9948,C,NE,1,1,19,79.2,0,1,36,100.0,100.0,98.6,1,1,0,40,40,74.5,0,1,20,100.0,100.0,97.5,1,0,22,22
Trent Brown,9677,T,NE,1,0,19,63.6,0,4,36,100.0,100.0,94.4,0,4,0,40,40,56.7,0,2,20,100.0,100.0,95.0,2,0,22,22
Cole Strange,22976,G,NE,1,0,19,50.8,0,3,36,100.0,100.0,93.1,0,4,1,40,40,53.3,0,1,20,100.0,100.0,92.5,2,1,22,22
Conor McDermott,11966,T,NE,1,0,19,61.6,0,1,36,100.0,100.0,98.6,0,1,0,40,40,48.6,0,1,20,100.0,100.0,97.5,1,0,22,22
Michael Onwenu,27357,G,NE,1,0,19,66.4,1,1,36,100.0,100.0,97.2,0,2,0,40,40,70.0,0,1,20,100.0,100.0,97.5,1,0,22,22
Jake Matthews,8641,T,ATL,1,0,2,90.1,0,0,37,100.0,100.0,100.0,0,0,0,39,39,86.5,0,0,12,100.0,100.0,100.0,0,0,13,13
Kaleb McGary,46912,T,ATL,1,0,2,69.9,0,1,37,100.0,100.0,98.6,0,1,0,39,39,60.6,0,1,12,100.0,100.0,95.8,1,0,13,13
Drew Dalman,52270,C,ATL,1,0,2,70.9,0,0,37,100.0,100.0,100.0,1,0,0,39,39,79.9,0,0,12,100.0,100.0,100.0,0,0,13,13
Andrew Norwell,9126,G,WAS,1,0,32,64.4,0,2,36,100.0,100.0,97.2,0,2,0,39,39,76.3,0,1,14,100.0,100.0,96.4,1,0,14,14
Chris Lindstrom,46692,G,ATL,1,0,2,88.2,0,0,37,100.0,100.0,100.0,0,0,0,39,39,84.5,0,0,12,100.0,100.0,100.0,0,0,13,13
Wes Schweitzer,10829,C,WAS,1,1,32,21.1,1,3,36,100.0,100.0,94.4,1,4,0,39,39,11.5,1,2,14,100.0,100.0,89.3,3,0,14,14
Charles Leno Jr.,8880,T,WAS,1,0,32,33.7,3,2,36,100.0,100.0,90.3,0,6,1,39,39,49.6,2,1,14,100.0,100.0,89.3,3,0,14,14
Elijah Wilkinson,46238,G,ATL,1,0,2,78.8,0,0,37,100.0,100.0,100.0,0,0,0,39,39,84.5,0,0,12,100.0,100.0,100.0,0,0,13,13
A.J. Cann,9500,G,HST,1,0,13,84.1,0,0,35,100.0,100.0,100.0,0,0,0,38,38,78.8,0,0,18,100.0,100.0,100.0,0,0,19,19
Charlie Heck,36501,T,HST,1,0,13,71.6,1,2,35,100.0,100.0,95.7,0,3,0,38,38,68.1,0,2,18,100.0,100.0,94.4,2,0,19,19
Scott Quessenberry,23918,C,HST,1,0,13,66.2,0,1,35,100.0,100.0,98.6,0,1,0,38,38,60.1,0,0,18,100.0,100.0,100.0,0,0,19,19
Laremy Tunsil,10647,T,HST,1,0,13,87.5,0,1,35,100.0,100.0,98.6,0,1,0,38,38,88.6,0,0,18,100.0,100.0,100.0,0,0,19,19
Jawaan Taylor,41665,T,JAX,1,0,15,67.4,0,2,36,100.0,100.0,97.2,1,2,0,37,37,53.8,0,2,13,100.0,100.0,92.3,2,0,13,13
Zion Johnson,99681,G,LAC,1,0,27,51.0,0,1,36,100.0,100.0,95.8,0,2,1,37,37,56.5,0,0,16,100.0,100.0,93.7,1,1,16,16
Quenton Nelson,12954,G,IND,1,0,14,57.4,1,1,36,100.0,100.0,94.4,0,3,1,37,37,69.1,0,1,19,100.0,100.0,97.4,1,0,19,19
Bernhard Raimann,77948,T,IND,1,0,14,70.8,0,3,36,100.0,100.0,93.1,0,4,1,37,37,62.4,0,2,19,100.0,100.0,89.5,3,1,19,19
Walker Little,52287,T,JAX,1,0,15,63.0,1,3,36,100.0,100.0,94.4,0,4,0,37,37,55.9,0,3,13,100.0,100.0,88.5,3,0,13,13
Matt Feiler,9289,G,LAC,1,0,27,74.4,0,1,36,100.0,100.0,95.8,0,2,1,37,37,77.6,0,0,16,100.0,100.0,100.0,0,0,16,16
Corey Linsley,8796,C,LAC,1,0,27,85.1,0,0,36,100.0,100.0,100.0,0,0,0,37,37,81.5,0,0,16,100.0,100.0,100.0,0,0,16,16
Will Fries,41530,G,IND,1,0,14,79.8,0,0,36,100.0,100.0,100.0,0,0,0,37,37,72.6,0,0,19,100.0,100.0,100.0,0,0,19,19
Luke Fortner,42028,C,JAX,1,0,15,60.2,0,2,36,100.0,100.0,97.2,0,2,0,37,37,45.1,0,1,13,100.0,100.0,96.2,1,0,13,13
Trey Pipkins,91462,T,LAC,1,0,27,77.5,0,0,36,100.0,100.0,100.0,1,0,0,37,37,83.1,0,0,16,100.0,100.0,100.0,0,0,16,16
Jamaree Salyer,81656,T,LAC,1,0,27,56.7,2,3,36,100.0,100.0,93.1,0,5,0,37,37,82.7,0,1,16,100.0,100.0,96.9,1,0,16,16
Tyler Shatley,9257,G,JAX,1,0,15,55.2,0,1,36,100.0,100.0,95.8,0,2,1,37,37,25.5,0,1,13,100.0,100.0,88.5,2,1,13,13
Braden Smith,46794,T,IND,1,0,14,51.6,0,1,36,100.0,100.0,93.1,0,3,2,37,37,52.9,0,1,19,100.0,100.0,86.8,3,2,19,19
Brandon Scherff,9438,G,JAX,1,0,15,50.0,1,3,36,100.0,100.0,94.4,0,4,0,37,37,39.0,0,3,13,100.0,100.0,88.5,3,0,13,13
Ryan Kelly,10652,C,IND,1,0,14,74.3,0,1,36,100.0,100.0,98.6,0,1,0,37,37,74.5,0,1,19,100.0,100.0,97.4,1,0,19,19
Dion Dawkins,11818,T,BUF,1,0,4,87.3,0,1,31,100.0,100.0,98.4,0,1,0,36,36,82.4,0,1,15,100.0,100.0,96.7,1,0,18,18
Jack Conklin,10642,T,CLV,1,1,8,78.0,0,0,33,100.0,100.0,100.0,2,0,0,36,36,83.0,0,0,16,100.0,100.0,100.0,0,0,17,17
Wyatt Teller,46131,G,CLV,1,0,8,84.0,0,0,33,100.0,100.0,100.0,0,0,0,36,36,77.8,0,0,16,100.0,100.0,100.0,0,0,17,17
Spencer Brown,42296,T,BUF,1,0,4,62.9,1,0,31,100.0,100.0,98.4,1,1,0,36,36,66.1,0,0,15,100.0,100.0,100.0,0,0,18,18
Joel Bitonio,8670,G,CLV,1,0,8,84.0,0,1,33,100.0,100.0,98.5,0,1,0,36,36,77.8,0,1,16,100.0,100.0,96.9,1,0,17,17
Ethan Pocic,11813,C,CLV,1,0,8,79.1,0,0,33,100.0,100.0,100.0,0,0,0,36,36,81.7,0,0,16,100.0,100.0,100.0,0,0,17,17
Greg Van Roten,7746,G,BUF,1,0,4,77.9,0,1,31,100.0,100.0,98.4,0,1,0,36,36,77.7,0,1,15,100.0,100.0,96.7,1,0,18,18
Rodger Saffold,5558,G,BUF,1,0,4,31.9,0,3,31,100.0,100.0,95.2,1,3,0,36,36,12.0,0,3,15,100.0,100.0,90.0,3,0,18,18
Jedrick Wills Jr.,58467,T,CLV,1,0,8,81.0,1,0,33,100.0,100.0,98.5,0,1,0,36,36,71.4,1,0,16,100.0,100.0,96.9,1,0,17,17
Braxton Jones,60092,T,CHI,1,0,6,85.9,0,0,32,100.0,100.0,96.9,0,1,1,35,35,86.6,0,0,12,100.0,100.0,100.0,0,0,13,13
Sam Mustipher,13026,C,CHI,1,0,6,37.6,0,2,32,100.0,100.0,96.9,0,2,0,35,35,51.2,0,1,12,100.0,100.0,95.8,1,0,13,13
Dylan Parham,60953,G,LV,1,0,23,15.3,0,6,35,100.0,100.0,82.9,0,9,3,35,35,11.5,0,3,21,100.0,100.0,78.6,6,3,21,21
Andre James,47058,C,LV,1,0,23,28.5,0,2,35,100.0,100.0,97.1,0,2,0,35,35,25.3,0,2,21,100.0,100.0,95.2,2,0,21,21
Jermaine Eluemunor,11914,T,LV,1,0,23,73.0,0,2,35,100.0,100.0,97.1,0,2,0,35,35,68.8,0,2,21,100.0,100.0,95.2,2,0,21,21
Alex Bars,47018,G,LV,1,0,23,78.1,0,1,35,100.0,100.0,98.6,0,1,0,35,35,72.6,0,1,21,100.0,100.0,97.6,1,0,21,21
Riley Reiff,7029,T,CHI,1,0,6,58.4,0,1,32,100.0,100.0,95.3,0,2,1,35,35,54.8,0,0,12,100.0,100.0,91.7,1,1,13,13
Kolton Miller,47013,T,LV,1,0,23,81.6,0,0,35,100.0,100.0,100.0,0,0,0,35,35,76.9,0,0,21,100.0,100.0,100.0,0,0,21,21
Lane Johnson,7786,T,PHI,1,0,24,85.0,0,0,32,100.0,100.0,100.0,0,0,0,34,34,82.3,0,0,13,100.0,100.0,100.0,0,0,15,15
Trai Turner,8727,G,WAS,1,0,32,58.0,1,2,32,100.0,100.0,95.3,0,3,0,34,34,23.3,1,2,12,100.0,100.0,87.5,3,0,12,12
Andrew Wylie,12333,T,KC,1,0,16,78.0,0,0,31,100.0,100.0,96.8,0,1,1,33,33,72.7,0,0,14,100.0,100.0,92.9,1,1,16,16
Orlando Brown Jr.,46227,T,KC,1,0,16,90.3,0,0,31,100.0,100.0,100.0,1,0,0,33,33,88.1,0,0,14,100.0,100.0,100.0,0,0,16,16
Trey Smith,62960,G,KC,1,0,16,69.8,0,1,31,100.0,100.0,98.4,0,1,0,33,33,55.5,0,1,14,100.0,100.0,96.4,1,0,16,16
Joe Thuney,10712,G,KC,1,0,16,88.0,0,0,31,100.0,100.0,100.0,0,0,0,33,33,85.5,0,0,14,100.0,100.0,100.0,0,0,16,16
Creed Humphrey,59996,C,KC,1,0,16,78.0,0,1,31,100.0,100.0,98.4,0,1,0,33,33,71.5,0,1,14,100.0,100.0,96.4,1,0,16,16
Ryan Bates,28300,G,BUF,1,0,4,55.0,0,2,27,100.0,100.0,96.3,1,2,0,32,32,31.4,0,2,11,100.0,100.0,90.9,2,0,14,14
Michael Schofield III,8730,G,CHI,1,0,6,75.4,0,0,28,100.0,100.0,100.0,0,0,0,31,31,64.1,0,0,12,100.0,100.0,100.0,0,0,13,13
Coleman Shelton,39316,C,LA,1,0,26,66.4,0,0,29,100.0,100.0,100.0,0,0,0,30,30,79.3,0,0,9,100.0,100.0,100.0,0,0,10,10
Matt Skura,11102,G,LA,1,0,26,65.0,0,1,29,100.0,100.0,98.3,0,1,0,30,30,82.9,0,0,9,100.0,100.0,100.0,0,0,10,10
Oday Aboushi,7923,G,LA,1,0,26,71.3,0,0,29,100.0,100.0,100.0,0,0,0,30,30,51.5,0,0,9,100.0,100.0,100.0,0,0,10,10
Ty Nsekhe,7636,T,LA,1,0,26,85.4,0,0,29,100.0,100.0,100.0,0,0,0,30,30,85.3,0,0,9,100.0,100.0,100.0,0,0,10,10
Rob Havenstein,9490,T,LA,1,0,26,82.3,0,0,29,100.0,100.0,100.0,0,0,0,30,30,80.6,0,0,9,100.0,100.0,100.0,0,0,10,10
Brandon Shell,10792,T,MIA,1,0,17,69.7,0,2,27,100.0,100.0,92.6,0,3,1,29,29,64.3,0,1,9,100.0,100.0,83.3,2,1,9,9
Terron Armstead,7856,T,MIA,1,0,17,75.7,0,1,27,100.0,100.0,98.1,0,1,0,29,29,62.4,0,1,9,100.0,100.0,94.4,1,0,9,9
Corey Levin,11972,C,TEN,1,0,31,82.2,0,0,28,100.0,100.0,100.0,0,0,0,29,29,79.7,0,0,13,100.0,100.0,100.0,0,0,13,13
Jordan Roos,12266,G,TEN,1,0,31,21.7,1,3,28,100.0,100.0,92.9,0,4,0,29,29,25.0,0,3,13,100.0,100.0,88.5,3,0,13,13
Aaron Brewer,46014,G,TEN,1,0,31,71.1,0,1,28,100.0,100.0,98.2,0,1,0,29,29,84.0,0,0,13,100.0,100.0,100.0,0,0,13,13
Robert Hunt,46139,G,MIA,1,0,17,76.0,0,1,27,100.0,100.0,98.1,0,1,0,29,29,83.1,0,0,9,100.0,100.0,100.0,0,0,9,9
Connor Williams,46216,C,MIA,1,0,17,66.9,1,0,27,100.0,100.0,98.1,1,1,0,29,29,79.0,0,0,9,100.0,100.0,100.0,0,0,9,9
Dennis Daley,60063,T,TEN,1,0,31,27.5,0,4,28,100.0,100.0,92.9,0,4,0,29,29,26.6,0,3,13,100.0,100.0,88.5,3,0,13,13
Robert Jones,100786,G,MIA,1,0,17,67.9,0,0,27,100.0,100.0,96.3,0,1,1,29,29,69.8,0,0,9,100.0,100.0,88.9,1,1,9,9
Royce Newman,41746,G,GB,1,0,12,73.1,0,1,27,100.0,100.0,98.1,0,1,0,28,28,79.2,0,0,7,100.0,100.0,100.0,0,0,8,8
Nick Gates,29476,G,NYG,1,0,21,80.7,0,1,26,100.0,100.0,98.1,0,1,0,28,28,74.5,0,0,14,100.0,100.0,100.0,0,0,14,14
Mike McGlinchey,46275,T,SF,1,0,28,75.8,0,1,26,100.0,100.0,98.1,0,1,0,27,27,70.3,0,0,8,100.0,100.0,100.0,0,0,8,8
Trent Williams,5529,T,SF,1,0,28,52.3,0,0,26,100.0,100.0,100.0,0,0,0,27,27,48.7,0,0,8,100.0,100.0,100.0,0,0,8,8
Jake Brendel,11117,C,SF,1,0,28,58.9,0,1,26,100.0,100.0,98.1,0,1,0,27,27,61.5,0,0,8,100.0,100.0,100.0,0,0,8,8
Aaron Banks,59983,G,SF,1,0,28,65.3,0,0,26,100.0,100.0,100.0,1,0,0,27,27,66.9,0,0,8,100.0,100.0,100.0,0,0,8,8
Jimmy Morrissey,41626,G,HST,1,0,13,64.8,1,1,25,100.0,100.0,96.0,0,2,0,27,27,42.8,1,1,10,100.0,100.0,90.0,2,0,11,11
Austin Corbett,46290,G,CAR,1,0,5,63.1,0,1,23,100.0,100.0,97.8,0,1,0,26,26,60.1,0,1,8,100.0,100.0,93.7,1,0,10,10
Ikem Ekwonu,98286,T,CAR,1,1,5,36.2,0,1,23,100.0,100.0,97.8,1,1,0,26,26,46.5,0,1,8,100.0,100.0,93.7,1,0,10,10
Bradley Bozeman,27934,C,CAR,1,0,5,62.1,0,0,23,100.0,100.0,100.0,1,0,0,26,26,44.1,0,0,8,100.0,100.0,100.0,0,0,10,10
Taylor Moton,11819,T,CAR,1,0,5,65.8,0,1,23,100.0,100.0,97.8,0,1,0,26,26,81.6,0,0,8,100.0,100.0,100.0,0,0,10,10
Brady Christensen,51985,G,CAR,1,0,5,86.5,0,0,23,100.0,100.0,100.0,0,0,0,26,26,84.6,0,0,8,100.0,100.0,100.0,0,0,10,10
Cornelius Lucas,9025,T,WAS,1,0,32,52.5,0,4,23,100.0,100.0,91.3,0,4,0,25,25,51.3,0,3,11,100.0,100.0,86.4,3,0,11,11
Stone Forsythe,41795,T,SEA,1,0,29,26.5,0,3,25,100.0,100.0,94.0,0,3,0,25,25,61.8,0,2,13,100.0,100.0,92.3,2,0,13,13
Ben Bredeson,27305,G,NYG,1,0,21,64.4,1,0,23,100.0,100.0,97.8,0,1,0,24,24,46.5,1,0,6,100.0,100.0,91.7,1,0,7,7
Phil Haynes,29244,G,SEA,1,0,29,0.0,2,2,24,100.0,100.0,87.5,0,5,1,24,24,0.0,1,2,13,100.0,100.0,80.8,4,1,13,13
Gabe Jackson,8716,G,SEA,1,0,29,79.3,0,1,20,100.0,100.0,97.5,0,1,0,23,23,73.1,0,1,10,100.0,100.0,95.0,1,0,13,13
Abraham Lucas,60218,T,SEA,1,0,29,47.5,1,0,19,100.0,100.0,92.1,0,2,1,22,22,51.8,0,0,10,100.0,100.0,90.0,1,1,13,13
Larry Borom,59879,T,CHI,1,0,6,66.1,0,0,19,100.0,100.0,100.0,0,0,0,21,21,65.3,0,0,6,100.0,100.0,100.0,0,0,7,7
Dalvin Cook,11796,HB,MIN,1,0,18,54.0,0,0,20,48.8,46.5,100.0,0,0,0,20,43,84.8,0,0,8,53.3,53.3,100.0,0,0,8,15
Samuel Cosmi,60114,T,WAS,1,0,32,71.1,0,1,17,100.0,100.0,97.1,0,1,0,19,19,65.9,0,1,5,100.0,100.0,90.0,1,0,5,5
Dieter Eiselen,109304,G,CHI,1,0,6,75.6,0,0,17,100.0,100.0,100.0,0,0,0,18,18,80.5,0,0,6,100.0,100.0,100.0,0,0,6,6
Kevin Zeitler,7032,G,BLT,1,0,3,75.9,0,0,18,100.0,100.0,100.0,0,0,0,18,18,82.0,0,0,8,100.0,100.0,100.0,0,0,8,8
Tyler Linderbaum,82291,C,BLT,1,0,3,30.6,0,1,18,100.0,100.0,97.2,0,1,0,18,18,10.6,0,1,8,100.0,100.0,93.7,1,0,8,8
Morgan Moses,8701,T,BLT,1,0,3,81.0,0,0,18,100.0,100.0,100.0,0,0,0,18,18,79.4,0,0,8,100.0,100.0,100.0,0,0,8,8
Ben Powers,41482,G,BLT,1,0,3,84.6,0,0,18,100.0,100.0,100.0,0,0,0,18,18,82.0,0,0,8,100.0,100.0,100.0,0,0,8,8
Ronnie Stanley,10640,T,BLT,1,0,3,80.5,0,1,18,100.0,100.0,97.2,0,1,0,18,18,74.1,0,1,8,100.0,100.0,93.7,1,0,8,8
Le'Raven Clark,10716,T,TEN,1,0,31,68.4,0,2,16,100.0,100.0,93.7,0,2,0,16,16,70.9,0,1,9,100.0,100.0,94.4,1,0,9,9
Ryan Ramczyk,11787,T,NO,1,0,20,75.1,0,0,15,100.0,100.0,100.0,0,0,0,15,15,73.1,0,0,10,100.0,100.0,100.0,0,0,10,10
Yosh Nijman,60822,T,GB,1,0,12,67.9,0,0,15,100.0,100.0,100.0,0,0,0,15,15,66.6,0,0,5,100.0,100.0,100.0,0,0,5,5
Erik McCoy,37347,C,NO,1,0,20,69.7,0,0,15,100.0,100.0,100.0,0,0,0,15,15,65.1,0,0,10,100.0,100.0,100.0,0,0,10,10
Calvin Throckmorton,28238,G,NO,1,0,20,49.7,0,2,15,100.0,100.0,93.3,0,2,0,15,15,40.6,0,2,10,100.0,100.0,90.0,2,0,10,10
James Hurst,9001,T,NO,1,0,20,49.5,0,1,15,100.0,100.0,96.7,0,1,0,15,15,40.3,0,1,10,100.0,100.0,95.0,1,0,10,10
Spencer Burford,81920,G,SF,1,0,28,56.8,0,0,14,100.0,100.0,92.9,0,1,1,14,14,76.5,0,0,3,100.0,100.0,100.0,0,0,3,3
James Conner,11860,HB,ARZ,1,0,1,70.0,0,0,14,30.4,29.2,100.0,0,0,0,14,48,56.8,0,0,7,50.0,50.0,100.0,0,0,7,14
La'el Collins,9719,T,CIN,1,0,7,65.9,1,0,12,100.0,100.0,95.8,0,1,0,13,13,71.0,1,0,9,100.0,100.0,94.4,1,0,10,10
Nicholas Petit-Frere,82003,T,TEN,1,0,31,59.8,0,0,12,100.0,100.0,100.0,1,0,0,13,13,77.0,0,0,4,100.0,100.0,100.0,0,0,4,4
Daniel Brunskill,34807,G,SF,1,0,28,72.4,0,1,12,100.0,100.0,95.8,0,1,0,13,13,58.5,0,1,5,100.0,100.0,90.0,1,0,5,5
Jack Driscoll,27064,T,PHI,1,0,24,63.4,0,1,9,100.0,100.0,94.4,0,1,0,10,10,59.4,0,1,8,100.0,100.0,93.7,1,0,8,8
Josh Andrews,9068,C,NO,1,0,20,81.8,0,0,9,100.0,100.0,100.0,0,0,0,9,9,81.5,0,0,6,100.0,100.0,100.0,0,0,6,6
Josh Wells,8968,T,TB,1,0,30,72.5,0,0,7,100.0,100.0,100.0,0,0,0,8,8,,0,0,0,,,,0,0,0,0
Justin McCray,9234,G,HST,1,0,13,43.2,0,1,7,100.0,100.0,92.9,0,1,0,8,8,27.2,0,1,5,100.0,100.0,90.0,1,0,5,5
MyCole Pruitt,9576,TE,ATL,1,0,2,78.8,0,0,7,35.0,38.1,100.0,0,0,0,8,21,,0,0,0,0.0,0.0,,0,0,0,4
Royce Freeman,45747,HB,HST,1,0,13,82.9,0,0,8,50.0,47.1,100.0,0,0,0,8,17,78.4,0,0,2,33.3,33.3,100.0,0,0,2,6
Josh Jacobs,45953,HB,LV,1,0,23,66.0,0,1,7,26.9,26.9,92.9,0,1,0,7,26,52.9,0,1,3,21.4,21.4,83.3,1,0,3,14
A.J. Dillon,57165,HB,GB,1,0,12,40.7,1,0,7,28.0,26.9,92.9,0,1,0,7,26,75.4,0,0,2,40.0,33.3,100.0,0,0,2,6
Parker Hesse,48369,TE,ATL,1,0,2,57.9,0,0,6,31.6,35.0,100.0,0,0,0,7,20,,0,0,0,0.0,0.0,,0,0,0,5
Andrus Peat,9446,G,NO,1,0,20,79.5,0,0,6,100.0,100.0,100.0,0,0,0,6,6,77.9,0,0,4,100.0,100.0,100.0,0,0,4,4
Saquon Barkley,45791,HB,NYG,1,0,21,82.4,0,0,6,13.0,12.5,100.0,0,0,0,6,48,81.3,0,0,4,21.1,21.1,100.0,0,0,4,19
Samaje Perine,11869,HB,CIN,1,0,7,83.4,0,0,6,22.2,21.4,100.0,0,0,0,6,28,78.8,0,0,3,20.0,18.8,100.0,0,0,3,16
Foster Moreau,47043,TE,LV,1,0,23,74.2,0,0,6,30.0,30.0,100.0,0,0,0,6,20,,0,0,0,0.0,0.0,,0,0,0,8
Rhamondre Stevenson,98689,HB,NE,1,0,19,83.3,0,0,5,15.6,16.7,100.0,0,0,0,6,36,81.3,0,0,4,22.2,25.0,100.0,0,0,5,20
Devin Singletary,40485,HB,BUF,1,0,4,48.5,0,2,4,22.2,27.3,75.0,0,2,0,6,22,36.0,0,2,3,37.5,40.0,66.7,2,0,4,10
Rachaad White,131633,HB,TB,1,0,30,81.9,0,0,5,26.3,25.0,100.0,0,0,0,5,20,74.1,0,0,1,25.0,25.0,100.0,0,0,1,4
Zack Moss,40341,HB,IND,1,0,14,66.4,0,0,5,22.7,22.7,80.0,0,1,1,5,22,62.8,0,0,4,36.4,36.4,75.0,1,1,4,11
Joe Mixon,11803,HB,CIN,1,0,7,79.8,0,0,5,18.5,17.2,100.0,0,0,0,5,29,72.4,0,0,1,9.1,8.3,100.0,0,0,1,12
John Bates,42275,TE,WAS,1,0,32,24.7,0,1,4,80.0,71.4,87.5,0,1,0,5,7,,0,0,0,,,,0,0,0,0
Jonathan Williams,10790,HB,WAS,1,0,32,80.0,0,0,5,31.3,29.4,100.0,0,0,0,5,17,73.4,0,0,1,14.3,14.3,100.0,0,0,1,7
Durham Smythe,47257,TE,MIA,1,0,17,60.3,1,0,5,41.7,38.5,90.0,0,1,0,5,13,,0,0,0,,,,0,0,0,0
Patrick Ricard,48862,FB,BLT,1,0,3,76.6,0,0,5,45.5,45.5,100.0,0,0,0,5,11,,0,0,0,0.0,0.0,,0,0,0,2
Travis Etienne,57185,HB,JAX,1,0,15,76.4,0,0,4,16.7,20.0,100.0,0,0,0,5,25,,0,0,0,0.0,0.0,,0,0,0,9
Cam Akers,57206,HB,LA,1,0,26,81.4,0,0,5,21.7,21.7,100.0,0,0,0,5,23,79.5,0,0,2,28.6,28.6,100.0,0,0,2,7
D'Andre Swift,57212,HB,DET,1,0,11,80.7,0,0,4,14.3,16.1,100.0,0,0,0,5,31,79.1,0,0,2,10.5,13.6,100.0,0,0,3,22
Chuba Hubbard,57373,HB,CAR,1,0,5,66.0,0,0,5,38.5,33.3,100.0,0,0,0,5,15,56.4,0,0,3,60.0,42.9,100.0,0,0,3,7
Brock Wright,60994,TE,DET,1,0,11,78.6,0,0,5,31.3,31.3,100.0,0,0,0,5,16,74.4,0,0,2,25.0,25.0,100.0,0,0,2,8
Maxx Williams,9488,TE,ARZ,1,0,1,57.2,0,0,4,44.4,44.4,100.0,0,0,0,4,9,,0,0,0,,,,0,0,0,0
Dare Ogunbowale,12329,HB,HST,1,0,13,81.1,0,0,2,25.0,40.0,100.0,0,0,0,4,10,73.4,0,0,0,0.0,20.0,,0,0,1,5
Johnny Mundt,12206,TE,MIN,1,0,18,74.5,0,0,4,36.4,36.4,100.0,0,0,0,4,11,,0,0,0,,,,0,0,0,0
Michael Carter,57337,HB,NYJ,1,0,22,55.3,1,0,4,19.0,19.0,87.5,0,1,0,4,21,49.5,1,0,3,21.4,21.4,83.3,1,0,3,14
Geoff Swaim,9679,TE,TEN,1,0,31,56.4,0,1,3,50.0,57.1,83.3,0,1,0,4,7,,0,0,0,0.0,0.0,,0,0,0,1
Khalil Herbert,41668,HB,CHI,1,0,6,78.5,0,0,4,28.6,25.0,100.0,0,0,0,4,16,77.9,0,0,2,28.6,28.6,100.0,0,0,2,7
Ike Boettger,46918,G,BUF,1,0,4,78.8,0,0,4,100.0,100.0,100.0,0,0,0,4,4,78.8,0,0,4,100.0,100.0,100.0,0,0,4,4
C.J. Ham,11347,FB,MIN,1,0,18,80.8,0,0,4,57.1,57.1,100.0,0,0,0,4,7,,0,0,0,,,,0,0,0,0
Chase Edmonds,45851,HB,DEN,1,0,10,20.4,0,1,4,21.1,19.0,62.5,0,2,1,4,21,16.5,0,1,3,23.1,23.1,50.0,2,1,3,13
T.J. Hockenson,40912,TE,MIN,1,0,18,73.6,0,0,4,8.3,8.0,100.0,0,0,0,4,50,69.2,0,0,1,5.3,5.3,100.0,0,0,1,19
Aaron Jones,11937,HB,GB,1,0,12,6.5,0,1,4,25.0,25.0,62.5,0,2,1,4,16,5.2,0,1,1,20.0,20.0,50.0,1,0,1,5
Tyler Davis,47743,TE,GB,1,0,12,73.2,0,0,4,66.7,66.7,100.0,0,0,0,4,6,,0,0,0,,,,0,0,0,0
Cole Turner,84330,TE,WAS,1,0,32,39.0,0,1,3,100.0,100.0,83.3,0,1,0,4,4,,0,0,0,,,,0,0,0,0
Marcedes Lewis,2973,TE,GB,1,0,12,73.2,0,0,4,25.0,23.5,100.0,0,0,0,4,17,72.0,0,0,2,50.0,40.0,100.0,0,0,2,5
Zonovan Knight,97432,HB,NYJ,1,0,22,77.5,0,0,4,33.3,30.8,100.0,0,0,0,4,13,,0,0,0,,0.0,,0,0,0,1
Brevin Jordan,77887,TE,HST,1,0,13,75.8,0,0,2,12.5,17.6,100.0,0,0,0,3,17,,0,0,0,0.0,0.0,,0,0,0,6
Scotty Washington,47964,TE,NE,1,0,19,76.6,0,0,3,27.3,21.4,100.0,0,0,0,3,14,76.6,0,0,3,42.9,37.5,100.0,0,0,3,8
Tytus Howard,25472,T,HST,1,0,13,77.6,0,0,3,100.0,100.0,100.0,0,0,0,3,3,77.6,0,0,3,100.0,100.0,100.0,0,0,3,3
Leonard Fournette,11759,HB,TB,1,0,30,59.4,0,0,3,11.5,10.7,100.0,0,0,0,3,28,50.5,0,0,2,28.6,22.2,100.0,0,0,2,9
Gerald Everett,11799,TE,LAC,1,0,27,75.1,0,0,3,13.6,13.6,100.0,0,0,0,3,22,,0,0,0,0.0,0.0,,0,0,0,10
Tyler Higbee,10744,TE,LA,1,0,26,74.8,0,0,3,11.5,11.1,100.0,0,0,0,3,27,,0,0,0,0.0,0.0,,0,0,0,7
Miles Sanders,40555,HB,PHI,1,0,24,78.2,0,0,3,20.0,18.8,100.0,0,0,0,3,16,,0,0,0,0.0,0.0,,0,0,0,5
Jordan Akins,47050,TE,HST,1,1,13,21.9,0,0,1,4.5,12.5,100.0,2,0,0,3,24,,0,0,0,0.0,0.0,,0,0,0,14
Derrick Henry,10679,HB,TEN,1,0,31,78.5,0,0,2,13.3,18.8,100.0,0,0,0,3,16,,0,0,0,0.0,0.0,,0,0,0,2
Jaylen Warren,98692,HB,PIT,1,0,25,78.9,0,0,3,21.4,20.0,100.0,0,0,0,3,15,73.1,0,0,1,20.0,20.0,100.0,0,0,1,5
Bobby Hart,9659,G,BUF,1,0,4,72.2,0,0,3,75.0,75.0,100.0,0,0,0,3,4,,0,0,0,,,,0,0,0,0
David Njoku,11784,TE,CLV,1,0,8,77.1,0,0,2,6.3,8.6,100.0,0,0,0,3,35,,0,0,0,0.0,0.0,,0,0,0,16
Latavius Murray,7962,HB,DEN,1,0,10,1.1,0,2,2,10.5,10.5,50.0,0,2,0,2,19,,0,0,0,0.0,0.0,,0,0,0,9
Garrett Griffin,11439,TE,DET,1,0,11,69.1,0,0,2,40.0,40.0,100.0,0,0,0,2,5,,0,0,0,0.0,0.0,,0,0,0,2
Travis Kelce,7844,TE,KC,1,0,16,72.9,0,0,2,6.9,6.5,100.0,0,0,0,2,31,,0,0,0,0.0,0.0,,0,0,0,16
Justin Jackson,29539,HB,DET,1,0,11,76.4,0,0,2,18.2,16.7,100.0,0,0,0,2,12,76.4,0,0,2,22.2,20.0,100.0,0,0,2,10
J.K. Dobbins,57366,HB,BLT,1,0,3,77.9,0,0,2,25.0,25.0,100.0,0,0,0,2,8,77.9,0,0,2,50.0,50.0,100.0,0,0,2,4
David Montgomery,45719,HB,CHI,1,0,6,35.0,0,1,2,9.5,9.1,75.0,0,1,0,2,22,,0,0,0,0.0,0.0,,0,0,0,6
Jordan Wilkins,26618,HB,IND,1,0,14,76.2,0,0,2,33.3,28.6,100.0,0,0,0,2,7,73.1,0,0,1,33.3,33.3,100.0,0,0,1,3
C.J. Uzomah,9590,TE,NYJ,1,0,22,72.5,0,0,2,12.5,12.5,100.0,0,0,0,2,16,,0,0,0,0.0,0.0,,0,0,0,2
Nick Chubb,45783,HB,CLV,1,0,8,23.5,0,0,2,22.2,20.0,100.0,0,0,0,2,10,,0,0,0,0.0,0.0,,0,0,0,2
Christian McCaffrey,11763,HB,SF,1,0,28,75.4,0,0,1,4.5,8.7,100.0,0,0,0,2,23,,0,0,0,0.0,0.0,,0,0,0,8
Alexander Mattison,45817,HB,MIN,1,0,18,74.3,0,0,2,20.0,20.0,100.0,0,0,0,2,10,,0,0,0,0.0,0.0,,0,0,0,4
James Hudson,59854,T,CLV,1,0,8,17.8,0,0,1,100.0,100.0,100.0,0,0,0,2,2,,0,0,0,,,,0,0,0,0
Tyler Kroft,9518,TE,SF,1,0,28,70.4,0,0,1,12.5,22.2,100.0,0,0,0,2,9,,0,0,0,0.0,0.0,,0,0,0,2
Eric Tomlinson,9786,TE,DEN,1,0,10,75.8,0,0,1,33.3,50.0,100.0,0,0,0,2,4,,0,0,0,,,,0,0,0,0
Sean McKeon,42266,TE,DAL,1,0,9,74.0,0,0,2,66.7,66.7,100.0,0,0,0,2,3,,0,0,0,,,,0,0,0,0
Devin Asiasi,40294,TE,CIN,1,0,7,72.1,0,0,2,11.8,11.1,100.0,0,0,0,2,18,,0,0,0,0.0,0.0,,0,0,0,7
Kevin Harris,99141,HB,NE,1,0,19,73.8,0,0,2,66.7,66.7,100.0,0,0,0,2,3,,0,0,0,0.0,0.0,,0,0,0,1
Mitchell Wilcox,47234,TE,CIN,1,0,7,70.4,0,0,2,6.1,5.9,100.0,0,0,0,2,34,,0,0,0,0.0,0.0,,0,0,0,17
Nick Vannett,10728,TE,NYG,1,0,21,70.6,0,0,2,50.0,40.0,100.0,0,0,0,2,5,,0,0,0,,,,0,0,0,0
Tre' McKitty,60896,TE,LAC,1,0,27,76.9,0,0,2,16.7,16.7,100.0,0,0,0,2,12,,0,0,0,0.0,0.0,,0,0,0,4
Ian Thomas,42130,TE,CAR,1,0,5,75.9,0,0,2,16.7,15.4,100.0,0,0,0,2,13,75.0,0,0,1,33.3,33.3,100.0,0,0,1,3
Cole Kmet,60995,TE,CHI,1,0,6,70.5,0,0,2,6.7,6.1,100.0,0,0,0,2,33,,0,0,0,0.0,0.0,,0,0,0,13
Stephen Anderson,11160,TE,ARZ,1,0,1,89.6,0,0,2,33.3,33.3,100.0,0,0,0,2,6,73.4,0,0,1,100.0,100.0,100.0,0,0,1,1
Nikola Kalinic,156095,TE,IND,1,0,14,20.9,1,0,2,100.0,100.0,75.0,0,1,0,2,2,9.2,1,0,1,100.0,100.0,50.0,1,0,1,1
Trey McBride,75916,TE,ARZ,1,0,1,71.7,0,0,2,4.8,4.5,100.0,0,0,0,2,44,,0,0,0,0.0,0.0,,0,0,0,12
Dawson Knox,35883,TE,BUF,1,0,4,71.7,0,0,1,4.5,7.7,100.0,0,0,0,2,26,,0,0,0,0.0,0.0,,0,0,0,13
Kenneth Gainwell,77737,HB,PHI,1,0,24,78.1,0,0,2,8.3,7.7,100.0,0,0,0,2,26,74.4,0,0,1,5.9,5.6,100.0,0,0,1,18
James Mitchell,77885,TE,DET,1,0,11,80.3,0,0,1,9.1,15.4,100.0,0,0,0,2,13,70.2,0,0,0,0.0,14.3,,0,0,1,7
Alec Ingold,34934,FB,MIA,1,0,17,80.5,0,0,2,20.0,20.0,100.0,0,0,0,2,10,,0,0,0,0.0,0.0,,0,0,0,1
Chris Manhertz,10211,TE,JAX,1,0,15,71.0,0,0,2,28.6,25.0,100.0,0,0,0,2,8,,0,0,0,,,,0,0,0,0
Jonnu Smith,11855,TE,NE,1,0,19,72.1,0,0,2,8.7,8.3,100.0,0,0,0,2,24,69.6,0,0,1,9.1,8.3,100.0,0,0,1,12
DeeJay Dallas,55632,HB,SEA,1,0,29,42.8,0,0,2,6.5,6.1,100.0,0,0,0,2,33,26.6,0,0,1,5.6,5.0,100.0,0,0,1,20
Malcolm Brown,9902,HB,LA,1,0,26,78.1,0,0,1,25.0,40.0,100.0,0,0,0,2,5,74.6,0,0,0,0.0,33.3,,0,0,1,3
Tyler Allgeier,83639,HB,ATL,1,0,2,14.1,0,0,2,9.1,8.7,100.0,0,0,0,2,23,5.4,0,0,1,20.0,16.7,100.0,0,0,1,6
Hassan Haskins,83701,HB,TEN,1,0,31,76.6,0,0,2,15.4,15.4,100.0,0,0,0,2,13,76.6,0,0,2,18.2,18.2,100.0,0,0,2,11
Isiah Pacheco,83747,HB,KC,1,0,16,36.9,0,1,2,18.2,16.7,75.0,0,1,0,2,12,,0,0,0,0.0,0.0,,0,0,0,2
Najee Harris,57121,HB,PIT,1,0,25,74.1,0,0,2,7.4,7.1,100.0,0,0,0,2,28,72.4,0,0,1,5.0,5.0,100.0,0,0,1,20
Teagan Quitoriano,84036,TE,HST,1,0,13,72.3,0,0,1,12.5,20.0,100.0,0,0,0,2,10,,0,0,0,0.0,0.0,,0,0,0,2
Daniel Bellinger,84041,TE,NYG,1,0,21,70.6,0,0,2,4.2,3.9,100.0,0,0,0,2,51,,0,0,0,0.0,0.0,,0,0,0,21
Jamaal Williams,11889,HB,DET,1,0,11,73.1,0,0,2,25.0,25.0,100.0,0,0,0,2,8,69.2,0,0,1,33.3,33.3,100.0,0,0,1,3
Thayer Munford,59994,T,LV,1,0,23,72.3,0,0,2,100.0,100.0,100.0,0,0,0,2,2,,0,0,0,,,,0,0,0,0
Kenneth Walker III,97199,HB,SEA,1,0,29,68.8,0,0,1,8.3,7.7,100.0,0,0,0,1,13,,0,0,0,0.0,0.0,,0,0,0,6
Justice Hill,45865,HB,BLT,1,0,3,73.4,0,0,1,16.7,16.7,100.0,0,0,0,1,6,73.4,0,0,1,25.0,25.0,100.0,0,0,1,4
Olamide Zaccheaus,44920,WR,ATL,1,0,2,65.4,0,0,1,2.9,2.7,100.0,0,0,0,1,37,,0,0,0,0.0,0.0,,0,0,0,12
Gus Edwards,46027,HB,BLT,1,0,3,68.8,0,0,1,25.0,25.0,100.0,0,0,0,1,4,,0,0,0,,,,0,0,0,0
Khari Blasingame,44889,FB,CHI,1,0,6,66.3,0,0,1,50.0,50.0,100.0,0,0,0,1,2,,0,0,0,,,,0,0,0,0
Avery Williams,42873,HB,ATL,1,0,2,18.1,0,0,1,16.7,16.7,100.0,0,0,0,1,6,5.2,0,0,0,0.0,0.0,,0,0,0,3
Noah Fant,42388,TE,SEA,1,0,29,28.9,1,0,1,4.0,3.7,50.0,0,1,0,1,27,,0,0,0,0.0,0.0,,0,0,0,15
Byron Pringle,42345,WR,CHI,1,0,6,66.2,0,1,1,3.3,3.0,50.0,0,1,0,1,33,,0,0,0,0.0,0.0,,0,0,0,13
Yodny Cajuste,46297,T,NE,1,0,19,69.6,0,0,1,50.0,50.0,100.0,0,0,0,1,2,,0,0,0,,,,0,0,0,0
Jack Stoll,42058,TE,PHI,1,0,24,70.2,0,0,1,20.0,16.7,100.0,0,0,0,1,6,,0,0,0,,0.0,,0,0,0,1
Ezekiel Elliott,10638,HB,DAL,1,0,9,74.1,0,0,1,5.9,5.9,100.0,0,0,0,1,17,74.1,0,0,1,12.5,12.5,100.0,0,0,1,8
Max Scharping,46961,G,CIN,1,0,7,2.8,0,0,0,,100.0,,1,0,0,1,1,,0,0,0,,,,0,0,0,0
DeAndre Carter,9859,WR,LAC,1,0,27,65.9,0,0,1,16.7,16.7,100.0,0,0,0,1,6,,0,0,0,0.0,0.0,,0,0,0,3
Josiah Deguara,47034,TE,GB,1,0,12,69.7,0,0,1,11.1,11.1,100.0,0,0,0,1,9,,0,0,0,,,,0,0,0,0
Josh Oliver,47083,TE,BLT,1,0,3,68.8,0,0,1,9.1,9.1,100.0,0,0,0,1,11,,0,0,0,0.0,0.0,,0,0,0,3
Tyler Conklin,47124,TE,NYJ,1,0,22,70.2,0,0,1,3.3,3.2,100.0,0,0,0,1,31,,0,0,0,0.0,0.0,,0,0,0,17
Richie James Jr.,28991,WR,NYG,1,0,21,65.7,0,0,1,2.4,2.3,100.0,0,0,0,1,44,,0,0,0,0.0,0.0,,0,0,0,21
Dallas Goedert,47272,TE,PHI,1,0,24,69.6,0,0,1,2.7,2.5,100.0,0,0,0,1,40,,0,0,0,0.0,0.0,,0,0,0,23
Dalton Schultz,47304,TE,DAL,1,0,9,69.6,0,0,1,2.6,2.5,100.0,0,0,0,1,40,,0,0,0,0.0,0.0,,0,0,0,25
Brycen Hopkins,47338,TE,LA,1,0,26,67.1,0,0,1,7.7,7.7,100.0,0,0,0,1,13,,0,0,0,0.0,0.0,,0,0,0,3
Brandon Powell,48036,WR,LA,1,0,26,62.3,0,0,1,5.6,5.6,100.0,0,0,0,1,18,,0,0,0,0.0,0.0,,0,0,0,7
Dante Pettis,48113,WR,CHI,1,0,6,62.4,0,0,1,3.7,3.3,100.0,0,0,0,1,30,,0,0,0,0.0,0.0,,0,0,0,12
Ben Niemann,51099,LB,ARZ,1,0,1,62.7,0,0,1,100.0,100.0,100.0,0,0,0,1,1,,0,0,0,,,,0,0,0,0
Kareem Hunt,11841,HB,CLV,1,0,8,70.4,0,0,1,4.3,4.0,100.0,0,0,0,1,25,,0,0,0,0.0,0.0,,0,0,0,14
Austin Trammell,52195,WR,LA,1,0,26,65.2,0,0,1,50.0,50.0,100.0,0,0,0,1,2,,0,0,0,,,,0,0,0,0
Brian Robinson Jr.,57120,HB,WAS,1,0,32,68.8,0,0,1,14.3,12.5,100.0,0,0,0,1,8,,0,0,0,0.0,0.0,,0,0,0,1
Joshua Kelley,13750,HB,LAC,1,0,27,5.4,0,0,1,7.1,7.1,100.0,0,0,0,1,14,5.4,0,0,1,11.1,11.1,100.0,0,0,1,9
Tony Pollard,27126,HB,DAL,1,0,9,62.0,0,0,1,3.8,3.7,100.0,0,0,0,1,27,,0,0,0,0.0,0.0,,0,0,0,17
Trent Scott,24481,T,PIT,1,0,25,69.6,0,0,1,100.0,100.0,100.0,0,0,0,1,1,,0,0,0,,,,0,0,0,0
David Johnson,9519,HB,NO,1,0,20,72.4,0,0,1,20.0,20.0,100.0,0,0,0,1,5,,0,0,0,0.0,0.0,,0,0,0,3
Patrick Taylor Jr.,40448,HB,GB,1,0,12,3.6,0,1,1,50.0,50.0,50.0,0,1,0,1,2,3.6,0,1,1,50.0,50.0,50.0,1,0,1,2
Shane Zylstra,143786,TE,DET,1,0,11,49.9,0,1,1,4.3,4.0,50.0,0,1,0,1,25,49.9,0,1,1,5.9,5.3,50.0,1,0,1,19
Chase Allen,39988,TE,CHI,1,0,6,69.6,0,0,1,100.0,100.0,100.0,0,0,0,1,1,,0,0,0,,,,0,0,0,0
Cameron Brate,9207,TE,TB,1,0,30,67.8,0,0,1,16.7,16.7,100.0,0,0,0,1,6,67.8,0,0,1,50.0,50.0,100.0,0,0,1,2
Tanner Vallejo,11950,LB,ARZ,1,0,1,62.7,0,0,1,100.0,100.0,100.0,0,0,0,1,1,,0,0,0,,,,0,0,0,0
Mo Alie-Cox,12078,TE,IND,1,0,14,70.2,0,0,1,6.3,6.3,100.0,0,0,0,1,16,,0,0,0,0.0,0.0,,0,0,0,7
Peyton Hendershot,60915,TE,DAL,1,0,9,70.4,0,0,1,33.3,33.3,100.0,0,0,0,1,3,,0,0,0,0.0,0.0,,0,0,0,1
Robert Tonyan,12193,TE,GB,1,0,12,68.0,0,0,1,3.7,3.7,100.0,0,0,0,1,27,,0,0,0,0.0,0.0,,0,0,0,9
Grant Calcaterra,60997,TE,PHI,1,0,24,70.2,0,0,1,33.3,33.3,100.0,0,0,0,1,3,,0,0,0,,,,0,0,0,0
Cade Otton,61071,TE,TB,1,0,30,65.7,0,0,1,2.4,2.3,100.0,0,0,0,1,44,,0,0,0,0.0,0.0,,0,0,0,11
Jake Ferguson,61081,TE,DAL,1,0,9,69.6,0,0,1,12.5,12.5,100.0,0,0,0,1,8,,0,0,0,0.0,0.0,,0,0,0,3
Pharaoh Brown,12247,TE,CLV,1,0,8,70.3,0,0,1,50.0,50.0,100.0,0,0,0,1,2,,0,0,0,0.0,0.0,,0,0,0,1
Troy Hairston II,65088,FB,HST,1,0,13,65.8,0,0,1,50.0,50.0,100.0,0,0,0,1,2,,0,0,0,,,,0,0,0,0
Zach Gentry,36049,TE,PIT,1,0,25,70.2,0,0,1,9.1,9.1,100.0,0,0,0,1,11,,0,0,0,0.0,0.0,,0,0,0,5
Logan Thomas,8755,TE,WAS,1,0,32,70.2,0,0,1,3.0,2.9,100.0,0,0,0,1,34,,0,0,0,0.0,0.0,,0,0,0,14
Dennis Gardeck,66928,ED,ARZ,1,0,1,62.7,0,0,1,100.0,100.0,100.0,0,0,0,1,1,,0,0,0,,,,0,0,0,0
Adam Thielen,8288,WR,MIN,1,0,18,66.2,0,0,1,2.1,2.0,100.0,0,0,0,1,49,,0,0,0,0.0,0.0,,0,0,0,19
Ryan Griffin,7982,TE,CHI,1,0,6,69.6,0,0,1,16.7,16.7,100.0,0,0,0,1,6,,0,0,0,0.0,0.0,,0,0,0,1
Rex Burkhead,7971,HB,HST,1,0,13,75.0,0,0,1,9.1,9.1,100.0,0,0,0,1,11,75.0,0,0,1,12.5,12.5,100.0,0,0,1,8
Jakob Johnson,32565,FB,LV,1,0,23,68.8,0,0,1,25.0,25.0,100.0,0,0,0,1,4,,0,0,0,0.0,0.0,,0,0,0,2
Kevin Rader,30887,TE,TEN,1,0,31,73.0,0,0,1,100.0,100.0,100.0,0,0,0,1,1,,0,0,0,,,,0,0,0,0
Dan Skipper,12307,G,DET,1,0,11,66.5,0,0,1,100.0,100.0,100.0,0,0,0,1,1,66.5,0,0,1,100.0,100.0,100.0,0,0,1,1
Tommy Tremble,84025,TE,CAR,1,0,5,69.6,0,0,1,7.7,7.1,100.0,0,0,0,1,14,,0,0,0,0.0,0.0,,0,0,0,5
Pat Freiermuth,84085,TE,PIT,1,0,25,66.6,0,0,1,2.8,2.7,100.0,1,0,0,1,37,,0,0,0,0.0,0.0,,0,0,0,24
Donald Parham,91014,TE,LAC,1,0,27,67.4,0,0,1,9.1,8.3,100.0,0,0,0,1,12,,0,0,0,0.0,0.0,,0,0,0,4
Travis Homer,45859,HB,SEA,1,0,29,73.4,0,0,1,100.0,100.0,100.0,0,0,0,1,1,,0,0,0,,,,0,0,0,0
David Bell,97989,WR,CLV,1,0,8,65.8,0,0,0,0.0,3.4,,0,0,0,1,29,,0,0,0,0.0,0.0,,0,0,0,16
Cordarrelle Patterson,7810,HB,ATL,1,0,2,26.9,1,0,1,6.3,5.9,50.0,0,1,0,1,17,26.9,1,0,1,16.7,16.7,50.0,1,0,1,6
Aaron Brewer,7301,LS,ARZ,1,0,1,61.5,0,0,1,100.0,100.0,100.0,0,0,0,1,1,,0,0,0,,,,0,0,0,0
D'Ernest Johnson,45734,HB,CLV,1,0,8,68.5,0,0,1,50.0,50.0,100.0,0,0,0,1,2,68.5,0,0,1,100.0,100.0,100.0,0,0,1,1
Ty Johnson,45769,HB,NYJ,1,0,22,68.5,0,0,1,14.3,14.3,100.0,0,0,0,1,7,,0,0,0,0.0,0.0,,0,0,0,4
