player,player_id,position,team_name,player_game_count,accuracy_percent,aimed_passes,attempts,avg_depth_of_target,avg_time_to_throw,bats,big_time_throws,btt_rate,completion_percent,completions,declined_penalties,def_gen_pressures,drop_rate,dropbacks,drops,first_downs,franchise_id,grades_hands_fumble,grades_offense,grades_pass,grades_run,hit_as_threw,interceptions,passing_snaps,penalties,pressure_to_sack_rate,qb_rating,sack_percent,sacks,scrambles,spikes,thrown_aways,touchdowns,turnover_worthy_plays,twp_rate,yards,ypa
Will Rogers,124184,QB,MISS STATE,12,78.8,523,570,5.9,2.49,18,13,2.2,67.2,383,0,124,7.0,608,29,195,227,58.4,75.5,74.1,58.3,1,6,640,3,19.4,100.6,3.9,24,11,6,22,34,17,2.7,3694,6.5
Kyle Vantrease,55029,QB,GA SOUTHRN,11,69.4,481,507,8.7,2.29,7,18,3.4,61.1,310,0,116,7.2,521,24,168,174,69.0,66.2,66.1,52.0,1,14,547,0,5.2,84.9,1.2,6,8,0,18,22,23,4.2,3520,6.9
Austin Reed,111760,QB,W KENTUCKY,12,73.9,471,498,7.9,2.28,13,25,4.8,65.7,327,0,94,6.0,530,21,177,346,51.4,76.8,77.0,60.0,5,9,553,2,12.8,103.5,2.3,12,15,2,7,33,21,3.8,3843,7.7
John Paddock,77689,QB,BALL ST,12,68.1,455,483,7.3,2.2,13,15,2.9,59.8,289,0,123,6.8,501,21,145,117,68.8,66.3,65.7,50.2,5,14,530,1,10.6,76.0,2.6,13,5,0,10,18,19,3.6,2743,5.7
Michael Penix Jr.,82134,QB,WASHINGTON,11,75.5,441,460,9.5,2.57,3,19,3.9,66.3,305,0,106,8.4,477,28,191,340,80.5,87.0,87.4,53.4,1,6,507,3,3.8,105.8,0.8,4,13,2,13,26,6,1.2,3869,8.4
Hunter Dekkers,122511,QB,IOWA STATE,11,75.2,419,434,7.4,2.63,2,13,2.9,66.8,290,1,152,7.9,481,25,155,193,70.5,75.6,75.5,59.3,2,13,500,3,17.1,87.3,5.4,26,20,1,10,18,12,2.4,2938,6.8
Aidan O'Connell,60516,QB,PURDUE,10,72.9,395,423,8.5,2.52,4,17,3.8,63.4,268,0,111,6.9,450,20,139,273,73.4,68.9,68.4,57.9,6,11,478,4,14.4,87.7,3.6,16,10,0,18,20,22,4.6,2827,6.7
Clayton Tune,77652,QB,HOUSTON,11,79.0,391,422,9.6,3.08,6,21,4.8,68.5,289,0,133,6.5,489,20,191,182,54.1,90.8,88.2,77.6,2,9,514,2,15.8,112.0,4.3,21,44,1,22,35,17,3.3,3450,8.2
Jack Plummer,83543,QB,CAL,11,74.2,380,419,9.2,2.61,3,16,3.6,61.6,258,0,173,8.5,461,24,136,130,67.0,76.1,72.4,77.2,6,9,490,3,17.9,85.8,6.7,31,11,0,30,17,18,3.7,2801,6.7
Layne Hatcher,82068,QB,TEXAS ST,11,73.0,382,419,8.0,2.73,4,15,3.5,62.5,262,0,120,6.1,462,17,113,314,60.0,61.8,60.9,57.7,1,9,479,5,20.8,85.7,5.4,25,15,1,31,19,19,4.0,2547,6.1
Cameron Ward,133244,QB,WASH STATE,11,74.5,384,417,7.1,2.91,4,9,2.1,63.5,265,0,166,7.3,483,21,154,341,50.8,63.2,59.4,71.5,1,8,503,3,19.9,91.5,6.8,33,29,0,28,21,16,3.2,2769,6.6
Jayden de Laura,131928,QB,ARIZONA,11,70.9,399,415,9.8,3.12,3,24,5.5,62.7,260,0,153,8.1,479,23,184,109,26.8,73.4,70.4,70.5,1,12,502,6,17.0,97.3,5.4,26,37,2,10,25,25,5.0,3485,8.4
Holton Ahlers,77651,QB,E CAROLINA,11,75.3,376,398,8.6,2.45,10,16,3.8,66.6,265,0,131,6.4,430,18,143,156,74.5,86.2,84.7,65.7,3,5,454,1,10.7,101.4,3.3,14,18,2,7,20,11,2.4,3085,7.8
Tanner McKee,131770,QB,STANFORD,11,70.9,354,392,7.9,2.5,7,14,3.4,59.7,234,0,133,6.8,453,17,128,300,73.3,73.0,73.4,53.0,2,8,477,0,27.8,81.5,8.2,37,22,6,23,12,8,1.7,2636,6.7
Drake Maye,143969,QB,N CAROLINA,11,78.0,363,390,10.6,2.89,3,37,9.2,68.2,266,0,177,6.0,493,17,190,245,61.1,92.6,91.8,76.4,4,4,511,2,20.3,121.2,7.3,36,63,2,18,33,9,1.8,3586,9.2
Caleb Williams,144622,QB,USC,11,75.5,364,387,10.0,3.29,5,22,5.3,64.9,251,0,142,8.7,438,24,171,326,52.3,90.5,87.7,75.3,2,3,469,1,14.8,118.8,4.8,21,30,1,15,33,8,1.7,3485,9.0
Connor Bazelak,99135,QB,INDIANA,9,64.7,354,386,8.3,2.47,5,9,2.2,54.7,211,0,138,7.9,409,18,103,190,66.4,53.9,53.4,55.3,1,9,438,6,15.2,71.1,5.1,21,1,0,26,12,14,3.2,2111,5.5
E.J. Warner,156185,QB,TEMPLE,10,68.1,360,380,8.3,2.3,4,8,2.0,58.7,223,0,115,9.0,391,22,121,306,59.8,56.9,59.7,31.0,1,11,409,3,6.1,77.7,1.8,7,4,0,15,13,21,5.1,2498,6.6
DJ Irons,145585,QB,AKRON,10,73.8,359,380,9.1,2.89,1,11,2.8,66.1,251,2,157,5.3,455,14,142,102,61.8,72.6,68.5,72.8,3,7,473,6,26.1,86.6,9.0,41,32,2,15,10,15,3.2,2589,6.8
Chase Cunningham,78533,QB,MIDDLE TN,10,77.9,349,378,6.2,2.45,3,14,3.5,66.7,252,0,131,7.4,409,20,121,224,65.6,59.1,62.1,49.1,3,9,437,3,14.5,93.5,4.6,19,11,1,22,19,18,4.1,2631,7.0
Seth Henigan,144267,QB,MEMPHIS,11,73.2,366,378,9.4,2.84,2,14,3.4,64.3,243,0,138,9.3,455,25,147,218,53.5,78.6,78.4,63.6,1,7,486,2,20.3,97.0,6.2,28,47,0,9,18,14,2.9,3009,8.0
Hayden Wolff,98362,QB,DOMINION,11,66.3,353,376,9.8,2.68,12,23,5.8,56.6,213,0,154,9.0,429,21,117,263,31.2,67.1,67.2,55.5,2,6,447,2,21.4,85.8,7.7,33,19,1,8,16,21,4.7,2619,7.0
Frank Harris,60586,QB,UTSA,11,76.3,355,375,8.8,2.62,5,18,4.5,68.8,258,0,120,4.8,431,13,175,331,57.4,90.4,85.8,79.1,1,7,454,3,12.5,108.0,3.5,15,41,2,12,24,11,2.4,3149,8.4
Matt McDonald,60350,QB,BOWL GREEN,11,72.9,347,374,8.5,2.72,14,19,4.7,61.2,229,0,152,9.5,434,24,120,122,61.4,77.2,76.0,62.8,6,8,464,3,23.0,93.0,8.1,35,23,0,7,22,16,3.4,2624,7.0
Tanner Mordecai,77656,QB,SMU,10,73.6,360,374,9.5,2.68,1,26,6.5,63.4,237,0,94,10.6,412,28,146,287,39.6,80.7,83.9,42.0,2,9,437,1,18.1,104.7,4.1,17,20,0,11,29,12,2.7,3053,8.2
Spencer Sanders,77660,QB,OKLA STATE,10,66.8,340,368,9.9,2.75,3,10,2.5,57.6,212,0,133,6.6,421,15,142,262,83.3,69.1,63.3,73.7,8,9,448,2,12.0,85.2,3.8,16,36,0,17,17,17,3.8,2641,7.2
Jaren Hall,82094,QB,BYU,11,75.5,330,365,9.9,2.78,6,19,4.9,65.8,240,0,93,3.6,404,9,147,128,56.4,84.1,80.5,71.4,2,6,430,0,12.9,111.5,3.0,12,25,1,26,29,11,2.6,3069,8.4
Brayden Schager,146078,QB,HAWAII,11,67.9,336,357,9.9,2.79,2,14,3.7,54.9,196,0,118,14.0,390,32,103,180,56.9,64.2,62.3,62.0,3,10,411,1,8.5,72.1,2.6,10,15,1,15,12,15,3.6,2118,5.9
Chevan Cordeiro,75886,QB,S JOSE ST,10,72.7,330,356,10.2,2.76,7,22,5.8,60.7,216,0,144,10.0,451,24,139,285,68.6,78.2,75.0,68.5,2,3,479,2,27.1,97.2,8.6,39,56,0,17,18,12,2.5,2671,7.5
Grayson James,145214,QB,FIU,11,68.6,334,355,7.0,2.38,5,8,2.2,58.0,206,0,117,10.0,390,23,103,166,69.1,65.6,61.7,70.5,2,11,404,2,11.1,70.8,3.3,13,18,0,14,11,14,3.5,1958,5.5
Kurtis Rourke,97998,QB,OHIO,11,77.8,334,352,10.1,2.87,3,29,7.9,69.0,243,0,120,6.5,381,17,152,259,62.5,93.1,92.1,76.2,4,4,399,2,13.3,117.2,4.2,16,12,0,11,25,11,2.8,3261,9.3
Cole Snyder,97617,QB,BUFFALO,10,67.2,323,351,9.7,2.47,8,14,3.8,59.0,207,0,117,4.6,404,10,117,126,57.9,64.6,62.3,61.8,2,7,418,0,23.9,84.0,6.9,28,24,0,18,14,21,5.0,2337,6.7
Sam Hartman,77618,QB,WAKE,10,71.0,338,350,12.6,2.98,5,21,5.6,63.1,221,0,136,7.9,415,19,158,339,37.4,83.1,85.3,51.7,5,10,444,1,23.5,109.9,7.7,32,33,0,2,32,14,3.2,3073,8.8
Ben Bryant,77655,QB,CINCINNATI,11,70.1,334,350,10.4,2.43,6,23,6.3,61.1,214,0,97,8.5,386,20,126,138,57.5,80.4,82.8,48.9,5,7,400,5,24.7,97.4,6.2,24,12,1,4,21,11,2.8,2744,7.8
Stetson Bennett,60387,QB,GEORGIA,11,76.2,328,348,9.1,2.5,4,17,4.7,67.5,235,0,64,6.0,365,15,149,173,44.7,85.6,82.3,71.0,3,6,378,1,14.1,100.7,2.5,9,7,1,12,14,10,2.6,3016,8.7
Payton Thorne,101629,QB,MICH STATE,11,71.3,328,346,8.4,2.72,6,15,4.0,63.0,218,1,100,6.8,375,16,122,223,73.5,72.8,72.0,61.1,1,10,404,4,16.0,89.4,4.3,16,13,1,10,18,12,3.0,2450,7.1
Carter Bradley,77685,QB,S ALABAMA,11,74.5,318,341,8.5,2.42,8,18,5.0,63.9,218,0,99,8.0,386,19,138,288,72.5,74.3,75.0,58.6,8,9,404,5,20.2,97.1,5.2,20,24,1,6,20,13,3.2,2717,8.0
Bo Nix,97790,QB,OREGON,11,83.9,305,337,7.8,2.67,7,13,3.7,72.1,243,0,80,5.1,365,13,142,264,76.3,88.0,78.8,84.8,1,6,385,4,5.0,117.3,1.1,4,23,0,24,25,7,1.8,3057,9.1
DJ Uiagalelei,122162,QB,CLEMSON,11,74.0,312,336,9.1,2.51,3,22,6.2,65.2,219,0,97,5.2,378,12,117,140,49.2,81.8,77.5,71.5,5,6,395,2,19.6,99.7,5.0,19,18,0,16,21,10,2.5,2411,7.2
Grant Wells,97784,QB,VA TECH,11,72.8,302,333,8.4,2.76,9,14,3.9,58.9,196,0,121,10.9,384,24,103,337,70.8,66.0,64.3,63.5,1,9,408,3,24.8,76.1,7.8,30,21,0,21,9,12,2.9,2176,6.5
Brennan Armstrong,77696,QB,VIRGINIA,10,66.1,322,333,10.3,2.84,8,14,4.0,53.8,179,0,165,16.0,411,34,113,335,50.5,58.4,56.3,60.9,0,12,431,0,20.0,66.2,8.0,33,45,0,3,7,19,4.4,2185,6.6
N'Kosi Perry,60446,QB,FAU,11,65.7,318,331,11.1,2.44,3,28,8.1,56.8,188,0,98,10.0,367,21,126,165,25.6,80.1,83.7,52.1,1,5,384,1,15.3,96.8,4.1,15,20,0,9,23,13,3.4,2427,7.3
Hendon Hooker,60593,QB,TENNESSEE,11,75.9,324,331,11.5,2.6,3,17,4.6,69.2,229,0,92,6.9,393,17,140,307,55.9,90.9,85.4,84.4,2,2,435,4,28.3,123.9,6.6,26,35,1,1,27,5,1.2,3135,9.5
Dorian Thompson-Robinson,83574,QB,UCLA,11,77.2,312,330,6.7,2.81,5,8,2.3,69.4,229,0,126,5.0,384,12,154,324,36.4,72.2,65.7,73.3,2,7,398,2,11.1,109.2,3.6,14,39,0,11,24,16,4.0,2684,8.1
Bryce Young,123943,QB,ALABAMA,10,77.2,298,329,9.5,3.0,1,18,5.2,63.8,210,0,119,8.7,370,20,141,103,55.5,90.7,90.8,64.1,9,4,389,4,13.4,108.2,4.3,16,24,0,21,24,8,2.1,2661,8.1
JT Daniels,83578,QB,W VIRGINIA,10,70.2,315,327,9.1,2.49,2,11,3.2,61.2,200,0,86,9.5,350,21,107,343,62.5,70.0,69.4,54.0,7,9,371,2,19.8,81.7,4.9,17,6,0,3,13,12,3.2,2107,6.4
Chase Brice,60363,QB,APP STATE,11,70.8,308,323,10.7,2.51,3,31,9.1,63.2,204,0,104,6.4,370,14,123,108,51.2,77.6,78.7,56.1,1,6,391,2,18.3,109.3,5.1,19,26,0,11,27,16,4.1,2669,8.3
Riley Leonard,143862,QB,DUKE,11,70.0,300,322,8.5,2.73,5,14,4.1,62.4,201,0,111,4.3,377,9,117,154,76.2,74.9,68.1,75.6,7,5,401,2,10.8,95.1,3.2,12,42,1,9,16,6,1.5,2387,7.4
Austin Aune,83528,QB,N TEXAS,11,65.9,308,322,12.2,2.55,2,23,6.8,57.5,185,0,78,8.9,344,18,130,251,64.5,77.4,76.3,62.3,1,11,363,1,12.8,103.4,2.9,10,10,2,9,29,18,5.0,2912,9.0
Jaxson Dart,146409,QB,OLE MISS,12,70.1,304,321,10.8,2.76,5,23,6.6,62.6,201,0,130,5.6,371,12,125,226,53.0,78.4,74.2,71.0,6,8,403,1,9.2,96.5,3.2,12,33,0,6,18,13,3.2,2613,8.1
Daniel Richardson,97103,QB,C MICHIGAN,10,66.6,305,319,8.5,2.41,6,10,2.9,56.1,179,0,99,11.8,349,24,102,134,63.0,59.5,57.1,67.3,1,5,374,0,20.2,84.2,5.7,20,9,0,7,15,13,3.5,2004,6.3
Taulia Tagovailoa,97271,QB,MARYLAND,10,78.9,298,317,7.5,2.97,3,14,4.2,68.8,218,0,117,7.2,366,17,123,215,58.2,80.1,79.4,62.3,0,6,385,1,24.8,100.4,7.9,29,20,0,16,16,17,4.4,2441,7.7
Tommy DeVito,60545,QB,ILLINOIS,11,78.7,305,316,7.4,2.54,0,12,3.6,69.9,221,0,79,7.9,353,19,126,187,73.2,86.8,83.8,69.9,1,3,376,0,22.8,102.0,5.1,18,17,0,10,15,6,1.6,2257,7.1
Gavin Hardison,100827,QB,UTEP,10,65.3,291,316,12.0,2.97,6,21,6.3,51.9,164,0,102,13.7,359,26,102,330,56.9,70.8,69.3,61.6,3,8,380,2,21.6,73.4,6.1,22,19,1,15,11,18,4.7,2047,6.5
Spencer Rattler,97408,QB,S CAROLINA,11,79.2,283,316,7.3,2.88,1,18,5.4,66.5,210,0,127,6.3,375,14,104,289,29.3,70.4,71.9,52.0,4,9,399,3,18.1,92.4,6.1,23,31,0,28,14,16,4.0,2431,7.7
Chris Reynolds,60361,QB,CHARLOTTE,10,74.6,291,316,9.6,2.72,3,23,6.7,63.6,201,0,128,7.4,353,16,127,136,56.5,83.4,83.8,55.3,2,11,383,2,19.5,97.1,7.1,25,12,0,20,22,11,2.9,2525,8.0
Brady Cook,124199,QB,MISSOURI,11,75.5,294,315,8.2,2.61,1,15,4.6,65.1,205,0,99,7.7,367,17,107,229,62.4,75.8,69.4,75.3,1,7,379,3,21.2,89.9,5.7,21,28,3,16,12,16,4.2,2276,7.2
Jayden Daniels,97993,QB,LSU,11,78.0,300,313,8.0,2.93,4,10,3.0,69.3,217,0,122,7.3,413,17,150,211,71.4,89.7,78.1,86.7,1,2,437,0,33.6,104.8,9.9,41,59,1,7,15,3,0.7,2377,7.6
James Blackman,60382,QB,ARK STATE,10,73.9,291,313,8.4,2.67,2,17,5.3,64.5,202,0,136,6.0,355,13,106,113,71.1,82.6,81.5,63.5,7,2,366,1,22.1,97.9,8.5,30,11,0,13,14,4,1.1,2238,7.2
Cameron Rising,77663,QB,UTAH,10,72.2,302,312,8.9,2.55,2,10,3.1,64.4,201,0,86,7.8,345,17,136,328,72.6,78.5,72.4,77.7,1,7,361,3,7.0,98.5,1.7,6,26,2,5,19,10,2.8,2381,7.6
Max Duggan,99470,QB,TCU,11,78.3,286,309,9.1,2.72,10,14,4.4,66.0,204,0,113,8.9,351,20,124,305,62.3,83.2,78.4,75.8,1,3,365,4,20.4,119.6,6.6,23,18,1,11,26,10,2.7,2858,9.2
C.J. Stroud,129759,QB,OHIO STATE,11,71.6,299,308,11.0,2.86,1,22,6.7,65.9,203,0,70,5.1,329,11,138,260,63.4,81.9,82.9,52.8,0,4,350,4,12.9,129.9,2.7,9,11,1,7,35,15,4.3,2987,9.7
Dillon Gabriel,86272,QB,OKLAHOMA,10,72.2,288,307,9.3,2.58,7,15,4.7,61.9,190,0,69,8.7,346,18,116,261,73.5,82.5,78.0,75.9,1,5,364,3,24.6,100.0,4.9,17,16,1,10,18,4,1.1,2471,8.0
Blake Shapen,122282,QB,BAYLOR,11,77.2,290,307,9.2,2.93,7,13,4.1,65.8,202,0,94,9.8,352,22,117,118,65.1,80.4,82.5,54.5,2,9,365,0,18.1,92.7,4.8,17,28,0,8,14,10,2.7,2414,7.9
Sean Clifford,51708,QB,PENN STATE,11,74.8,278,306,8.7,2.79,6,11,3.4,62.4,191,0,111,8.2,338,17,116,266,65.2,74.1,72.7,60.6,5,7,357,0,10.8,96.1,3.6,12,19,0,17,18,9,2.5,2341,7.7
Anthony Richardson,124393,QB,FLORIDA,11,66.3,270,303,11.3,3.19,2,16,5.1,54.8,166,0,130,7.3,349,13,124,163,53.3,79.8,71.0,82.8,5,8,365,3,9.2,84.5,3.4,12,31,2,24,14,12,3.3,2354,7.8
Chandler Rogers,98683,QB,LA MONROE,11,79.6,280,298,7.1,2.54,8,7,2.2,67.8,202,0,140,9.4,391,21,108,209,29.9,75.0,74.7,64.4,3,7,414,3,25.7,96.4,9.2,36,55,3,4,14,8,1.9,2283,7.7
Kedon Slovis,100580,QB,PITTSBURGH,10,71.5,253,288,10.2,2.88,8,11,3.7,58.0,167,0,110,7.7,309,14,87,268,53.5,72.1,72.1,53.1,9,8,323,2,12.7,77.8,4.5,14,7,0,18,7,15,4.6,2132,7.4
Jordan Travis,77615,QB,FLORIDA ST,11,73.0,270,285,10.4,2.78,5,19,6.1,64.9,185,0,103,6.1,313,12,117,167,57.4,90.6,87.9,74.7,3,4,341,0,12.6,111.8,4.2,13,14,1,6,21,6,1.8,2527,8.9
Gunnar Watson,83570,QB,TROY,10,71.0,262,278,9.1,2.71,6,11,3.8,61.5,171,0,103,8.1,317,15,103,318,52.6,84.4,83.4,62.1,4,9,330,2,25.2,84.0,8.2,26,12,0,6,9,13,3.9,2226,8.0
Spencer Petras,82136,QB,IOWA,11,68.1,251,276,8.6,2.59,6,7,2.4,56.5,156,0,117,8.8,317,15,81,192,38.0,63.2,62.6,56.4,7,5,329,1,26.5,73.5,9.8,31,10,1,11,5,10,3.0,1708,6.2
Darren Grainger,78496,QB,GA STATE,11,68.2,261,272,11.9,2.97,3,15,5.1,57.0,155,0,108,12.9,346,23,109,175,51.2,77.4,71.4,73.2,4,7,373,1,25.9,92.2,8.1,28,45,1,3,17,17,4.6,2125,7.8
TJ McMahon,83521,QB,RICE,10,68.4,247,268,10.8,2.57,11,11,3.9,59.3,159,0,119,5.9,311,10,100,275,71.2,76.0,70.0,76.8,5,14,334,2,21.0,84.8,8.0,25,17,1,4,18,14,4.2,2102,7.8
Michael Pratt,123229,QB,TULANE,10,78.4,245,267,8.8,2.7,3,11,4.0,65.2,174,0,86,9.4,324,18,116,319,55.4,86.5,77.3,83.8,7,4,334,2,25.6,109.7,6.8,22,31,1,11,20,9,2.7,2214,8.3
Will Levis,83542,QB,KENTUCKY,10,76.3,249,266,8.6,2.61,4,7,2.5,65.8,175,0,118,7.9,314,15,109,202,55.8,68.4,65.8,64.4,1,10,334,1,28.0,97.4,10.5,33,14,0,12,17,13,3.9,2228,8.4
John Rhys Plumlee,97602,QB,UCF,10,74.8,254,263,8.4,2.86,4,19,6.6,63.9,168,0,83,11.6,305,22,102,323,51.1,81.8,78.2,71.0,3,7,330,2,21.7,93.3,5.9,18,22,0,2,12,18,5.5,2138,8.1
Collin Schlee,98025,QB,KENT STATE,10,72.9,240,262,11.6,2.82,10,15,5.4,59.2,155,0,75,11.4,307,20,115,201,42.6,86.9,80.1,80.5,0,5,327,3,22.7,93.3,5.5,17,28,0,12,13,10,3.1,2097,8.0
Graham Mertz,97994,QB,WISCONSIN,11,66.1,245,260,10.8,2.9,2,18,6.5,56.9,148,0,97,8.6,297,14,102,349,60.7,75.6,74.5,61.9,0,9,315,2,23.7,90.8,7.7,23,14,0,13,19,10,3.2,1955,7.5
Dequan Finn,97804,QB,TOLEDO,9,66.7,246,259,11.5,3.19,5,12,4.4,59.5,154,0,106,6.1,314,10,109,316,43.3,73.3,68.9,69.6,1,10,329,0,13.2,93.8,4.5,14,41,1,6,21,12,3.6,1941,7.5
Ryan Hilinski,71295,QB,NWESTERN,8,63.6,247,259,8.6,2.64,5,5,1.9,55.6,144,2,62,8.3,267,13,75,256,62.2,49.1,47.7,61.1,3,7,277,5,6.5,71.4,1.5,4,3,0,4,6,17,6.1,1648,6.4
Jake Haener,60596,QB,FRESNO ST,7,80.7,249,259,8.5,2.64,1,13,4.7,73.7,191,0,86,5.0,287,10,109,169,68.6,90.7,90.2,69.9,1,3,303,3,20.9,115.5,6.3,18,9,2,6,16,6,2.0,2253,8.7
Todd Centeio,60552,QB,JAMES MAD,9,73.9,234,252,10.6,2.6,4,20,7.7,65.1,164,1,94,5.2,281,9,107,197,52.6,90.7,90.6,70.2,3,5,290,2,16.0,115.4,5.3,15,14,0,11,21,10,3.4,2395,9.5
Davis Brin,77642,QB,TULSA,9,68.2,239,252,12.4,2.59,2,18,6.6,58.7,148,0,100,9.2,294,15,101,320,42.8,72.6,69.4,73.0,8,8,313,2,30.0,95.7,10.2,30,12,0,3,17,16,5.1,2142,8.5
Doug Brumfield,128348,QB,UNLV,9,77.3,238,252,8.3,2.97,1,11,4.2,65.1,164,0,97,10.9,312,20,97,325,56.4,78.9,74.8,71.0,5,5,325,1,21.6,92.6,6.7,21,39,0,8,10,10,3.1,1893,7.5
Phil Jurkovec,83533,QB,BOSTON COL,8,70.8,226,249,8.7,3.01,5,8,3.1,59.0,147,0,127,8.1,293,13,76,121,44.2,59.0,55.0,69.4,4,8,303,4,18.9,81.3,8.2,24,19,0,14,11,13,4.3,1711,6.9
Casey Thompson,77677,QB,NEBRASKA,9,74.5,231,247,11.1,2.8,0,19,7.3,61.9,153,1,115,11.0,284,19,97,238,51.9,83.7,79.3,75.0,8,10,299,5,16.5,91.6,6.7,19,18,0,8,14,15,5.0,2129,8.6
Ben Wooldridge,82115,QB,LA LAFAYET,10,74.3,214,246,8.4,2.68,10,12,4.7,56.1,138,0,94,13.2,272,21,72,207,52.7,73.9,73.8,60.6,5,5,284,1,10.6,88.7,3.7,10,16,0,17,15,9,3.2,1654,6.7
J.J. McCarthy,144918,QB,MICHIGAN,11,75.7,235,246,9.6,2.74,3,11,4.3,66.7,164,0,63,7.9,271,14,99,222,35.1,78.1,77.7,62.5,3,2,283,1,12.7,104.9,3.0,8,15,0,5,13,7,2.5,1953,7.9
KJ Jefferson,99129,QB,ARKANSAS,9,76.5,234,245,9.3,3.08,5,11,4.3,67.3,165,0,97,7.8,288,14,108,111,50.8,90.0,87.6,73.0,0,3,303,2,17.5,116.9,5.9,17,25,0,6,20,5,1.7,2149,8.8
Grayson McCall,98002,QB,COAST CAR,9,78.6,234,244,9.8,2.8,0,19,7.4,68.9,168,0,83,8.7,288,16,110,141,65.1,90.8,91.1,65.3,3,1,304,1,20.5,126.0,5.9,17,24,0,7,21,4,1.3,2314,9.5
Garrett Shrader,98212,QB,SYRACUSE,10,73.7,224,243,10.6,3.08,4,17,6.6,63.0,153,0,109,7.3,298,12,112,304,76.0,89.5,83.6,77.2,3,7,318,2,18.3,98.0,6.7,20,35,0,12,15,12,3.8,2032,8.4
Tyler Van Dyke,122225,QB,MIAMI FL,8,75.6,225,242,8.7,2.53,6,12,4.6,63.2,153,0,74,10.0,268,17,81,220,67.9,67.5,68.5,49.6,2,4,288,0,16.2,91.8,4.5,12,11,0,9,10,10,3.5,1749,7.2
Zion Turner,158636,QB,UCONN,12,72.9,218,232,6.7,2.71,5,6,2.4,60.3,140,0,82,11.9,286,19,68,146,40.3,57.9,56.3,56.2,2,7,304,1,23.2,75.0,6.6,19,33,0,7,9,11,3.6,1239,5.3
Quinn Ewers,127253,QB,TEXAS,8,64.1,217,232,11.0,2.47,4,16,6.7,55.2,128,0,51,7.9,247,11,87,311,46.4,66.6,66.2,52.7,2,6,257,0,7.8,84.9,1.6,4,6,0,9,13,11,4.3,1611,6.9
Drew Pyne,122910,QB,NOTRE DAME,10,72.0,211,228,7.9,2.89,9,13,5.5,61.8,141,0,75,7.2,264,11,94,258,50.7,69.4,70.3,54.6,1,5,274,1,17.3,103.4,4.9,13,23,0,7,19,4,1.5,1703,7.5
Robby Ashford,131702,QB,AUBURN,11,63.1,203,227,9.3,3.11,4,10,4.3,49.3,112,0,113,12.5,298,16,77,115,26.8,55.7,49.7,63.0,1,7,313,0,18.6,67.4,7.0,21,50,0,19,6,14,4.5,1536,6.8
Donovan Smith,73929,QB,TEXAS TECH,10,72.6,208,222,8.5,2.73,3,6,2.6,65.8,146,0,92,3.3,255,5,80,315,54.8,67.2,65.4,64.9,2,8,264,2,19.6,88.2,7.1,18,15,0,9,12,11,4.2,1506,6.8
Andrew Peasley,83581,QB,WYOMING,10,63.8,196,216,9.5,3.04,5,9,4.0,52.8,114,0,71,8.8,249,11,66,351,45.2,57.9,43.5,85.0,3,6,257,2,19.7,73.1,5.6,14,18,0,12,9,20,7.8,1284,5.9
Parker McNeil,123714,QB,LA TECH,8,68.4,196,214,9.6,2.3,9,14,6.1,57.9,124,0,61,7.5,230,10,73,208,29.2,70.0,73.3,34.2,4,8,247,0,24.6,100.1,6.5,15,1,0,5,18,9,3.6,1914,8.9
Malik Cunningham,60436,QB,LOUISVILLE,9,69.5,200,212,9.4,3.02,1,7,3.1,62.7,133,0,81,4.3,258,6,84,210,66.6,73.3,65.8,74.3,0,4,273,2,19.8,89.6,6.2,16,29,0,11,8,8,2.9,1551,7.3
Clay Millen,146082,QB,COLO STATE,9,81.5,195,210,7.6,3.0,2,14,6.3,71.4,150,1,136,5.7,301,9,85,144,50.8,67.2,66.7,62.7,4,6,318,5,37.5,96.0,16.9,51,40,0,9,8,11,3.5,1695,8.1
Nate Cox,60432,QB,NEVADA,9,60.8,199,209,10.0,2.61,1,10,4.5,51.2,107,0,90,11.6,234,14,61,239,28.8,61.6,61.8,57.8,2,3,248,1,13.3,69.1,5.1,12,12,1,6,4,10,4.0,1203,5.8
Johnathan Bennett,104158,QB,LIBERTY,10,69.5,187,208,11.0,2.93,5,15,6.7,57.7,120,0,98,7.7,266,10,83,206,40.9,63.7,64.1,57.8,3,9,281,2,23.5,80.7,8.6,23,30,1,12,12,15,5.3,1465,7.0
J.T. Shrout,83562,QB,COLORADO,9,59.5,190,205,12.2,2.72,4,12,5.4,44.4,91,0,66,19.5,224,22,58,143,26.1,46.1,48.9,41.0,1,8,241,1,12.1,58.9,3.6,8,10,0,10,7,19,7.9,1216,5.9
Taylor Powell,60459,QB,E MICHIGAN,7,77.0,187,204,8.2,2.78,4,11,5.0,65.2,133,0,77,7.6,230,11,67,160,66.8,74.5,75.5,54.7,1,7,248,1,23.4,91.5,7.8,18,8,0,12,11,8,3.2,1539,7.5
Emory Jones,82111,QB,ARIZONA ST,8,73.8,187,200,8.9,2.64,4,7,3.2,62.5,125,0,91,9.4,242,13,76,110,59.8,68.5,67.1,63.3,4,4,264,3,23.1,89.4,8.7,21,20,1,4,7,7,2.7,1530,7.7
Devin Leary,77628,QB,NC STATE,6,71.4,182,193,8.6,2.56,2,8,3.9,61.1,118,1,45,9.2,208,12,68,248,55.0,68.4,64.8,72.1,3,4,222,2,22.2,90.7,4.8,10,5,0,6,11,8,3.6,1265,6.6
Taylen Green,145996,QB,BOISE ST,8,71.5,179,192,10.7,3.04,1,5,2.5,63.5,122,0,58,4.7,205,6,77,120,61.2,80.6,71.7,82.1,2,4,214,1,6.9,92.8,2.0,4,9,2,8,8,8,3.7,1499,7.8
Aveon Smith,130529,QB,MIAMI OH,9,58.4,178,191,12.1,2.87,5,11,5.4,48.7,93,0,70,10.6,240,11,61,221,68.3,61.8,45.3,84.5,1,5,253,3,27.1,72.2,7.9,19,29,0,7,9,14,5.5,1133,5.9
Cam Fancher,145266,QB,MARSHALL,10,65.3,170,191,7.3,2.67,6,4,2.0,54.5,104,0,58,6.3,222,7,61,214,56.6,64.2,57.3,70.2,1,5,234,2,20.7,73.5,5.4,12,19,1,13,6,8,3.4,1214,6.4
Jack Salopek,130662,QB,W MICHIGAN,6,58.7,179,191,10.7,2.94,3,9,4.4,50.8,97,0,87,7.6,228,8,63,347,46.1,61.8,59.2,66.0,3,10,240,1,25.3,61.7,9.6,22,15,0,6,7,13,5.4,1231,6.4
Jeff Sims,122496,QB,GA TECH,7,67.2,180,188,8.5,2.54,2,7,3.6,58.5,110,0,79,9.1,229,11,58,176,72.1,64.4,55.1,74.0,3,3,237,0,22.8,77.7,7.9,18,22,0,3,5,9,3.8,1114,5.9
Haynes King,124329,QB,TEXAS A&M,6,66.9,169,188,10.1,2.73,5,4,2.0,55.3,104,0,82,8.0,201,9,59,312,37.8,53.4,48.6,71.6,4,6,213,0,8.5,74.3,3.5,7,6,1,9,7,11,5.2,1220,6.5
Adrian Martinez,83522,QB,KANSAS ST,9,75.3,170,186,8.2,2.99,6,5,2.6,64.5,120,0,94,6.3,216,8,62,199,42.9,85.5,69.7,87.2,2,1,223,1,14.9,92.5,6.5,14,16,0,8,6,7,3.1,1258,6.8
AJ Swann,157186,QB,VANDERBILT,8,64.2,173,184,9.1,2.36,2,8,4.1,56.5,104,0,54,6.3,194,7,56,333,53.3,60.7,61.2,57.5,2,2,205,3,13.0,89.7,3.6,7,2,0,7,10,12,5.9,1191,6.5
Zach Wilcke,156836,QB,SO MISS,8,63.3,166,177,9.0,2.48,1,5,2.6,57.1,101,0,65,3.8,207,4,56,296,28.6,38.3,40.6,44.7,4,9,221,1,21.5,72.6,6.8,14,16,0,6,9,15,6.8,1157,6.5
Dylan Hopkins,83571,QB,UAB,9,69.0,171,175,9.9,2.66,0,6,3.2,64.6,113,0,59,4.2,203,5,70,321,42.7,69.2,63.8,74.2,1,2,214,1,25.4,105.1,7.4,15,12,0,3,8,7,3.3,1628,9.3
Cooper Legas,101286,QB,UTAH ST,8,71.1,159,169,11.0,2.89,2,10,5.3,62.1,105,0,63,7.1,206,8,56,329,63.2,67.7,66.7,62.0,1,7,228,2,23.8,84.9,7.3,15,20,1,6,10,9,3.9,1159,6.9
Behren Morton,144747,QB,TEXAS TECH,6,66.7,153,168,9.2,2.94,2,3,1.7,57.1,96,0,67,5.9,199,6,60,315,54.0,51.4,53.1,50.6,3,6,206,1,17.9,76.4,6.0,12,19,0,10,7,9,4.4,1117,6.6
Jalen Mayden,83520,QB,S DIEGO ST,6,72.9,155,164,9.4,2.88,2,5,2.9,64.6,106,0,68,6.2,195,7,80,284,55.6,87.5,77.2,86.7,0,5,202,0,20.6,102.5,7.2,14,17,1,6,10,10,5.0,1533,9.3
Gerry Bohanon,77636,QB,USF,7,68.6,153,162,9.6,2.41,1,9,5.4,56.8,92,0,45,12.4,176,13,53,327,59.9,83.0,75.0,79.9,2,6,181,2,6.7,74.2,1.7,3,10,0,6,6,10,5.5,1083,6.7
Ben Gulbranson,131734,QB,OREGON ST,8,74.3,148,162,9.2,2.78,5,4,2.3,64.2,104,0,61,5.5,184,6,62,265,54.6,63.2,64.1,54.5,1,3,198,1,14.8,95.6,4.9,9,13,0,8,8,5,2.5,1215,7.5
Emmett Morehead,143834,QB,BOSTON COL,8,64.8,145,156,8.3,2.77,1,10,6.1,55.8,87,0,81,7.4,193,7,50,121,62.7,55.4,54.6,60.0,3,6,200,1,22.2,76.3,9.3,18,17,1,6,8,9,4.5,1000,6.4
Tanner Morgan,55239,QB,MINNESOTA,8,75.5,147,155,9.4,2.86,2,6,3.7,66.5,103,0,41,7.2,175,8,70,225,64.4,90.9,88.4,78.1,1,5,185,0,19.5,94.7,4.6,8,12,2,3,7,5,2.7,1324,8.5
Trenton Bourguet,97285,QB,ARIZONA ST,5,79.9,144,155,6.8,2.33,4,5,3.0,69.7,108,0,52,6.1,168,7,59,110,75.4,69.8,69.6,62.0,3,4,177,2,9.6,96.5,3.0,5,7,0,4,8,5,2.8,1113,7.2
Shane Illingworth,71512,QB,NEVADA,6,71.2,132,146,8.2,2.77,4,6,3.9,58.2,85,0,63,9.6,177,9,34,239,50.2,61.6,63.5,48.3,1,3,183,0,33.3,68.3,11.9,21,9,0,9,2,7,3.8,760,5.2
Miles Kendrick,77673,QB,NEW MEXICO,8,69.0,129,143,7.1,2.99,2,3,2.0,58.0,83,0,82,6.7,197,6,41,241,78.6,38.4,39.3,49.2,3,7,206,2,31.7,62.0,13.2,26,22,1,8,3,8,3.9,856,6.0
Jalon Daniels,122555,QB,KANSAS,7,71.0,138,143,9.7,2.5,2,10,6.5,66.4,95,0,46,3.1,157,3,69,198,58.6,80.0,82.4,61.6,1,2,168,0,6.5,119.9,1.9,3,11,0,2,13,5,3.0,1302,9.1
Mike Wright,124366,QB,VANDERBILT,8,66.1,124,137,9.8,2.96,2,5,3.4,56.9,78,0,47,4.9,153,4,47,333,58.6,59.7,50.5,69.7,3,4,165,2,4.3,95.1,1.3,2,14,0,8,12,12,7.3,938,6.8
Brady Olson,147415,QB,UMASS,8,60.7,122,134,8.3,2.62,1,3,2.1,50.7,68,0,41,8.1,152,6,30,216,50.1,42.0,41.9,51.6,0,6,160,1,14.6,50.8,3.9,6,8,0,11,2,8,5.0,646,4.8
Jason Bean,83529,QB,KANSAS,8,71.0,124,134,11.1,3.02,6,13,9.2,64.2,86,0,41,2.3,150,2,59,198,52.4,76.4,70.9,76.4,0,4,159,2,9.8,117.4,2.7,4,12,0,4,14,8,5.0,1268,9.5
Gavin Wimsatt,155757,QB,RUTGERS,7,57.5,120,132,11.0,2.99,1,4,2.9,44.7,59,0,51,14.5,151,10,34,278,63.7,49.0,47.5,58.4,2,7,159,2,21.6,51.8,7.3,11,7,0,9,5,8,5.0,695,5.3
Chandler Fields,97286,QB,LA LAFAYET,6,65.6,125,130,8.8,2.71,2,12,8.9,55.4,72,1,46,12.2,149,10,40,207,74.7,71.4,70.4,64.1,1,3,154,1,21.7,83.6,6.7,10,9,0,2,8,5,3.2,762,5.9
Henry Colombi,60583,QB,MARSHALL,7,78.2,124,129,4.9,2.61,1,2,1.5,72.9,94,0,51,3.1,171,3,45,214,24.5,53.6,56.3,49.7,1,4,180,1,39.2,95.6,11.7,20,20,1,2,6,6,3.3,935,7.2
Evan Simon,129906,QB,RUTGERS,7,68.3,120,128,9.3,2.52,0,4,2.9,59.4,76,0,54,7.3,142,6,36,278,61.0,54.1,50.7,66.7,3,6,150,1,18.5,67.0,7.0,10,4,0,5,4,7,4.7,753,5.9
Diego Pavia,156927,QB,NEW MEX ST,9,62.0,121,127,10.7,2.84,0,5,3.7,46.5,59,0,60,21.3,149,16,45,242,66.2,72.1,60.5,79.8,1,5,157,1,11.7,59.1,4.7,7,15,0,5,4,6,3.8,739,5.8
Ethan Hampton,145858,QB,N ILLINOIS,4,71.4,112,122,8.0,2.51,7,2,1.6,59.0,72,0,37,10.0,134,8,42,254,73.1,67.2,65.5,60.3,1,6,140,1,16.2,77.1,4.5,6,6,0,2,7,4,2.9,796,6.5
Austin Smith,145763,QB,E MICHIGAN,7,71.7,106,121,9.3,2.73,5,4,3.0,57.0,69,0,51,9.2,143,7,42,160,44.4,68.2,66.3,65.0,2,4,155,2,19.6,79.2,7.0,10,12,1,7,6,5,3.2,779,6.4
Logan Fife,128176,QB,FRESNO ST,5,78.9,114,121,6.8,2.65,0,3,2.3,69.4,84,0,42,6.7,144,6,46,169,35.8,62.4,60.6,61.0,1,6,153,0,28.6,76.1,8.3,12,10,1,5,2,7,4.6,908,7.5
Braylon Braxton,144442,QB,TULSA,8,74.3,105,120,11.0,2.96,2,8,6.3,55.8,67,0,57,14.1,138,11,38,320,65.2,76.2,76.7,64.0,0,2,148,2,15.8,89.5,6.5,9,9,0,13,7,4,2.7,817,6.8
Katravis Marsh,123289,QB,USF,5,62.9,105,116,10.2,2.29,6,6,4.8,52.6,61,0,31,7.6,127,5,40,327,45.2,59.6,60.9,53.2,0,2,135,1,19.4,88.8,4.7,6,5,0,5,7,6,4.4,835,7.2
Brett Gabbert,97404,QB,MIAMI OH,4,70.6,109,116,9.9,2.64,1,4,3.3,64.7,75,0,45,2.6,153,2,41,221,33.6,65.8,68.2,53.9,0,0,160,1,28.9,97.1,8.5,13,23,0,6,4,4,2.5,825,7.1
Conner Weigman,158683,QB,TEXAS A&M,4,66.0,103,114,9.7,2.82,3,5,4.2,53.5,61,0,50,10.3,134,7,37,312,26.9,61.1,58.3,68.0,5,0,141,1,16.0,91.3,6.0,8,12,0,3,6,10,7.1,741,6.5
Kaidon Salter,132046,QB,LIBERTY,6,65.0,103,113,14.1,3.56,3,5,4.0,55.8,63,0,55,6.0,145,4,47,206,25.5,49.7,46.1,60.3,3,5,156,0,18.2,81.0,6.9,10,22,0,4,6,12,7.7,901,8.0
Chance Nolan,78493,QB,OREGON ST,5,73.6,106,111,12.1,2.81,2,8,6.6,59.5,66,0,35,15.4,121,12,46,265,74.7,78.9,80.1,62.8,0,8,131,2,5.7,78.0,1.7,2,8,0,3,7,7,5.3,942,8.5
Will Howard,122599,QB,KANSAS ST,4,72.3,101,111,10.2,2.78,0,8,7.1,64.9,72,0,37,1.4,113,1,48,199,76.3,77.1,74.8,66.7,1,2,115,0,2.7,119.6,0.9,1,1,0,9,11,5,4.3,1011,9.1
Logan Bonner,39990,QB,UTAH ST,4,62.0,108,110,11.5,2.45,0,9,7.6,56.4,62,0,20,7.5,115,5,33,329,43.3,60.6,63.3,45.6,0,8,124,0,10.0,64.9,1.7,2,3,0,2,6,9,7.3,739,6.7
Treyson Bourguet,158154,QB,W MICHIGAN,4,61.5,104,109,12.0,2.7,4,7,6.1,49.5,54,0,44,15.6,131,10,30,347,63.6,69.3,61.5,74.1,0,1,140,0,20.5,68.6,6.9,9,13,0,1,2,6,4.3,601,5.5
Hudson Card,123109,QB,TEXAS,6,74.8,103,109,9.9,2.79,0,0,0.0,68.8,75,0,39,2.6,124,2,44,311,57.8,70.1,67.8,66.8,2,1,136,2,17.9,109.4,5.6,7,8,0,4,6,2,1.5,928,8.5
Landry Lyddy,156581,QB,LA TECH,6,72.0,107,109,7.2,2.19,0,7,5.8,67.0,73,0,29,5.2,119,4,27,208,43.3,60.5,61.7,50.0,1,4,131,0,17.2,77.9,4.2,5,5,0,1,3,8,6.1,683,6.3
Gavin Frakes,156928,QB,NEW MEX ST,10,62.5,96,102,11.1,2.64,2,4,3.5,50.0,51,0,32,15.0,116,9,31,242,63.0,71.1,69.2,68.5,0,7,130,4,15.6,56.2,4.3,5,7,1,3,4,5,3.8,684,6.7
Brock Domann,102351,QB,LOUISVILLE,7,66.7,90,102,11.3,2.75,2,3,2.7,51.0,52,0,49,13.3,113,8,32,210,59.8,60.8,64.0,48.5,3,4,122,0,10.2,64.9,4.4,5,6,0,7,2,5,4.1,737,7.2
Jacob Zeno,98014,QB,UAB,6,67.0,91,101,9.3,2.68,0,5,4.7,55.4,56,0,34,8.2,116,5,38,321,45.3,61.3,60.8,59.6,2,3,121,1,14.7,80.2,4.3,5,9,3,5,5,7,5.8,674,6.7
Owen McCown,157688,QB,COLORADO,4,67.4,95,100,8.1,2.78,3,5,4.7,57.0,57,0,45,10.9,120,7,23,143,42.4,55.0,52.8,62.3,0,2,128,1,22.2,73.1,8.3,10,10,0,2,2,7,5.5,605,6.1
Tai Lavatai,121854,QB,NAVY,8,53.5,86,96,15.7,2.61,1,7,7.1,43.8,42,0,43,8.7,109,4,28,237,29.4,62.3,60.6,61.0,2,3,112,7,11.6,77.0,4.6,5,8,6,1,5,6,5.4,787,8.2
Brendan Sullivan,145034,QB,NWESTERN,5,82.4,91,96,6.4,3.21,1,4,4.0,74.0,71,0,47,5.3,132,4,34,256,36.0,58.9,61.7,53.9,2,3,135,0,27.7,90.1,9.8,13,23,0,2,4,6,4.4,589,6.1
Hank Bachmeier,101284,QB,BOISE ST,4,64.8,88,94,9.8,2.67,1,6,6.1,54.3,51,1,36,10.5,106,6,27,120,26.6,54.8,54.0,55.7,1,3,112,1,19.4,77.3,6.6,7,4,0,4,6,7,6.3,497,5.3
Jake Garcia,143941,QB,MIAMI FL,7,66.3,83,89,10.5,2.59,2,3,3.2,58.4,52,0,36,5.5,103,3,27,220,36.1,33.3,32.9,55.4,2,4,108,2,27.8,72.2,9.7,10,4,0,2,3,10,9.3,617,6.9
Tyler Shough,83537,QB,TEXAS TECH,5,67.5,83,89,10.9,2.95,0,4,4.3,58.4,52,0,34,7.1,112,4,32,315,76.0,66.7,60.7,69.9,1,2,116,0,23.5,85.1,7.1,8,15,0,5,4,2,1.7,614,6.9
Trey Lowe,77669,QB,SO MISS,5,65.8,79,87,12.6,2.84,0,9,9.6,51.7,45,0,54,13.5,105,7,29,296,72.7,77.1,78.1,55.4,5,2,112,0,22.2,73.2,11.4,12,6,0,3,2,3,2.7,625,7.2
Joey Yellen,71430,QB,HAWAII,4,55.1,78,87,8.7,2.36,3,0,0.0,46.0,40,0,29,7.0,94,3,16,180,71.7,35.3,35.3,,1,2,95,1,24.1,46.3,7.4,7,0,0,5,0,4,4.2,324,3.7
MJ Morris,157404,QB,NC STATE,5,68.3,82,87,13.0,2.73,1,6,6.1,59.8,52,1,29,7.1,100,4,30,248,65.9,65.6,69.9,56.5,1,1,114,2,31.0,105.0,9.0,9,4,1,2,7,4,3.5,648,7.4
Zach Pyron,156309,QB,GA TECH,3,66.3,80,83,8.1,2.61,1,3,3.3,59.0,49,0,40,7.5,100,4,31,176,60.2,56.7,48.0,71.5,2,3,108,0,17.5,76.8,7.0,7,10,0,0,3,7,6.5,569,6.9
Tucker Gleason,122475,QB,TOLEDO,7,64.9,77,80,11.8,2.79,1,9,10.5,52.5,42,0,43,16.0,99,8,35,316,63.1,90.5,84.3,83.2,1,2,105,1,18.6,97.5,8.1,8,11,0,1,7,1,1.0,632,7.9
Rocky Lombardi,60452,QB,N ILLINOIS,4,74.0,73,74,11.1,2.78,0,5,6.3,66.2,49,0,21,9.3,80,5,31,254,72.1,90.4,90.3,61.6,1,1,85,0,9.5,110.3,2.5,2,3,0,0,5,1,1.2,642,8.7
Gino Campiotti,78504,QB,UMASS,6,64.2,67,74,9.2,2.81,3,3,3.9,44.6,33,0,26,23.3,85,10,16,216,51.9,61.9,54.6,64.1,1,6,88,0,15.4,29.2,4.7,4,7,0,3,2,6,6.8,261,3.5
Haaziq Daniels,125263,QB,AIR FORCE,11,57.7,71,74,15.5,3.42,1,5,6.2,45.9,34,0,31,17.1,89,7,29,101,47.0,80.3,63.2,80.6,0,2,96,3,29.0,97.0,10.1,9,5,0,2,6,5,5.2,725,9.8
Nevan Cremascoli,158044,QB,N ILLINOIS,3,56.1,66,73,9.9,2.81,1,3,4.0,47.9,35,0,31,5.4,78,2,26,254,48.3,40.5,37.6,52.5,2,5,81,1,3.2,62.4,1.3,1,4,0,4,5,9,11.1,456,6.2
Athan Kaliakmanis,144971,QB,MINNESOTA,8,56.7,67,73,13.6,3.04,1,2,2.6,46.6,34,0,32,10.5,87,4,25,225,74.8,68.8,61.2,71.9,2,4,91,0,9.4,53.9,3.4,3,11,0,3,1,4,4.4,547,7.5
Braxton Burmeister,60513,QB,S DIEGO ST,6,65.7,67,72,7.7,3.27,0,2,2.7,50.0,36,0,27,18.2,89,8,20,284,60.4,57.8,54.0,59.6,1,3,90,0,22.2,50.9,6.7,6,11,0,4,2,4,4.4,263,3.7
Max Johnson,124099,QB,TEXAS A&M,4,72.3,65,71,8.2,2.94,0,1,1.3,60.6,43,0,46,8.5,94,4,26,312,55.6,60.6,57.1,66.0,3,0,100,1,23.9,97.0,11.7,11,11,0,3,3,2,2.0,517,7.3
Zach Gibson,100201,QB,GA TECH,5,62.5,64,69,7.8,2.92,2,4,5.5,55.1,38,0,35,5.0,85,2,21,176,32.7,48.4,55.5,36.5,0,2,89,0,25.7,64.8,10.6,9,7,0,3,1,4,4.5,398,5.8
Xavier Williams,145579,QB,CHARLOTTE,4,55.7,61,67,9.7,3.06,3,3,4.2,49.3,33,0,31,2.9,82,1,18,136,74.1,56.5,47.5,72.9,1,2,88,1,16.1,66.8,6.1,5,9,0,2,2,4,4.5,421,6.3
Mikey Keene,70961,QB,UCF,3,77.4,62,64,10.9,2.79,0,6,9.2,70.3,45,0,13,6.3,70,3,26,323,28.7,74.4,81.5,41.5,0,1,71,0,30.8,108.7,5.7,4,2,0,2,4,4,5.6,518,8.1
Jack Chambers,60359,QB,NC STATE,6,65.0,60,64,7.7,2.78,1,1,1.5,50.0,32,1,24,17.9,78,7,15,248,61.1,55.3,46.5,65.9,2,0,81,1,25.0,65.4,7.7,6,7,0,1,1,2,2.5,252,3.9
Garrett Greene,123420,QB,W VIRGINIA,5,69.1,55,64,11.5,2.77,4,2,3.0,54.7,35,1,18,7.9,73,3,23,343,78.2,70.8,53.7,80.5,1,2,81,4,16.7,89.6,4.1,3,6,0,4,5,4,4.9,445,7.0
Jarret Doege,60353,QB,TROY,6,78.0,59,63,8.5,2.75,0,4,5.6,68.3,43,1,30,6.5,76,3,26,318,52.3,73.6,78.2,49.0,0,3,84,1,26.7,103.2,10.5,8,4,0,4,5,4,4.8,569,9.0
Matthew Downing,82120,QB,LA TECH,4,72.2,54,62,6.9,2.69,0,2,3.0,51.6,32,0,29,17.9,79,7,16,208,49.7,59.2,63.2,48.9,1,4,84,2,24.1,57.6,8.9,7,10,0,7,3,4,4.8,346,5.6
Justin Holaday,163350,QB,NEW MEXICO,4,54.4,57,59,10.8,3.18,0,0,0.0,44.1,26,0,39,16.1,83,5,14,241,43.1,44.9,40.9,56.9,0,1,87,0,30.8,47.4,14.5,12,12,0,2,0,5,5.7,222,3.8
Drew Allar,164157,QB,PENN STATE,9,72.7,55,59,8.7,2.77,3,3,4.8,59.3,35,0,19,12.5,70,5,25,266,73.3,72.6,67.4,71.4,0,0,75,0,15.8,98.4,4.3,3,8,0,1,4,0,0.0,344,5.8
T.J. Finley,124093,QB,AUBURN,4,72.3,47,53,10.4,2.99,2,4,7.3,62.3,33,0,30,2.9,70,1,26,115,22.0,53.5,52.0,58.9,0,4,72,2,20.0,62.7,8.6,6,11,0,4,1,7,9.7,431,8.1
Jalen Milroe,146590,QB,ALABAMA,7,65.3,49,52,8.4,3.22,1,0,0.0,59.6,31,0,20,3.1,69,1,27,103,25.7,49.2,30.7,76.5,0,3,77,0,25.0,83.6,7.2,5,12,0,2,5,8,10.4,297,5.7
Devin Kargman,156913,QB,KENT STATE,5,63.8,47,52,10.3,2.37,2,1,1.8,46.2,24,0,12,20.0,54,6,15,201,45.2,50.4,53.3,41.0,0,2,59,0,16.7,69.6,3.7,2,0,0,3,3,4,6.8,323,6.2
Carlos Del Rio-Wilson,146687,QB,SYRACUSE,6,55.3,47,50,14.6,3.16,1,3,5.6,44.0,22,0,25,15.4,70,4,15,304,32.7,52.0,50.2,61.3,0,1,75,1,44.0,65.6,15.7,11,9,0,2,1,5,6.7,342,6.8
Tyler Buchner,147472,QB,NOTRE DAME,2,59.6,47,50,10.7,2.6,2,4,7.5,56.0,28,0,19,0.0,59,0,16,258,74.5,64.8,56.9,70.8,1,2,63,0,26.3,63.6,8.5,5,4,0,0,0,2,3.2,378,7.6
Cameron Friel,146195,QB,UNLV,4,75.0,48,49,6.8,2.61,0,2,3.9,67.3,33,0,17,8.3,59,3,17,325,26.0,50.5,56.8,36.1,0,1,61,1,52.9,101.1,15.3,9,1,0,1,3,4,6.6,364,7.4
Preston Stone,124716,QB,SMU,5,71.1,45,48,11.6,2.71,1,4,7.7,58.3,28,0,13,12.5,52,4,17,287,72.9,72.3,65.9,73.5,0,1,56,0,15.4,89.6,3.8,2,2,0,2,2,2,3.6,388,8.1
Noah Vedral,55406,QB,RUTGERS,3,54.8,42,47,10.7,2.89,0,2,4.0,46.8,22,0,17,4.3,53,1,12,278,73.9,52.8,51.8,58.6,1,1,56,1,11.8,62.7,3.8,2,4,0,4,1,2,3.6,264,5.6
Chubba Purdy,122412,QB,NEBRASKA,6,59.1,44,47,10.0,3.29,1,2,4.2,46.8,22,0,32,15.4,64,4,11,238,43.1,32.3,27.1,69.3,0,3,65,1,18.8,27.5,9.4,6,11,0,2,0,8,12.3,147,3.1
Nicholas Vattiato,145302,QB,MIDDLE TN,2,72.7,44,46,9.8,2.7,0,1,2.0,63.0,29,0,28,9.4,65,3,15,224,13.7,34.3,31.6,54.9,0,1,68,1,28.6,71.7,12.3,8,10,0,2,0,7,10.3,289,6.3
Jase Bauer,145714,QB,C MICHIGAN,5,78.4,37,45,9.0,3.13,1,2,3.8,60.0,27,0,33,6.9,63,2,22,134,40.1,67.8,65.0,65.9,4,2,71,1,12.1,73.3,6.3,4,14,1,2,1,5,7.0,349,7.8
Billy Edwards Jr.,144185,QB,MARYLAND,6,68.3,41,45,10.2,3.19,0,3,6.3,60.0,27,0,30,3.6,63,1,14,215,20.6,74.0,65.1,73.8,0,0,68,0,30.0,98.7,14.3,9,9,0,4,3,2,2.9,263,5.8
Billy Atkins,148354,QB,JAMES MAD,3,56.8,37,43,11.2,2.74,1,1,2.3,44.2,19,0,27,9.5,52,2,9,197,43.9,32.8,29.1,64.5,3,5,53,0,29.6,35.4,15.4,8,1,0,2,2,6,11.3,212,4.9
Jacurri Brown,156344,QB,MIAMI FL,4,70.0,40,43,6.9,2.89,1,0,0.0,58.1,25,0,21,10.7,58,3,15,220,79.2,75.2,52.9,80.2,1,2,60,2,19.0,76.3,6.9,4,11,0,1,3,1,1.7,226,5.3
Garret Rangel,157795,QB,OKLA STATE,2,76.3,38,42,7.9,2.68,0,1,2.3,64.3,27,0,16,6.9,48,2,18,262,45.3,65.1,76.3,42.0,0,3,50,0,12.5,71.9,4.2,2,4,0,4,2,1,2.0,304,7.2
Jeff Undercuffler,78501,QB,AKRON,4,52.5,40,42,9.9,2.51,1,1,2.3,47.6,20,0,18,4.8,52,1,9,102,70.1,29.7,29.9,50.2,1,2,53,0,44.4,44.2,15.4,8,2,0,0,0,5,9.4,225,5.4
Garrett Nussmeier,146757,QB,LSU,4,68.3,41,41,7.6,2.18,0,1,2.4,61.0,25,0,4,10.7,41,3,13,211,70.4,55.8,53.8,60.8,0,2,42,0,0.0,73.7,0.0,0,0,0,0,1,2,4.8,325,7.9
Mitch Griffis,123386,QB,WAKE,5,81.6,38,41,10.1,2.89,2,3,7.0,70.7,29,0,14,6.5,52,2,19,339,26.3,71.6,77.9,50.8,0,1,55,0,35.7,125.8,9.6,5,6,0,1,5,2,3.6,348,8.5
Gunnar Gundy,144649,QB,OKLA STATE,3,60.5,38,39,9.8,2.67,0,1,2.5,48.7,19,0,16,17.4,47,4,9,262,74.4,52.0,40.9,68.5,0,4,49,0,18.8,55.7,6.4,3,4,0,1,3,4,8.2,252,6.5
Calvin Brownholtz,83584,QB,UTEP,5,71.1,38,39,10.4,2.6,0,1,2.5,66.7,26,0,5,3.7,43,1,17,330,50.4,78.5,65.6,82.0,1,2,44,1,40.0,87.9,4.7,2,2,0,0,2,3,6.8,323,8.3
Shawqi Itraish,145393,QB,RICE,3,65.7,35,39,7.9,2.42,2,0,0.0,53.8,21,0,12,8.7,44,2,11,275,69.4,47.1,47.9,52.5,1,3,46,1,25.0,35.5,6.8,3,2,0,1,0,4,8.7,193,4.9
Dexter Williams II,129457,QB,INDIANA,3,42.4,33,37,13.7,3.35,1,2,5.1,32.4,12,0,28,14.3,55,2,11,190,60.1,59.2,47.3,67.9,0,2,57,0,25.0,44.8,12.7,7,11,0,3,2,1,1.8,179,4.8
AJ Mayer,63860,QB,ARK STATE,3,62.5,32,37,10.1,2.61,2,1,2.6,48.6,18,0,13,10.0,41,2,9,113,77.4,71.6,56.7,76.6,2,1,43,1,7.7,64.4,2.4,1,3,0,1,1,1,2.3,213,5.8
Haden Carlson,123620,QB,FIU,6,57.1,35,37,6.5,2.32,0,0,0.0,51.4,19,0,9,5.0,39,1,5,166,27.9,41.4,51.9,38.9,0,1,41,1,11.1,49.8,2.6,1,1,0,2,0,1,2.4,144,3.9
Brayden Fowler-Nicolosi,157207,QB,COLO STATE,2,55.9,34,37,7.9,2.78,0,2,5.3,45.9,17,0,15,10.5,42,2,9,144,69.2,56.3,52.0,67.3,0,2,43,0,13.3,48.7,4.8,2,3,0,3,1,3,7.0,194,5.2
Garrett Dzuro,64526,QB,UMASS,3,68.6,35,36,9.7,2.72,0,1,2.6,63.9,23,0,14,4.2,47,1,15,216,50.4,50.2,39.1,70.1,0,0,49,1,57.1,99.9,17.0,8,3,0,1,1,5,10.2,305,8.5
Jemel Jones,102863,QB,ARMY,6,43.8,32,36,16.3,2.59,0,2,5.4,36.1,13,0,16,7.1,41,1,8,114,82.2,70.2,47.2,76.9,0,1,42,0,25.0,58.6,9.8,4,0,0,4,1,2,4.8,248,6.9
Camden Orth,108965,QB,BOWL GREEN,6,61.8,34,35,9.1,2.46,0,0,0.0,57.1,20,0,14,4.8,41,1,11,122,41.9,36.7,32.5,56.1,1,2,43,0,21.4,67.2,7.3,3,3,0,0,2,2,4.7,187,5.3
Cade Ballard,102861,QB,ARMY,5,58.8,34,35,15.9,2.39,0,3,8.3,51.4,18,0,16,10.0,39,2,11,114,58.8,61.4,51.3,67.4,1,2,40,0,18.8,80.1,7.7,3,1,0,0,2,3,7.5,335,9.6
Ben Finley,122864,QB,NC STATE,1,54.8,31,34,10.5,2.6,1,0,0.0,44.1,15,0,15,11.8,38,2,11,248,69.1,48.6,46.4,64.0,0,1,41,0,20.0,58.9,7.9,3,1,0,2,1,1,2.4,184,5.4
Bishop Davenport,163426,QB,UTAH ST,2,57.6,33,33,12.0,2.55,0,0,0.0,54.5,18,0,15,5.3,52,1,11,329,48.9,48.3,50.2,52.3,0,1,53,1,46.7,52.3,13.5,7,9,0,0,0,2,3.8,138,4.2
Bryson Barnes,131845,QB,UTAH,3,76.7,30,33,8.9,2.78,2,3,8.1,69.7,23,0,8,0.0,41,0,12,328,71.3,82.2,79.9,68.8,0,0,45,0,12.5,114.8,2.4,1,7,0,1,2,0,0.0,273,8.3
CJ Harris,130594,QB,OHIO,4,58.1,31,33,10.6,2.84,0,2,5.7,45.5,15,0,11,16.7,35,3,8,259,50.5,72.4,71.8,63.8,1,0,37,0,9.1,79.1,2.9,1,1,0,1,1,0,0.0,230,7.0
Joe Milton III,82151,QB,TENNESSEE,6,72.7,33,33,18.8,3.19,0,5,12.8,69.7,23,0,8,4.2,36,1,16,307,70.9,87.0,79.3,80.7,0,0,43,0,0.0,151.8,0.0,0,3,0,0,6,1,2.4,573,17.4
Giles Pooler,146019,QB,COLO STATE,1,44.8,29,32,12.9,2.75,1,0,0.0,34.4,11,0,17,15.4,37,2,6,144,43.9,33.1,33.3,53.8,1,1,42,0,17.6,36.5,8.1,3,2,0,1,0,4,9.5,144,4.5
Harrison Bailey,124266,QB,UNLV,4,54.8,31,32,7.7,2.87,0,0,0.0,50.0,16,0,12,5.9,42,1,8,325,69.1,46.5,39.6,65.6,0,0,42,0,25.0,58.2,7.1,3,7,0,1,0,1,2.4,111,3.5
Tate Rodemaker,122414,QB,FLORIDA ST,6,70.4,27,32,12.6,3.29,2,2,5.4,56.3,18,0,21,5.3,38,1,11,167,41.0,73.0,68.1,70.4,0,2,43,2,19.0,76.8,10.5,4,2,0,3,2,4,9.3,254,7.9
Austin Burton,60577,QB,PURDUE,2,86.2,29,32,4.9,2.71,0,0,0.0,75.0,24,0,9,4.0,35,1,12,273,44.3,69.5,70.4,60.2,0,1,38,0,11.1,108.7,2.9,1,2,0,3,3,1,2.6,199,6.2
Davis Beville,99588,QB,OKLAHOMA,3,57.1,28,30,10.9,2.94,1,0,0.0,50.0,15,0,8,6.3,36,1,6,261,73.7,54.2,50.1,59.3,0,1,37,0,75.0,44.0,16.7,6,0,0,1,0,1,2.7,102,3.4
D'Wan Mathis,99130,QB,TEMPLE,3,68.0,25,30,6.2,2.59,2,1,3.3,46.7,14,0,15,17.6,35,3,5,306,13.4,39.8,54.5,25.1,0,0,35,2,20.0,58.3,8.6,3,2,0,3,0,0,0.0,125,4.2
Byrum Brown,156206,QB,USF,3,78.6,28,29,7.6,2.64,1,2,6.3,75.9,22,0,8,0.0,36,0,13,327,72.8,82.9,82.9,69.1,0,0,39,1,50.0,142.2,11.1,4,2,0,0,4,1,2.6,260,9.0
Kaiya Sheron,62530,QB,KENTUCKY,2,70.4,27,29,7.3,2.69,1,1,3.3,58.6,17,0,13,10.5,37,2,8,202,70.6,70.3,68.7,63.4,0,1,38,0,46.2,86.4,16.2,6,1,0,1,2,0,0.0,187,6.4
Carson Beck,124010,QB,GEORGIA,4,82.8,29,29,7.0,2.34,0,2,6.5,75.9,22,0,5,8.3,32,2,14,173,36.5,79.7,87.4,49.3,0,0,34,0,0.0,136.9,0.0,0,2,0,0,3,0,0.0,258,8.9
Cade Fortin,77620,QB,ARKANSAS,3,61.5,26,29,9.5,2.55,0,2,6.9,48.3,14,0,11,12.5,33,2,7,111,29.9,60.6,56.9,66.5,1,0,33,0,27.3,73.2,9.1,3,1,0,2,1,1,3.0,135,4.7
Jayden Clemons,100571,QB,WYOMING,3,55.2,29,29,14.9,2.65,0,2,6.9,41.4,12,0,7,25.0,30,4,8,351,73.9,61.0,55.2,67.5,0,3,30,1,0.0,29.3,0.0,0,1,0,0,1,3,10.0,145,5.0
Ethan Garbers,131896,QB,UCLA,4,81.5,27,28,7.1,2.36,1,0,0.0,71.4,20,0,2,9.1,30,2,12,324,29.7,49.4,45.3,63.1,0,1,31,0,50.0,108.5,3.3,1,1,0,0,2,3,9.7,255,9.1
James Foster,83563,QB,CHARLOTTE,5,52.0,25,28,11.0,3.44,0,2,5.9,42.9,12,0,13,7.7,36,1,8,136,39.5,52.8,54.1,52.6,1,1,42,0,23.1,72.0,8.3,3,5,0,2,2,2,4.8,170,6.1
Cade McNamara,101620,QB,MICHIGAN,3,77.3,22,26,5.9,2.46,0,0,0.0,53.8,14,0,12,17.6,30,3,7,222,68.2,44.0,42.8,,0,1,30,0,33.3,72.6,13.3,4,0,1,3,1,1,3.3,180,6.9
Malik Hornsby,123957,QB,ARKANSAS,5,52.2,23,26,9.5,3.65,1,1,3.7,46.2,12,0,19,0.0,41,0,12,111,28.4,56.2,41.5,67.0,2,2,42,1,26.3,60.6,12.2,5,9,0,0,1,4,9.5,245,9.4
Evan Prater,123576,QB,CINCINNATI,5,81.8,22,25,7.6,3.07,1,0,0.0,72.0,18,0,10,0.0,31,0,13,138,44.6,80.6,70.6,76.3,1,0,34,0,40.0,101.8,12.9,4,2,0,1,0,0,0.0,238,9.5
Artur Sitkowski,83547,QB,ILLINOIS,3,79.2,24,25,4.7,2.29,0,1,3.8,72.0,18,0,3,5.3,26,1,5,187,71.0,61.6,56.1,66.2,0,1,27,1,0.0,63.9,0.0,0,1,0,1,0,1,3.7,111,4.4
CJ Montes,146114,QB,NEW MEXICO,3,78.9,19,25,7.7,2.76,0,0,0.0,60.0,15,0,7,0.0,29,0,5,241,72.6,61.4,66.1,57.4,1,1,30,2,14.3,54.1,3.4,1,3,0,5,0,0,0.0,112,4.5
Brendon Lewis,131687,QB,COLORADO,2,71.4,21,24,3.9,3.2,1,1,4.0,62.5,15,0,14,0.0,32,0,5,143,31.9,51.4,52.0,58.5,1,0,33,1,14.3,70.1,6.3,2,6,0,1,0,2,6.1,92,3.8
Kai Horton,144418,QB,TULANE,3,63.6,22,23,14.7,2.56,0,0,0.0,56.5,13,0,7,7.1,26,1,9,319,25.7,50.8,46.3,64.5,0,0,27,0,42.9,118.7,11.5,3,0,0,1,3,2,7.4,165,7.2
Eddie Lee Marburger,145511,QB,UTSA,5,57.1,21,23,13.4,2.82,0,1,3.8,43.5,10,0,9,16.7,27,2,8,331,20.3,60.9,49.6,75.0,1,0,30,0,22.2,70.9,7.4,2,2,0,1,1,2,6.7,100,4.3
Cole Freeman,145032,QB,NWESTERN,2,52.4,21,23,8.1,2.97,0,0,0.0,43.5,10,0,8,9.1,30,1,5,256,14.0,28.4,27.8,48.9,0,1,31,0,25.0,36.5,6.7,2,5,0,2,0,4,12.9,90,3.9
Kyron Drones,144506,QB,BAYLOR,3,70.0,20,22,13.1,3.4,0,3,12.5,63.6,14,0,8,0.0,25,0,13,118,70.6,72.2,73.6,60.0,0,1,27,0,0.0,92.8,0.0,0,3,0,2,1,1,3.7,219,10.0
Cade Klubnik,156253,QB,CLEMSON,6,60.0,20,22,7.4,3.45,0,1,3.8,50.0,11,0,9,8.3,26,1,6,140,73.0,60.9,50.8,69.2,0,1,31,0,22.2,58.5,7.7,2,2,0,2,1,2,6.5,98,4.5
Jake Lange,121467,QB,SO MISS,4,60.0,20,21,11.7,2.46,1,2,8.3,52.4,11,0,11,8.3,25,1,6,296,19.2,51.5,56.1,46.3,0,1,28,0,27.3,47.7,12.0,3,1,0,0,0,2,7.1,110,5.2
Jarrett Guest,97997,QB,COAST CAR,4,57.9,19,21,14.5,2.92,0,2,8.3,47.6,10,0,11,9.1,29,1,9,141,71.2,56.6,53.7,63.0,0,3,33,1,27.3,43.1,10.3,3,5,0,2,0,2,6.1,206,9.8
Gunnar Holmberg,77625,QB,FIU,1,73.7,19,21,6.7,2.66,0,0,0.0,66.7,14,0,8,0.0,27,0,7,166,28.3,59.3,59.3,60.4,0,0,30,0,12.5,93.9,3.7,1,5,1,1,1,2,6.7,103,4.9
Justin Lynch,144392,QB,N ILLINOIS,3,66.7,15,20,7.7,2.47,2,0,0.0,50.0,10,0,4,0.0,21,0,4,254,45.1,65.9,51.7,67.0,1,0,21,0,0.0,68.3,0.0,0,1,0,2,0,0,0.0,118,5.9
Ty Thompson,146568,QB,OREGON,5,77.8,18,20,3.3,2.0,2,0,0.0,55.0,11,0,1,21.4,21,3,5,264,70.4,53.9,55.1,53.7,0,2,24,0,0.0,23.3,0.0,0,0,0,0,0,0,0.0,72,3.6
Nick Patti,77614,QB,PITTSBURGH,1,56.3,16,20,8.9,2.8,1,0,0.0,45.0,9,0,12,0.0,24,0,4,268,68.9,62.2,63.5,60.9,0,0,25,1,16.7,72.7,8.3,2,2,0,3,1,0,0.0,79,4.0
Chandler Morris,122938,QB,TCU,1,80.0,20,20,5.2,2.34,0,0,0.0,65.0,13,0,5,18.8,21,3,6,305,70.8,61.4,68.6,53.2,0,0,22,2,0.0,79.4,0.0,0,1,0,0,0,0,0.0,111,5.6
Kyle McCord,145053,QB,OHIO STATE,6,84.2,19,20,4.1,2.25,0,0,0.0,80.0,16,0,4,0.0,20,0,8,260,69.7,73.4,76.5,55.8,1,0,20,0,0.0,122.9,0.0,0,0,0,0,1,0,0.0,190,9.5
Logan Smothers,129713,QB,NEBRASKA,3,76.5,17,19,7.3,2.73,0,2,10.5,52.6,10,0,11,23.1,24,3,5,238,35.2,76.8,73.3,68.1,1,0,24,0,36.4,67.0,16.7,4,1,0,1,0,1,4.2,96,5.1
Noah Fifita,158722,QB,ARIZONA,3,64.7,17,19,7.6,2.52,1,1,4.8,47.4,9,0,5,18.2,19,2,4,109,67.2,80.6,79.9,,0,0,21,0,0.0,87.2,0.0,0,0,0,1,1,0,0.0,128,6.7
AJ Padgett,163006,QB,RICE,1,55.6,18,19,7.6,2.37,0,0,0.0,42.1,8,0,6,20.0,23,2,3,275,15.2,32.0,38.3,48.3,0,0,23,1,33.3,79.7,8.7,2,2,0,1,1,2,8.7,114,6.0
Noah Kim,129623,QB,MICH STATE,4,88.2,17,19,10.4,2.79,0,2,10.0,73.7,14,0,2,6.7,20,1,9,223,67.2,84.0,86.1,57.0,0,0,21,0,0.0,141.2,0.0,0,1,0,2,3,0,0.0,174,9.2
Wiley Green,75891,QB,RICE,2,72.2,18,18,7.4,2.3,0,0,0.0,66.7,12,0,7,7.7,20,1,6,275,67.7,48.8,51.2,52.8,0,1,20,0,14.3,56.5,5.0,1,1,0,0,0,1,5.0,95,5.3
Desmond Trotter,83552,QB,S ALABAMA,3,88.2,17,18,3.8,2.29,0,0,0.0,77.8,14,0,10,6.7,21,1,8,288,69.5,73.8,68.3,70.3,0,0,26,0,10.0,96.1,4.8,1,2,0,1,0,0,0.0,127,7.1
Ty Keyes,145417,QB,SO MISS,2,58.8,17,17,13.5,2.6,0,2,11.1,58.8,10,0,6,0.0,20,0,6,296,72.5,65.0,63.4,62.0,0,2,21,0,0.0,103.2,0.0,0,3,0,0,3,1,4.8,272,16.0
Luke Altmyer,146802,QB,OLE MISS,3,56.3,16,17,10.6,2.42,0,0,0.0,47.1,8,0,6,11.1,18,1,7,226,26.6,48.7,50.1,52.2,0,1,21,0,16.7,86.6,5.6,1,0,0,1,2,2,9.5,125,7.4
Kyle Crum,158784,QB,S DIEGO ST,2,31.3,16,17,12.7,2.7,1,0,0.0,29.4,5,0,12,0.0,22,0,3,284,20.2,28.2,26.9,58.3,0,1,24,1,33.3,35.2,18.2,4,1,0,0,1,5,20.8,53,3.1
Justin Ibieta,123220,QB,TULANE,3,81.3,16,16,3.0,2.36,0,0,0.0,81.3,13,0,3,0.0,18,0,7,319,69.6,64.5,63.8,60.1,0,0,18,0,0.0,102.6,0.0,0,2,0,0,0,0,0.0,138,8.6
Trexler Ivey,122184,QB,CHARLOTTE,1,60.0,15,16,9.5,3.37,0,0,0.0,56.3,9,0,2,0.0,18,0,7,136,22.9,57.4,54.4,63.7,0,0,18,0,50.0,96.1,5.6,1,1,0,1,1,1,5.6,101,6.3
Dylan Morris,100570,QB,WASHINGTON,4,78.6,14,16,11.9,2.95,1,0,0.0,56.3,9,0,8,18.2,20,2,9,340,69.7,73.7,72.1,64.3,0,1,20,0,12.5,80.7,5.0,1,3,0,1,1,1,5.0,142,8.9
Jackson Stratton,157206,QB,COLO STATE,2,40.0,15,16,17.7,3.8,0,1,5.9,25.0,4,0,8,33.3,17,2,4,144,66.8,44.9,41.8,63.7,1,2,18,0,0.0,28.6,0.0,0,1,0,0,1,3,16.7,78,4.9
Kai Millner,146286,QB,CAL,2,71.4,14,15,9.0,2.41,1,2,13.3,60.0,9,0,6,10.0,16,1,5,130,67.4,82.9,80.8,64.2,0,0,16,0,0.0,125.3,0.0,0,1,0,0,2,0,0.0,121,8.1
Levi Williams,98365,QB,UTAH ST,3,38.5,13,15,16.4,2.21,0,0,0.0,26.7,4,0,3,20.0,15,1,3,329,28.2,53.0,53.8,62.6,2,0,16,0,0.0,39.6,0.0,0,0,0,0,0,0,0.0,27,1.8
Tyhier Tyler,82083,QB,ARMY,8,50.0,12,15,19.4,3.66,1,0,0.0,40.0,6,0,12,0.0,22,0,8,114,47.3,75.8,46.5,74.8,0,1,22,1,16.7,99.3,9.1,2,5,0,2,2,2,9.1,234,15.6
Kevin Jennings,158272,QB,SMU,2,78.6,14,14,5.6,2.03,0,1,6.3,78.6,11,0,2,0.0,16,0,7,287,26.2,64.5,73.9,44.5,0,0,18,0,50.0,126.8,6.3,1,1,0,0,1,1,5.6,122,8.7
Luke Doty,124230,QB,S CAROLINA,3,71.4,14,14,6.6,2.39,0,1,7.1,71.4,10,0,3,0.0,14,0,5,289,70.0,67.8,50.1,80.0,0,2,14,0,0.0,105.1,0.0,0,0,0,0,2,2,14.3,146,10.4
Sam Vidlak,146333,QB,BOISE ST,3,75.0,12,14,10.8,2.48,0,1,6.7,64.3,9,0,7,0.0,16,0,1,120,68.2,62.8,65.1,60.1,1,0,17,2,28.6,81.3,12.5,2,0,0,1,0,0,0.0,86,6.1
Jalen Kitna,146688,QB,FLORIDA,2,71.4,14,14,14.0,2.75,0,1,5.9,71.4,10,0,3,0.0,14,0,8,163,66.7,68.4,70.5,,0,0,17,1,0.0,137.5,0.0,0,0,0,0,1,0,0.0,181,12.9
Miller Moss,70727,QB,USC,2,85.7,14,14,2.2,2.54,0,1,7.1,85.7,12,0,3,0.0,14,0,7,326,68.7,71.3,71.1,60.8,0,0,14,0,0.0,137.8,0.0,0,0,0,0,1,0,0.0,159,11.4
Jason Brown,109060,QB,VA TECH,3,75.0,12,13,10.1,2.67,1,1,7.1,53.8,7,0,4,22.2,15,2,4,337,66.5,73.5,72.8,,0,0,16,0,50.0,67.8,13.3,2,0,0,0,0,0,0.0,65,5.0
Maasai Maynor,101057,QB,NAVY,2,63.6,11,13,16.8,3.28,0,3,18.8,53.8,7,0,7,0.0,16,0,6,237,25.8,61.8,61.5,60.3,1,0,19,0,14.3,114.9,6.3,1,2,1,0,1,2,10.5,132,10.2
Darius Ocean,123459,QB,W KENTUCKY,3,66.7,12,12,12.8,2.89,0,2,15.4,58.3,7,0,6,12.5,17,1,5,346,69.0,48.5,54.2,48.6,0,1,18,0,50.0,102.4,17.6,3,2,0,0,2,2,11.1,135,11.3
Jack Tuttle,83580,QB,INDIANA,1,90.0,10,12,3.3,2.53,1,0,0.0,75.0,9,0,7,0.0,19,0,4,190,69.1,68.8,73.4,58.3,0,0,19,0,42.9,120.8,15.8,3,4,0,1,1,0,0.0,82,6.8
Nate Yarnell,144037,QB,PITTSBURGH,1,83.3,12,12,12.4,2.49,0,2,15.4,75.0,9,0,2,10.0,13,1,8,268,68.7,68.3,75.4,57.4,0,0,14,1,50.0,144.4,7.7,1,0,0,0,1,1,7.1,179,14.9
Zamar Wise,128106,QB,UMASS,2,45.5,11,12,9.8,2.89,0,0,0.0,33.3,4,0,6,20.0,16,1,2,216,73.0,50.0,40.6,62.5,1,0,17,0,50.0,45.1,18.8,3,1,0,0,0,1,5.9,44,3.7
Cale Millen,98017,QB,UCONN,6,44.4,9,12,5.7,2.95,1,0,0.0,33.3,4,0,4,0.0,12,0,1,146,74.8,64.3,53.9,68.3,0,0,12,0,0.0,70.1,0.0,0,0,0,2,1,0,0.0,25,2.1
Parker Navarro,123758,QB,OHIO,2,50.0,10,12,3.9,2.87,1,0,0.0,41.7,5,0,8,0.0,17,0,4,259,13.8,33.0,26.9,68.0,0,0,17,0,37.5,51.7,17.6,3,2,0,1,0,2,11.8,43,3.6
Mason Garcia,123811,QB,E CAROLINA,2,66.7,12,12,6.0,3.14,0,0,0.0,58.3,7,0,4,12.5,15,1,2,156,68.1,62.0,61.0,60.9,0,0,15,0,25.0,69.4,6.7,1,2,0,0,0,0,0.0,54,4.5
Sawyer Robertson,146839,QB,MISS STATE,3,54.5,11,11,4.2,2.36,0,0,0.0,54.5,6,0,5,0.0,13,0,1,227,66.0,63.2,58.3,64.2,0,1,13,0,20.0,22.2,7.7,1,1,0,0,0,0,0.0,23,2.1
Quincy Patterson II,77626,QB,TEMPLE,2,63.6,11,11,4.9,2.25,0,0,0.0,54.5,6,0,2,14.3,11,1,5,306,26.1,51.8,64.1,51.1,0,0,11,0,0.0,71.8,0.0,0,0,0,0,0,0,0.0,64,5.8
Frank Gore Jr.,121457,HB,SO MISS,6,50.0,10,10,21.4,2.95,0,3,21.4,40.0,4,1,5,20.0,11,1,5,296,83.8,84.2,76.8,83.4,0,0,15,1,0.0,127.1,0.0,0,1,0,0,2,0,0.0,147,14.7
Xavier Arline,121831,QB,NAVY,5,33.3,9,10,15.6,3.48,0,2,16.7,30.0,3,0,13,0.0,19,0,5,237,47.6,63.7,43.1,66.8,0,1,22,2,38.5,45.8,26.3,5,4,0,1,1,2,9.1,60,6.0
Alex Padilla,86285,QB,IOWA,1,66.7,9,10,7.6,2.89,0,0,0.0,50.0,5,0,8,16.7,13,1,1,192,22.5,41.6,49.6,44.6,1,1,13,0,37.5,17.5,23.1,3,0,0,0,0,0,0.0,32,3.2
Davis Warren,73940,QB,MICHIGAN,4,55.6,9,9,11.9,2.9,0,1,11.1,55.6,5,0,4,0.0,11,0,4,222,68.5,68.4,63.6,65.3,0,0,11,0,0.0,89.6,0.0,0,2,0,0,0,0,0.0,89,9.9
Jaxon Dailey,156650,QB,ARK STATE,1,55.6,9,9,4.2,2.15,0,0,0.0,55.6,5,0,3,0.0,10,0,2,113,66.0,50.3,49.8,,0,0,13,0,33.3,64.1,10.0,1,0,0,0,0,0,0.0,34,3.8
Ari Patu,146360,QB,STANFORD,3,87.5,8,9,12.0,2.69,0,1,11.1,66.7,6,0,3,14.3,10,1,6,300,67.5,82.6,85.0,60.8,0,0,10,0,0.0,127.3,0.0,0,1,0,1,2,0,0.0,65,7.2
Carl Richardson,129735,QB,NWESTERN,2,37.5,8,9,9.4,2.97,0,0,0.0,33.3,3,0,2,0.0,9,0,1,256,65.4,29.3,29.1,,1,1,10,0,0.0,8.3,0.0,0,0,0,0,0,1,10.0,39,4.3
Grant Gunnell,98367,QB,N TEXAS,2,44.4,9,9,12.2,2.95,0,1,11.1,44.4,4,0,4,0.0,10,0,2,251,65.4,45.5,42.4,,0,1,10,0,25.0,34.3,10.0,1,0,0,0,0,1,10.0,75,8.3
Christian Veilleux,145086,QB,PENN STATE,3,100.0,9,9,3.7,2.02,0,0,0.0,77.8,7,0,1,22.2,10,2,4,266,68.4,80.9,86.6,57.2,0,0,10,0,100.0,87.0,10.0,1,0,0,0,0,0,0.0,44,4.9
Thomas Castellanos,158433,QB,UCF,3,100.0,8,8,1.8,1.44,0,0,0.0,87.5,7,0,1,12.5,8,1,3,323,72.1,90.5,78.5,81.9,0,0,8,1,0.0,102.1,0.0,0,0,0,0,0,0,0.0,68,8.5
Nate Hampton,147548,QB,LIBERTY,3,37.5,8,8,20.3,3.39,0,1,11.1,37.5,3,0,5,0.0,11,0,2,206,74.1,49.7,40.8,60.3,0,0,12,0,40.0,72.9,18.2,2,1,0,0,0,1,8.3,76,9.5
Cole Kramer,101627,QB,MINNESOTA,3,62.5,8,8,6.4,2.26,0,0,0.0,62.5,5,0,1,0.0,8,0,1,225,71.0,71.3,63.3,68.9,0,0,8,0,0.0,75.5,0.0,0,0,0,0,0,0,0.0,41,5.1
Liu Aumavae,158776,QB,S DIEGO ST,2,25.0,8,8,12.0,2.44,0,0,0.0,12.5,1,0,0,50.0,8,1,0,284,66.2,55.5,54.1,60.0,0,0,8,0,,39.6,0.0,0,0,0,0,0,1,12.5,2,0.3
Garrett Hable,123480,QB,LA MONROE,3,62.5,8,8,5.9,2.09,0,0,0.0,50.0,4,0,4,20.0,9,1,2,209,67.4,55.5,52.1,60.3,0,0,9,0,0.0,74.0,0.0,0,1,0,0,0,0,0.0,58,7.3
Jack Abraham,40557,QB,MISSOURI,3,71.4,7,8,11.1,2.43,1,0,0.0,37.5,3,0,3,40.0,8,2,2,229,64.9,60.3,58.7,,0,2,8,0,0.0,16.7,0.0,0,0,0,0,0,1,12.5,44,5.5
Mareyohn Hrabowski,145923,QB,W MICHIGAN,3,66.7,6,8,13.5,3.15,1,1,7.7,50.0,4,0,7,0.0,14,0,3,347,75.2,63.8,62.5,61.7,1,0,19,0,14.3,72.9,7.1,1,5,0,0,0,0,0.0,56,7.0
Will Haskell,146153,QB,S DIEGO ST,2,50.0,6,7,9.7,2.59,1,0,0.0,42.9,3,0,2,0.0,8,0,2,284,67.2,50.8,45.8,60.3,0,0,8,0,0.0,50.3,0.0,0,1,0,0,0,0,0.0,12,1.7
AJ Duffy,156292,QB,FLORIDA ST,3,33.3,6,7,14.3,3.31,0,0,0.0,28.6,2,0,5,0.0,8,0,1,167,67.2,48.0,47.6,57.0,0,0,8,0,0.0,82.1,0.0,0,1,0,1,1,0,0.0,26,3.7
Alan Bowman,77679,QB,MICHIGAN,2,85.7,7,7,4.0,2.53,0,0,0.0,85.7,6,0,1,0.0,7,0,4,222,64.6,57.4,56.3,,0,0,7,0,0.0,142.0,0.0,0,0,0,0,1,0,0.0,60,8.6
Michael Alaimo,129802,QB,PURDUE,2,71.4,7,7,12.0,2.51,0,0,0.0,71.4,5,0,2,0.0,8,0,2,273,66.2,71.0,64.1,67.8,0,0,8,0,0.0,83.6,0.0,0,1,0,0,0,0,0.0,37,5.3
Chance Lovertich,121427,QB,MISS STATE,1,100.0,6,6,3.8,3.17,0,0,0.0,100.0,6,0,1,0.0,7,0,3,227,64.9,61.5,61.2,,0,0,8,0,100.0,131.3,14.3,1,0,0,0,1,0,0.0,36,6.0
Willie Taggart Jr.,123613,QB,FAU,3,40.0,5,6,8.6,2.69,0,0,0.0,33.3,2,0,3,0.0,7,0,1,165,74.6,52.3,39.1,61.0,0,0,8,0,0.0,42.4,0.0,0,1,0,1,0,0,0.0,14,2.3
Will Crowder,144781,QB,W VIRGINIA,1,100.0,6,6,8.5,2.14,0,1,14.3,100.0,6,0,2,0.0,7,0,4,343,64.9,92.6,91.9,64.3,0,0,8,0,0.0,145.8,0.0,0,1,0,0,1,0,0.0,57,9.5
Henry Belin IV,162693,QB,DUKE,1,100.0,6,6,1.7,2.41,0,0,0.0,83.3,5,0,2,16.7,7,1,2,154,20.1,52.8,68.6,43.3,0,0,8,0,50.0,96.5,14.3,1,0,0,0,0,0,0.0,43,7.2
Bert Emanuel Jr.,158581,QB,C MICHIGAN,2,80.0,5,6,6.4,3.65,0,0,0.0,66.7,4,0,8,0.0,15,0,4,134,35.0,75.2,37.8,75.5,0,0,15,1,37.5,95.1,20.0,3,6,0,1,0,1,6.7,54,9.0
Ryan Burger,157544,QB,APP STATE,1,83.3,6,6,5.3,3.34,0,0,0.0,66.7,4,0,2,20.0,8,1,4,108,64.9,71.5,59.6,70.8,0,0,8,0,0.0,85.4,0.0,0,2,0,0,0,0,0.0,40,6.7
Sam Jackson,144682,QB,TCU,3,100.0,5,5,2.2,2.94,0,0,0.0,100.0,5,0,3,0.0,7,0,3,305,72.1,88.3,83.4,73.4,0,0,7,0,33.3,118.8,14.3,1,1,0,0,0,0,0.0,63,12.6
Kinkead Dent,99132,QB,OLE MISS,2,60.0,5,5,8.8,1.88,0,0,0.0,60.0,3,0,1,0.0,5,0,0,226,63.8,64.3,63.1,,0,0,5,0,0.0,64.6,0.0,0,0,0,0,0,0,0.0,7,1.4
Stone Hollenbach,99128,QB,W MICHIGAN,1,80.0,5,5,5.0,2.32,0,0,0.0,80.0,4,0,2,0.0,6,0,2,347,64.2,27.8,27.3,,0,1,6,0,50.0,39.6,16.7,1,0,0,0,0,1,16.7,15,3.0
Henry Hesson,145798,QB,MIAMI OH,1,60.0,5,5,18.2,2.62,0,0,0.0,40.0,2,0,1,33.3,6,1,2,221,65.7,71.7,76.1,56.9,0,0,6,0,0.0,66.3,0.0,0,1,0,0,0,0,0.0,37,7.4
Jacolby Criswell,122830,QB,N CAROLINA,2,66.7,3,5,3.0,2.1,2,0,0.0,20.0,1,0,2,50.0,5,1,0,245,66.8,61.0,55.5,62.7,0,0,5,1,0.0,39.6,0.0,0,0,0,0,0,0,0.0,4,0.8
Ashton Daniels,157259,QB,STANFORD,4,100.0,4,5,2.5,2.29,0,0,0.0,80.0,4,0,3,0.0,7,0,1,300,23.0,76.7,46.1,75.6,1,0,7,0,33.3,95.0,14.3,1,0,0,0,0,0,0.0,34,6.8
Myles Burkett,158691,QB,WISCONSIN,2,100.0,4,5,18.8,2.8,0,0,0.0,80.0,4,0,3,0.0,6,0,3,349,64.2,78.6,78.3,,0,0,6,0,33.3,118.8,16.7,1,0,0,1,0,0,0.0,84,16.8
Taisun Phommachanh,99577,QB,GA TECH,1,40.0,5,5,15.0,3.43,0,0,0.0,40.0,2,0,2,0.0,6,0,2,176,72.2,56.6,41.5,65.1,0,1,6,0,0.0,8.3,0.0,0,1,0,0,0,1,16.7,13,2.6
Ryan Glover,109047,QB,MEMPHIS,2,80.0,5,5,4.0,2.48,0,0,0.0,80.0,4,0,3,0.0,8,0,1,218,71.6,80.4,58.9,78.3,0,0,8,0,66.7,90.8,25.0,2,1,0,0,0,0,0.0,29,5.8
Brendan Sorsby,156398,QB,INDIANA,1,40.0,5,5,8.8,1.9,0,0,0.0,40.0,2,0,3,0.0,8,0,0,190,64.9,31.6,30.9,,0,1,8,0,66.7,8.3,25.0,2,0,0,0,0,1,12.5,7,1.4
Ty Simpson,157008,QB,ALABAMA,3,100.0,4,5,5.0,1.92,1,0,0.0,80.0,4,0,0,0.0,5,0,3,103,68.9,69.4,68.1,61.3,0,0,5,0,,95.8,0.0,0,0,0,0,0,0,0.0,35,7.0
Jake Rubley,144589,QB,KANSAS ST,2,80.0,5,5,7.8,3.43,0,0,0.0,80.0,4,0,3,0.0,8,0,1,199,71.6,54.2,55.8,56.8,0,1,9,0,33.3,63.8,12.5,1,2,0,0,0,1,11.1,44,8.8
Ethan Vasko,163817,QB,KANSAS,1,50.0,4,5,11.0,3.39,0,0,0.0,40.0,2,0,4,0.0,7,0,1,198,64.6,51.1,43.0,64.9,1,0,7,0,25.0,47.9,14.3,1,1,0,0,0,0,0.0,13,2.6
Bryce Carpenter,82101,QB,COAST CAR,3,75.0,4,5,7.5,2.38,1,0,0.0,60.0,3,0,3,0.0,6,0,3,141,80.0,74.7,72.8,67.8,0,0,6,1,0.0,140.8,0.0,0,1,0,0,1,0,0.0,59,11.8
Maddux Madsen,163379,QB,BOISE ST,1,75.0,4,4,7.8,2.1,0,0,0.0,75.0,3,0,0,0.0,4,0,1,120,65.2,65.9,68.4,58.7,0,0,4,0,,109.4,0.0,0,0,0,0,0,0,0.0,43,10.8
Gaston Moore,123756,QB,TENNESSEE,2,75.0,4,4,13.5,2.2,0,0,0.0,75.0,3,0,0,0.0,4,0,1,307,63.3,55.9,55.3,,0,1,4,0,,52.1,0.0,0,0,0,0,0,1,25.0,26,6.5
Stone Earle,123504,QB,N TEXAS,3,75.0,4,4,5.8,1.9,0,0,0.0,75.0,3,0,1,0.0,4,0,2,251,75.2,76.3,61.2,71.4,0,0,4,0,0.0,89.6,0.0,0,0,0,0,0,0,0.0,24,6.0
Drew Carter,146312,QB,COLORADO,1,25.0,4,4,5.3,3.4,0,0,0.0,25.0,1,0,4,0.0,9,0,1,143,20.8,36.5,30.5,55.4,0,0,9,0,50.0,39.6,22.2,2,3,0,0,0,1,11.1,3,0.8
Charlie Brewer,60344,QB,LIBERTY,2,100.0,4,4,4.5,3.43,0,0,0.0,75.0,3,0,4,25.0,7,1,1,206,67.2,58.4,72.3,49.7,0,0,8,0,25.0,83.3,14.3,1,2,0,0,0,0,0.0,18,4.5
Ashton Cook,144539,QB,IOWA STATE,1,100.0,4,4,3.0,2.28,0,0,0.0,100.0,4,0,1,0.0,4,0,1,193,63.3,75.5,75.1,,0,0,4,0,0.0,100.0,0.0,0,0,0,0,0,0,0.0,32,8.0
Tayven Jackson,157615,QB,TENNESSEE,3,100.0,3,4,5.7,3.15,0,0,0.0,75.0,3,0,4,0.0,6,0,1,307,67.0,71.9,68.2,64.5,1,0,6,0,25.0,103.1,16.7,1,1,0,0,0,0,0.0,37,9.3
Caden Veltkamp,156642,QB,W KENTUCKY,1,100.0,4,4,2.5,1.85,0,0,0.0,100.0,4,0,0,0.0,4,0,2,346,63.3,60.5,60.0,,0,0,4,0,,92.7,0.0,0,0,0,0,0,0,0.0,25,6.3
Brendon Clark,102869,QB,DOMINION,2,50.0,4,4,19.3,3.19,0,1,25.0,50.0,2,0,2,0.0,7,0,2,263,21.3,46.1,60.4,45.8,0,1,8,0,50.0,42.7,14.3,1,1,0,0,0,1,12.5,37,9.3
Michael Kern,97799,QB,WAKE,1,75.0,4,4,9.3,2.08,0,0,0.0,75.0,3,0,1,0.0,4,0,1,339,63.3,70.0,69.4,,0,0,4,0,0.0,77.1,0.0,0,0,0,0,0,0,0.0,6,1.5
Braden Smith,61460,WR,LOUISVILLE,4,75.0,4,4,16.3,3.1,0,1,25.0,75.0,3,0,2,0.0,4,0,3,210,67.3,53.6,90.1,,0,0,4,1,0.0,156.3,0.0,0,0,0,0,1,0,0.0,106,26.5
Nicco Marchiol,157363,QB,W VIRGINIA,1,75.0,4,4,18.5,2.3,0,1,25.0,50.0,2,0,1,33.3,4,1,1,343,63.3,76.4,75.9,,0,0,4,0,0.0,116.7,0.0,0,0,0,0,1,0,0.0,32,8.0
Tristan Gebbia,60475,QB,OREGON ST,2,100.0,4,4,5.5,1.6,0,1,25.0,100.0,4,0,1,0.0,4,0,3,265,68.8,82.6,85.0,61.3,0,0,4,0,0.0,115.6,0.0,0,0,0,0,0,0,0.0,47,11.8
Jack Turner,162969,QB,LA TECH,1,50.0,4,4,17.8,2.86,0,0,0.0,25.0,1,0,3,50.0,5,1,0,208,65.5,50.7,53.4,55.7,0,1,5,0,0.0,0.0,0.0,0,1,0,0,0,0,0.0,9,2.3
Gabriel Rogers,100921,WR,MEMPHIS,2,50.0,2,3,30.0,4.57,0,1,33.3,33.3,1,2,3,0.0,3,0,1,218,50.7,64.9,82.2,72.3,0,0,3,3,0.0,121.5,0.0,0,0,0,1,1,0,0.0,41,13.7
Braelon Allen,145159,HB,WISCONSIN,3,66.7,3,3,6.7,3.57,0,0,0.0,66.7,2,0,3,0.0,3,0,2,349,84.0,79.4,69.4,80.9,0,0,3,1,0.0,143.1,0.0,0,0,0,0,1,0,0.0,33,11.0
Holden Geriner,157045,QB,AUBURN,1,66.7,3,3,3.3,2.68,0,0,0.0,66.7,2,0,2,0.0,5,0,1,115,63.3,61.3,60.8,,0,0,5,0,100.0,70.1,40.0,2,0,0,0,0,0,0.0,8,2.7
Connor Cigelske,122433,QB,GA SOUTHRN,1,33.3,3,3,8.7,2.45,0,0,0.0,33.3,1,0,1,0.0,4,0,0,174,65.2,51.1,50.2,59.7,0,0,4,0,100.0,42.4,25.0,1,0,0,0,0,0,0.0,1,0.3
Johnny Langan,77617,TE,RUTGERS,3,66.7,3,3,13.7,2.0,0,0,0.0,66.7,2,0,2,0.0,3,0,1,278,35.0,55.3,38.9,64.4,0,0,3,3,0.0,149.3,0.0,0,0,0,0,1,1,33.3,43,14.3
D.J. Mack Jr.,55405,QB,DOMINION,2,50.0,2,3,4.0,2.1,0,0,0.0,33.3,1,0,0,0.0,3,0,1,263,21.1,51.0,55.7,66.0,0,0,3,0,,98.6,0.0,0,0,0,1,1,0,0.0,21,7.0
Kai Kroeger,124245,P,S CAROLINA,4,100.0,3,3,10.0,2.03,0,0,0.0,100.0,3,0,0,0.0,3,0,3,289,63.8,87.0,91.1,,0,0,5,0,,158.3,0.0,0,0,0,0,1,0,0.0,84,28.0
Brady Allen,156493,QB,PURDUE,1,66.7,3,3,1.0,1.4,0,0,0.0,33.3,1,0,0,50.0,3,1,0,273,62.7,51.2,49.8,,0,0,3,0,,42.4,0.0,0,0,0,0,0,0,0.0,8,2.7
Lucas Coley,146625,QB,HOUSTON,2,100.0,3,3,-3.7,1.5,0,0,0.0,100.0,3,0,0,0.0,3,0,0,182,20.3,41.8,63.9,44.2,0,0,3,0,,79.2,0.0,0,0,0,0,0,0,0.0,8,2.7
Brady McBride,77641,QB,APP STATE,1,66.7,3,3,23.3,3.15,0,0,0.0,66.7,2,0,0,0.0,4,0,2,108,63.3,62.1,65.5,57.8,0,0,4,0,,103.5,0.0,0,1,0,0,0,0,0.0,33,11.0
Weston Eget,97802,QB,NEW MEX ST,2,66.7,3,3,9.3,2.72,0,0,0.0,66.7,2,0,2,0.0,5,0,1,242,63.8,51.6,53.6,57.0,0,0,5,0,50.0,70.1,20.0,1,1,0,0,0,0,0.0,5,1.7
Thayer Thomas,61515,WR,NC STATE,3,100.0,2,3,11.5,3.43,0,1,25.0,66.7,2,0,1,0.0,3,0,1,248,63.7,71.1,90.2,,0,0,4,2,0.0,143.1,0.0,0,0,0,1,1,0,0.0,33,11.0
Zeon Chriss,156733,QB,LA LAFAYET,1,33.3,3,3,22.0,2.5,0,0,0.0,0.0,0,0,2,100.0,3,1,0,207,64.8,42.1,40.1,59.6,0,0,3,0,0.0,39.6,0.0,0,0,0,0,0,0,0.0,0,0.0
John Paul Richardson,144650,WR,OKLA STATE,2,100.0,1,2,32.0,4.1,0,0,0.0,50.0,1,0,0,0.0,2,0,1,262,75.0,65.1,55.7,,0,0,2,1,,95.8,0.0,0,0,0,1,0,0,0.0,32,16.0
OJ Arnold,158336,HB,GA SOUTHRN,2,100.0,2,2,28.0,2.55,0,0,0.0,50.0,1,0,1,50.0,2,1,1,174,80.4,67.2,73.4,65.7,0,0,2,0,0.0,135.4,0.0,0,0,0,0,1,0,0.0,32,16.0
Katin Houser,158386,QB,MICH STATE,1,50.0,2,2,7.0,3.45,0,0,0.0,50.0,1,0,1,0.0,2,0,0,223,64.4,58.3,50.0,63.3,0,0,2,0,0.0,56.3,0.0,0,0,0,0,0,0,0.0,2,1.0
John Mateer,158516,QB,WASH STATE,1,100.0,2,2,16.5,1.95,0,0,0.0,100.0,2,0,0,0.0,2,0,1,341,71.2,80.1,59.7,74.4,0,0,2,0,,158.3,0.0,0,0,0,0,1,0,0.0,32,16.0
Tetairoa McMillan,158735,WR,ARIZONA,2,100.0,2,2,0.5,4.85,0,0,0.0,100.0,2,1,1,0.0,2,0,1,109,72.9,68.5,74.3,,0,0,2,1,0.0,83.3,0.0,0,0,0,0,0,0,0.0,8,4.0
Rocco Becht,157567,QB,IOWA STATE,2,0.0,1,2,11.0,4.43,0,0,0.0,0.0,0,0,2,,3,0,0,193,63.8,40.5,42.4,56.3,0,0,5,0,0.0,39.6,0.0,0,1,0,1,0,0,0.0,0,0.0
Ben Brittain,125262,QB,AIR FORCE,2,100.0,1,2,30.0,2.7,0,1,50.0,50.0,1,0,1,0.0,2,0,1,101,69.6,90.4,84.8,72.3,0,0,2,0,0.0,135.4,0.0,0,0,0,1,1,0,0.0,80,40.0
Jay Woolfolk,151104,QB,VIRGINIA,1,0.0,1,2,14.0,4.33,1,0,0.0,0.0,0,0,0,,3,0,1,335,65.5,56.0,51.8,62.4,0,0,5,0,,39.6,0.0,0,1,0,0,0,0,0.0,0,0.0
Ta'Quan Roberson,101625,QB,UCONN,1,100.0,1,2,-5.0,2.65,0,0,0.0,50.0,1,0,0,0.0,2,0,0,146,67.6,83.2,58.9,76.4,0,0,2,0,,64.6,0.0,0,0,0,1,0,0,0.0,10,5.0
Kai Puailoa-Rojas,121867,HB,NAVY,2,50.0,2,2,17.0,3.5,0,1,50.0,50.0,1,0,0,0.0,2,0,1,237,68.9,55.6,46.4,74.2,0,1,2,0,,95.8,0.0,0,0,0,0,1,1,50.0,26,13.0
Isaiah Bowser,66123,HB,UCF,3,100.0,2,2,2.0,1.4,0,0,0.0,100.0,2,0,0,0.0,2,0,1,323,81.2,70.3,71.5,70.9,0,0,3,0,,118.8,0.0,0,0,0,0,1,0,0.0,4,2.0
Brock Vandagriff,146713,QB,GEORGIA,2,100.0,1,2,16.0,2.6,1,0,0.0,0.0,0,0,0,100.0,2,1,0,173,67.6,67.1,70.7,58.6,0,0,2,0,,39.6,0.0,0,0,0,0,0,0,0.0,0,0.0
Sam Horn,157167,QB,MISSOURI,1,50.0,2,2,12.0,1.85,0,1,33.3,0.0,0,0,0,100.0,2,1,0,229,64.8,88.7,83.9,62.3,0,0,3,0,,39.6,0.0,0,0,0,0,0,0,0.0,0,0.0
Dakereon Joyner,83554,WR,S CAROLINA,2,100.0,2,2,11.0,5.0,0,0,0.0,100.0,2,0,1,0.0,2,0,2,289,73.9,62.9,83.6,70.5,0,0,2,1,0.0,158.3,0.0,0,0,0,0,1,0,0.0,83,41.5
CJ Lewis,61173,WR,BOWL GREEN,3,50.0,2,2,2.5,6.37,0,0,0.0,50.0,1,0,2,0.0,3,0,1,122,71.5,58.8,46.0,,0,0,3,3,50.0,75.0,33.3,1,0,0,0,0,0,0.0,15,7.5
Sam Huard,146463,QB,WASHINGTON,1,100.0,2,2,2.0,2.57,0,0,0.0,100.0,2,0,1,0.0,3,0,2,340,63.3,51.0,49.6,,0,0,4,0,100.0,116.7,33.3,1,0,0,0,0,0,0.0,24,12.0
Jack Colletto,83540,FB,OREGON ST,2,100.0,2,2,26.5,3.4,0,0,0.0,100.0,2,0,1,0.0,2,0,2,265,78.0,75.6,90.1,75.5,0,0,2,1,0.0,118.8,0.0,0,0,0,0,0,0,0.0,53,26.5
LeQuint Allen,158290,HB,SYRACUSE,2,50.0,2,2,24.0,3.55,0,0,0.0,50.0,1,0,0,0.0,2,0,1,304,78.0,78.0,62.3,78.1,0,0,2,0,,135.4,0.0,0,0,0,0,1,0,0.0,33,16.5
Gino English,99576,QB,FLORIDA ST,1,100.0,2,2,-2.5,1.3,0,0,0.0,100.0,2,0,0,0.0,2,0,1,167,10.2,40.2,62.7,49.5,0,0,2,0,,100.0,0.0,0,0,0,0,0,0,0.0,16,8.0
Bucky Irving,144970,HB,OREGON,2,100.0,2,2,-3.5,2.1,0,0,0.0,100.0,2,0,0,0.0,2,0,2,264,89.4,90.9,62.6,91.9,0,0,2,0,,158.3,0.0,0,0,0,0,1,0,0.0,36,18.0
Michael Turk,82012,P,OKLAHOMA,2,100.0,2,2,-7.0,0.8,0,0,0.0,100.0,2,0,0,0.0,2,0,2,261,61.8,62.4,61.5,,0,0,2,0,,118.8,0.0,0,0,0,0,1,0,0.0,5,2.5
Eric Gray,99143,HB,OKLAHOMA,1,50.0,2,2,2.5,1.65,0,0,0.0,50.0,1,0,0,0.0,2,0,0,261,83.7,90.4,28.3,91.7,0,1,2,1,,16.7,0.0,0,0,0,0,0,1,50.0,0,0.0
John Dunmore,101705,WR,OREGON ST,1,100.0,1,1,24.0,2.8,0,1,100.0,100.0,1,0,0,0.0,1,0,1,265,65.3,69.3,87.7,,0,0,1,1,,118.8,0.0,0,0,0,0,0,0,0.0,41,41.0
Dalen Cambre,102933,WR,LA LAFAYET,1,0.0,1,1,12.0,5.3,0,0,0.0,0.0,0,0,1,,1,0,0,207,63.7,66.0,57.7,,0,0,1,0,0.0,39.6,0.0,0,0,0,0,0,0,0.0,0,0.0
Keanu Hill,102960,WR,BYU,1,100.0,1,1,-6.0,3.4,0,0,0.0,100.0,1,0,0,0.0,1,0,0,128,38.2,67.7,60.6,,0,0,1,2,,91.7,0.0,0,0,0,0,0,0,0.0,6,6.0
George Johnson III,101696,WR,UMASS,1,0.0,1,1,11.0,3.0,0,0,0.0,0.0,0,1,1,,1,0,0,216,73.9,61.4,46.8,57.0,0,0,1,2,0.0,39.6,0.0,0,0,0,0,0,0,0.0,0,0.0
Isaac Ross,104919,WR,UMASS,2,0.0,1,1,32.0,4.3,0,0,0.0,0.0,0,0,1,,2,0,1,216,57.7,59.5,49.9,72.7,0,0,2,0,0.0,39.6,0.0,0,1,0,0,0,0,0.0,0,0.0
Will Derrick,105790,WR,LA MONROE,2,100.0,1,1,7.0,4.0,0,0,0.0,100.0,1,0,0,0.0,1,0,1,209,65.0,52.0,69.2,,0,0,2,1,,118.8,0.0,0,0,0,0,1,0,0.0,3,3.0
Grant DuBose,111276,WR,CHARLOTTE,1,0.0,1,1,37.0,4.1,0,0,0.0,0.0,0,1,0,,1,0,0,136,63.4,70.3,49.9,,0,0,1,2,,39.6,0.0,0,0,0,0,0,0,0.0,0,0.0
Nasjzae Bryant,111818,HB,HAWAII,1,0.0,1,1,3.0,2.1,0,0,0.0,0.0,0,0,0,,1,0,0,180,82.9,75.0,54.0,75.4,0,0,1,0,,39.6,0.0,0,0,0,0,0,0,0.0,0,0.0
Tyrell Robinson,121607,HB,ARMY,1,100.0,1,1,5.0,2.9,0,0,0.0,100.0,1,0,0,0.0,1,0,0,114,62.3,72.7,57.7,78.2,0,0,1,0,,91.7,0.0,0,0,0,0,0,0,0.0,6,6.0
Stone Frost,121805,QB,MIDDLE TN,1,100.0,1,1,-4.0,0.6,0,0,0.0,100.0,1,0,0,0.0,1,0,0,224,70.5,60.5,60.4,59.2,0,0,1,0,,79.2,0.0,0,0,0,0,0,0,0.0,-4,-4.0
Eric Najarian,101624,QB,MARYLAND,1,100.0,1,1,16.0,3.3,0,0,0.0,100.0,1,0,0,0.0,1,0,1,215,63.7,55.3,54.8,60.0,0,0,1,0,,118.8,0.0,0,0,0,0,0,0,0.0,25,25.0
Andy Maddox,101619,QB,MICHIGAN,1,100.0,1,1,4.0,1.7,0,0,0.0,100.0,1,0,0,0.0,1,0,0,222,63.7,62.2,60.6,60.0,0,0,1,0,,83.3,0.0,0,0,0,0,0,0,0.0,4,4.0
Ryan O'Keefe,101139,WR,UCF,2,0.0,1,1,-4.0,4.15,0,0,0.0,0.0,0,0,1,,2,0,0,323,79.7,70.6,50.9,79.8,0,0,2,0,100.0,39.6,50.0,1,0,0,0,0,0,0.0,0,0.0
Nate McCollum,122487,WR,GA TECH,2,0.0,1,1,17.0,4.95,0,0,0.0,0.0,0,0,2,,2,0,0,176,43.5,74.8,46.8,56.6,0,0,2,0,0.0,39.6,0.0,0,1,0,0,0,0,0.0,0,0.0
Damon Ward,100880,WR,N TEXAS,1,0.0,1,1,16.0,4.2,0,0,0.0,0.0,0,1,1,,1,0,0,251,70.8,64.6,48.5,,0,0,1,2,0.0,39.6,0.0,0,0,0,0,0,0,0.0,0,0.0
Devaughn Vele,100637,WR,UTAH,1,100.0,1,1,9.0,3.1,0,0,0.0,100.0,1,0,0,0.0,1,0,0,328,68.4,70.9,77.2,57.7,0,0,1,0,,104.2,0.0,0,0,0,0,0,0,0.0,9,9.0
Chase Griffin,100579,QB,UCLA,1,100.0,1,1,12.0,2.1,0,0,0.0,0.0,0,0,0,100.0,1,1,0,324,60.3,57.9,56.6,,0,0,1,0,,39.6,0.0,0,0,0,0,0,0,0.0,0,0.0
Tre Harris,122676,WR,LA TECH,1,0.0,1,1,41.0,4.3,0,0,0.0,0.0,0,0,0,,1,0,0,208,53.8,78.8,27.5,62.8,0,1,1,0,,0.0,0.0,0,0,0,0,0,1,100.0,0,0.0
Jordan Watkins,122730,WR,OLE MISS,2,100.0,1,1,-1.0,5.3,0,0,0.0,100.0,1,1,1,0.0,2,0,0,226,82.9,56.3,58.9,59.6,0,0,2,4,100.0,83.3,50.0,1,0,0,0,0,0,0.0,4,4.0
Myles Price,123155,WR,TEXAS TECH,1,,0,1,,3.8,0,0,0.0,0.0,0,0,1,,1,0,0,315,31.4,63.8,60.0,,0,0,1,0,0.0,39.6,0.0,0,0,0,1,0,0,0.0,0,0.0
Jared Wayne,99691,WR,PITTSBURGH,1,0.0,1,1,19.0,3.1,0,0,0.0,0.0,0,0,0,,1,0,0,268,73.4,75.3,33.8,,0,1,1,3,,0.0,0.0,0,0,0,0,0,1,100.0,0,0.0
Roman Fuller,123247,QB,TULSA,1,100.0,1,1,6.0,1.8,0,0,0.0,100.0,1,0,0,0.0,1,0,1,320,68.7,53.5,53.9,58.7,0,0,1,0,,95.8,0.0,0,0,0,0,0,0,0.0,7,7.0
Demarcus Jones II,99614,HB,NC STATE,1,,0,1,,3.6,0,0,0.0,0.0,0,0,1,,1,0,0,248,76.4,58.4,60.0,65.5,1,0,1,0,0.0,39.6,0.0,0,0,0,0,0,0,0.0,0,0.0
Cam Peters,123326,QB,UTSA,2,0.0,1,1,34.0,4.0,0,0,0.0,0.0,0,0,0,,2,0,0,331,68.7,45.9,52.1,53.5,0,0,2,0,,39.6,0.0,0,1,0,0,0,0,0.0,0,0.0
Tez Johnson,123709,WR,TROY,1,100.0,1,1,11.0,3.8,0,0,0.0,100.0,1,0,0,0.0,1,0,1,318,51.8,88.7,73.1,48.9,0,0,1,0,,135.4,0.0,0,0,0,0,1,0,0.0,7,7.0
Marcus Major,99488,HB,OKLAHOMA,1,100.0,1,1,-4.0,0.7,0,0,0.0,100.0,1,0,0,0.0,1,0,0,261,82.8,69.2,60.6,68.9,0,0,1,0,,79.2,0.0,0,0,0,0,0,0,0.0,-2,-2.0
Koy Moore,124104,WR,AUBURN,1,0.0,1,1,-6.0,4.1,0,0,0.0,0.0,0,0,1,,1,0,0,115,70.6,54.9,42.5,57.5,0,1,1,0,0.0,0.0,0.0,0,0,0,0,0,1,100.0,0,0.0
Joshua Cephus,98095,WR,UTSA,2,100.0,1,1,-5.0,3.5,0,0,0.0,100.0,1,0,0,0.0,1,0,0,331,66.4,75.5,60.4,57.7,0,0,2,3,,104.2,0.0,0,0,0,0,0,0,0.0,9,9.0
Josh Hoover,127148,QB,TCU,1,100.0,1,1,-3.0,1.2,0,0,0.0,100.0,1,0,0,0.0,1,0,0,305,60.3,61.5,60.6,,0,0,1,0,,79.2,0.0,0,0,0,0,0,0,0.0,2,2.0
Jordan Nabors,127151,WR,BAYLOR,2,0.0,1,1,38.0,1.5,0,0,0.0,0.0,0,0,1,,2,0,0,118,76.0,53.8,29.1,66.3,0,0,2,0,0.0,39.6,0.0,0,0,0,0,0,0,0.0,0,0.0
Dior Scott,128211,WR,HAWAII,1,0.0,1,1,-1.0,8.9,0,0,0.0,0.0,0,0,1,,1,0,0,180,79.5,56.7,57.7,55.9,0,0,1,0,0.0,39.6,0.0,0,0,0,0,0,0,0.0,0,0.0
Tory Horton,128232,WR,COLO STATE,2,100.0,1,1,13.0,4.2,0,0,0.0,100.0,1,0,1,0.0,2,0,1,144,81.6,74.5,72.6,64.3,0,0,2,1,0.0,118.8,0.0,0,1,0,0,0,0,0.0,19,19.0
Lance Legendre,97779,QB,LA LAFAYET,1,,0,1,,5.5,0,0,0.0,0.0,0,0,1,,1,0,0,207,67.9,64.3,60.0,60.5,0,0,1,1,0.0,39.6,0.0,0,0,0,1,0,0,0.0,0,0.0
Stephen Kotsanlee,128385,P,UTAH ST,1,100.0,1,1,-3.0,1.9,0,0,0.0,100.0,1,0,0,0.0,1,0,1,329,65.9,65.1,60.6,63.9,0,0,1,0,,116.7,0.0,0,0,0,0,0,0,0.0,12,12.0
Zakhari Franklin,97620,WR,UTSA,1,,0,1,,4.3,0,0,0.0,0.0,0,0,1,,1,0,0,331,75.2,73.2,60.0,,0,0,1,2,0.0,39.6,0.0,0,0,0,1,0,0,0.0,0,0.0
Ryan Davis,97321,WR,UAB,1,0.0,1,1,-4.0,3.0,0,0,0.0,0.0,0,0,0,,1,0,0,321,66.4,75.1,50.6,,0,0,1,0,,39.6,0.0,0,0,0,0,0,1,100.0,0,0.0
KeAndre Lambert-Smith,129789,WR,PENN STATE,1,100.0,1,1,-3.0,3.1,0,0,0.0,100.0,1,1,0,0.0,1,0,1,266,69.9,60.9,60.6,,0,0,1,1,,118.8,0.0,0,0,0,0,0,0,0.0,25,25.0
Jamious Griffin,97189,HB,OREGON ST,1,100.0,1,1,-4.0,2.7,0,0,0.0,0.0,0,0,0,100.0,1,1,0,265,68.2,77.8,60.4,78.5,0,0,1,0,,39.6,0.0,0,0,0,0,0,0,0.0,0,0.0
Luke Elzinga,130433,P,C MICHIGAN,1,100.0,1,1,15.0,1.7,0,0,0.0,100.0,1,0,0,0.0,1,0,1,134,60.3,85.2,75.4,,0,0,1,0,,118.8,0.0,0,0,0,0,0,0,0.0,20,20.0
Dayton Wade,97181,WR,OLE MISS,1,0.0,1,1,43.0,4.2,0,0,0.0,0.0,0,0,0,,1,0,0,226,76.0,63.6,58.1,71.8,0,0,1,0,,39.6,0.0,0,0,0,0,0,0,0.0,0,0.0
Dashaun Davis,97178,WR,APP STATE,1,100.0,1,1,22.0,2.22,0,0,0.0,100.0,1,0,0,0.0,1,0,1,108,74.1,68.3,76.2,65.8,0,0,1,1,,158.3,0.0,0,0,0,0,1,0,0.0,17,17.0
Anthony Sambucci,130663,WR,W MICHIGAN,2,100.0,1,1,33.0,3.5,0,0,0.0,100.0,1,1,0,0.0,1,0,1,347,75.6,59.8,88.0,,0,0,2,2,,158.3,0.0,0,0,0,0,1,0,0.0,31,31.0
Ron Cook Jr.,97070,HB,BUFFALO,1,100.0,1,1,7.0,3.2,0,0,0.0,100.0,1,0,0,0.0,1,0,1,126,90.1,73.8,77.2,73.6,0,0,1,0,,118.8,0.0,0,0,0,0,0,0,0.0,14,14.0
Jay Butterfield,131706,QB,OREGON,1,100.0,1,1,-7.0,1.6,0,0,0.0,100.0,1,0,0,0.0,1,0,0,264,67.5,63.8,61.0,60.8,0,0,1,0,,79.2,0.0,0,0,0,0,0,0,0.0,1,1.0
Aron Cruickshank,84516,WR,RUTGERS,1,100.0,1,1,-8.0,3.3,0,0,0.0,100.0,1,1,0,0.0,1,0,0,278,70.5,67.8,60.6,68.1,0,0,1,2,,91.7,0.0,0,0,0,0,0,0,0.0,6,6.0
Ronnie Bell,84288,WR,MICHIGAN,2,0.0,1,1,33.0,4.4,0,0,0.0,0.0,0,0,1,,2,0,0,222,27.6,74.7,47.5,63.2,0,0,2,0,100.0,39.6,50.0,1,0,0,0,0,0,0.0,0,0.0
Brian Cobbs,84285,WR,UTAH ST,4,0.0,1,1,31.0,4.87,0,0,0.0,0.0,0,0,1,,3,0,0,329,74.9,72.2,65.4,53.1,0,0,4,1,0.0,39.6,0.0,0,2,0,0,0,0,0.0,0,0.0
Jensen Jones,133209,QB,AIR FORCE,1,0.0,1,1,-3.0,2.9,0,0,0.0,0.0,0,0,1,,1,0,0,101,75.7,72.1,54.4,69.4,0,0,1,0,0.0,39.6,0.0,0,0,0,0,0,0,0.0,0,0.0
Samson Evans,84228,HB,E MICHIGAN,1,100.0,1,1,6.0,2.1,0,0,0.0,100.0,1,0,0,0.0,1,0,1,160,90.6,81.7,71.5,83.5,0,0,1,0,,118.8,0.0,0,0,0,0,1,0,0.0,3,3.0
Shemar Thornton,84180,WR,N ILLINOIS,3,100.0,1,1,10.0,3.3,0,0,0.0,100.0,1,0,0,0.0,1,0,1,254,71.3,74.7,91.3,,0,0,3,2,,118.8,0.0,0,0,0,0,1,0,0.0,3,3.0
Brenden Brady,83795,HB,UTSA,1,100.0,1,1,37.0,3.4,0,0,0.0,100.0,1,0,1,0.0,1,0,1,331,80.4,70.6,58.0,75.9,0,0,1,0,0.0,158.3,0.0,0,0,0,0,1,0,0.0,35,35.0
Jordan Byrd,83748,HB,S DIEGO ST,1,0.0,1,1,22.0,3.5,0,0,0.0,0.0,0,0,1,,1,0,0,284,59.2,65.9,50.4,70.1,0,0,1,1,0.0,39.6,0.0,0,0,0,0,0,0,0.0,0,0.0
Kobe Paysour,143974,WR,N CAROLINA,1,0.0,1,1,-6.0,4.2,0,0,0.0,0.0,0,0,0,,1,0,0,245,27.2,61.2,57.7,,0,0,1,0,,39.6,0.0,0,0,0,0,0,0,0.0,0,0.0
Chance Black,144069,HB,VA TECH,1,0.0,1,1,25.0,4.3,0,0,0.0,0.0,0,0,0,,1,0,0,337,59.0,64.3,58.4,67.2,0,0,1,0,,39.6,0.0,0,0,0,0,0,0,0.0,0,0.0
Maquel Haywood,144314,HB,NAVY,1,0.0,1,1,27.0,2.9,0,0,0.0,0.0,0,0,0,,1,0,0,237,85.3,74.5,37.9,84.1,0,1,1,1,,0.0,0.0,0,0,0,0,0,1,100.0,0,0.0
Jaden Nixon,144652,HB,OKLA STATE,1,100.0,1,1,-4.0,2.7,0,0,0.0,100.0,1,0,0,0.0,1,0,0,262,63.3,68.9,60.4,71.6,0,0,1,0,,79.2,0.0,0,0,0,0,0,0,0.0,2,2.0
Xavier Worthy,144718,WR,TEXAS,1,100.0,1,1,30.0,3.0,0,0,0.0,100.0,1,0,0,0.0,1,0,1,311,65.6,70.0,75.7,,0,0,1,1,,158.3,0.0,0,0,0,0,1,0,0.0,33,33.0
Trae Hall,83526,WR,NEW MEXICO,1,0.0,1,1,21.0,3.2,0,0,0.0,0.0,0,0,1,,1,0,0,241,67.3,56.3,50.8,,0,0,1,0,0.0,39.6,0.0,0,0,0,0,0,0,0.0,0,0.0
Donaven McCulley,144829,WR,INDIANA,1,100.0,1,1,14.0,4.0,0,0,0.0,100.0,1,0,0,0.0,1,0,1,190,71.7,59.8,72.6,59.2,0,0,1,2,,118.8,0.0,0,0,0,0,0,0,0.0,23,23.0
Jamarye Joiner,82071,WR,ARIZONA,1,,0,1,,5.3,0,0,0.0,0.0,0,0,1,,1,0,0,109,73.7,53.5,60.0,57.7,0,0,1,0,0.0,39.6,0.0,0,0,0,1,0,0,0.0,0,0.0
Austin McCready,145261,P,LA TECH,1,0.0,1,1,21.0,2.1,0,0,0.0,0.0,0,0,0,,1,0,0,208,60.3,60.4,60.5,,0,0,1,0,,39.6,0.0,0,0,0,0,0,0,0.0,0,0.0
Dylan Drummond,78187,WR,E MICHIGAN,1,100.0,1,1,18.0,3.4,0,0,0.0,100.0,1,0,1,0.0,1,0,1,160,81.1,66.9,73.1,,0,0,1,1,0.0,118.8,0.0,0,0,0,0,0,0,0.0,23,23.0
Jayden Reed,78171,WR,MICH STATE,1,100.0,1,1,27.0,2.8,0,0,0.0,100.0,1,0,0,0.0,1,0,1,223,81.7,71.6,58.4,59.6,0,0,1,2,,158.3,0.0,0,0,0,0,1,0,0.0,25,25.0
Bailey Rice,145570,P,CHARLOTTE,1,100.0,1,1,7.0,2.4,0,0,0.0,100.0,1,0,0,0.0,1,0,1,136,60.3,61.7,62.2,,0,0,1,0,,118.8,0.0,0,0,0,0,0,0,0.0,21,21.0
Malik Knowles,78141,WR,KANSAS ST,1,100.0,1,1,10.0,3.0,0,0,0.0,100.0,1,0,0,0.0,1,0,1,199,30.5,76.3,72.6,70.5,0,0,1,1,,112.5,0.0,0,0,0,0,0,0,0.0,11,11.0
Sam James,78123,WR,W VIRGINIA,1,100.0,1,1,10.0,4.1,0,0,0.0,100.0,1,0,1,0.0,1,0,1,343,76.1,64.7,72.6,63.0,0,0,1,2,0.0,116.7,0.0,0,0,0,0,0,0,0.0,12,12.0
Kiael Kelly,145634,QB,BALL ST,1,100.0,1,1,0.0,2.0,0,0,0.0,100.0,1,0,0,0.0,1,0,1,117,71.9,88.7,60.4,78.2,0,0,1,0,,118.8,0.0,0,0,0,0,0,0,0.0,23,23.0
Taye Barber,78107,WR,TCU,2,100.0,1,1,15.0,4.9,0,0,0.0,100.0,1,0,1,0.0,2,0,1,305,74.7,71.2,70.7,,0,0,2,1,100.0,118.8,50.0,1,0,0,0,0,0,0.0,18,18.0
Brayden Willis,77917,TE,OKLAHOMA,1,100.0,1,1,19.0,2.9,0,0,0.0,100.0,1,0,1,0.0,1,0,1,261,42.8,69.5,72.6,62.7,0,0,1,2,0.0,158.3,0.0,0,0,0,0,1,0,0.0,24,24.0
Mitchell Tomasek,145765,P,E MICHIGAN,1,0.0,1,1,17.0,5.0,0,0,0.0,0.0,0,0,1,,1,0,0,160,60.3,58.5,57.7,,0,0,1,0,0.0,39.6,0.0,0,0,0,0,0,0,0.0,0,0.0
Josh Smith,145784,P,KENT STATE,2,100.0,1,1,6.0,2.2,0,0,0.0,100.0,1,0,0,0.0,1,0,1,201,61.8,70.0,70.9,,0,0,2,0,,118.8,0.0,0,0,0,0,0,0,0.0,14,14.0
Chase Brown,77787,HB,ILLINOIS,1,100.0,1,1,17.0,3.3,0,0,0.0,0.0,0,0,1,100.0,1,1,0,187,66.6,80.4,74.3,81.2,0,0,1,2,0.0,39.6,0.0,0,0,0,0,0,0,0.0,0,0.0
Wyatt Rector,77687,TE,FLORIDA ST,2,100.0,1,1,4.0,3.0,0,0,0.0,100.0,1,0,1,0.0,1,0,1,167,67.1,48.9,47.4,56.7,0,0,2,0,0.0,118.8,0.0,0,0,0,0,1,1,50.0,2,2.0
Walker Eget,146170,QB,S JOSE ST,1,0.0,1,1,29.0,2.2,0,0,0.0,0.0,0,0,0,,1,0,0,285,63.7,50.0,52.5,60.0,0,0,1,0,,39.6,0.0,0,0,0,0,0,0,0.0,0,0.0
Jarquez Hunter,146662,HB,AUBURN,2,100.0,1,1,23.0,2.7,0,0,0.0,100.0,1,0,0,0.0,1,0,1,115,74.3,79.0,76.6,81.7,0,0,2,0,,158.3,0.0,0,0,0,0,1,0,0.0,20,20.0
Montrell Johnson Jr.,147141,HB,FLORIDA,1,,0,1,,3.1,0,0,0.0,0.0,0,0,0,,1,0,0,163,77.6,77.9,60.0,82.7,0,0,1,0,,39.6,0.0,0,0,0,1,0,0,0.0,0,0.0
Bryson Daily,147303,QB,ARMY,2,100.0,1,1,35.0,3.6,0,0,0.0,0.0,0,0,1,100.0,2,1,0,114,70.5,96.1,74.7,93.2,0,0,2,0,100.0,39.6,50.0,1,0,0,0,0,0,0.0,0,0.0
Devontae Houston,147375,HB,UCONN,1,100.0,1,1,-6.0,2.5,0,0,0.0,100.0,1,0,1,0.0,2,0,0,146,69.9,78.5,58.9,75.3,0,0,2,1,100.0,95.8,50.0,1,0,0,0,0,0,0.0,7,7.0
Chase Roberts,147528,WR,BYU,1,100.0,1,1,-3.0,3.0,0,0,0.0,100.0,1,0,0,0.0,1,0,1,128,71.0,70.4,60.6,59.5,0,0,1,0,,158.3,0.0,0,0,0,0,1,0,0.0,22,22.0
Antonio Williams,156241,WR,CLEMSON,1,100.0,1,1,-3.0,2.8,0,0,0.0,100.0,1,1,1,0.0,1,0,0,140,60.5,69.8,60.4,62.0,0,0,1,1,0.0,91.7,0.0,0,0,0,0,0,0,0.0,6,6.0
Elijah Cooks,61501,WR,S JOSE ST,2,100.0,1,1,19.0,4.6,0,1,50.0,100.0,1,0,1,0.0,1,0,1,285,74.4,78.4,80.3,,0,0,2,1,0.0,118.8,0.0,0,0,0,0,0,0,0.0,19,19.0
Quaterrius Tolbert,156584,WR,MIDDLE TN,1,100.0,1,1,-8.0,3.2,0,0,0.0,100.0,1,0,0,0.0,1,0,0,224,69.1,51.9,61.0,,0,0,1,0,,79.2,0.0,0,0,0,0,0,0,0.0,-1,-1.0
Alonza Barnett III,156710,QB,JAMES MAD,1,100.0,1,1,-2.0,1.5,0,0,0.0,100.0,1,0,0,0.0,1,0,0,197,68.7,69.8,61.0,65.5,0,0,1,0,,118.8,0.0,0,0,0,0,0,0,0.0,14,14.0
Peter Zamora,156788,QB,MARSHALL,1,0.0,1,1,4.0,1.7,0,0,0.0,0.0,0,0,0,,1,0,0,214,60.3,61.8,60.4,,0,0,1,0,,39.6,0.0,0,0,0,0,0,0,0.0,0,0.0
Tyjon Lindsey,61489,WR,OREGON ST,1,100.0,1,1,6.0,3.9,0,0,0.0,100.0,1,0,1,0.0,1,0,1,265,71.7,67.8,60.4,63.2,0,0,1,1,0.0,118.8,0.0,0,0,0,0,0,0,0.0,27,27.0
Quian Williams,61237,WR,BUFFALO,1,100.0,1,1,10.0,3.4,0,0,0.0,100.0,1,0,0,0.0,1,0,1,126,61.4,72.3,55.3,,0,0,1,0,,118.8,0.0,0,0,0,0,0,0,0.0,15,15.0
Quinshon Judkins,157128,HB,OLE MISS,1,100.0,1,1,-5.0,0.7,0,0,0.0,100.0,1,0,0,0.0,1,0,0,226,81.2,88.0,60.4,90.8,0,0,1,1,,95.8,0.0,0,0,0,0,0,0,0.0,7,7.0
Jacoby Jones,157518,WR,OHIO,1,100.0,1,1,2.0,3.3,0,0,0.0,100.0,1,0,1,0.0,1,0,1,259,74.6,87.6,60.4,,0,0,1,1,0.0,118.8,0.0,0,0,0,0,0,0,0.0,17,17.0
Terrell Vaughn,157634,WR,UTAH ST,2,100.0,1,1,-7.0,3.5,0,0,0.0,0.0,0,0,0,100.0,1,1,0,329,76.8,63.2,60.6,66.8,0,0,2,0,,39.6,0.0,0,0,0,0,0,0,0.0,0,0.0
Preston Rice,60469,QB,MIDDLE TN,1,100.0,1,1,-2.0,1.1,0,0,0.0,100.0,1,0,0,0.0,1,0,0,224,71.2,50.2,60.4,52.4,0,0,1,0,,79.2,0.0,0,0,0,0,0,0,0.0,-3,-3.0
Jordyn Tyson,157690,WR,COLORADO,1,100.0,1,1,36.0,3.3,0,0,0.0,100.0,1,0,0,0.0,1,0,1,143,75.1,71.0,58.0,56.2,0,0,1,1,,118.8,0.0,0,0,0,0,0,0,0.0,37,37.0
Keytaon Thompson,60457,WR,VIRGINIA,1,0.0,1,1,7.0,2.0,0,0,0.0,0.0,0,0,1,,1,0,0,335,75.1,73.0,54.1,61.7,0,0,1,0,0.0,39.6,0.0,0,0,0,0,0,0,0.0,0,0.0
Hunter Johnson,60362,QB,CLEMSON,1,100.0,1,1,-3.0,1.4,0,0,0.0,100.0,1,0,0,0.0,1,0,0,140,60.3,61.9,60.6,,0,0,1,0,,79.2,0.0,0,0,0,0,0,0,0.0,1,1.0
Nick Evers,158082,QB,OKLAHOMA,1,0.0,1,1,5.0,2.3,0,0,0.0,0.0,0,0,0,,1,0,0,261,60.3,45.8,45.9,,0,0,1,0,,39.6,0.0,0,0,0,0,0,0,0.0,0,0.0
Dalen Cobb,158341,WR,GA SOUTHRN,1,0.0,1,1,45.0,3.6,0,0,0.0,0.0,0,0,0,,1,0,0,174,66.9,60.9,58.0,,0,0,1,0,,39.6,0.0,0,0,0,0,0,0,0.0,0,0.0
Nate Johnson,158489,QB,UTAH,1,100.0,1,1,6.0,2.9,0,0,0.0,100.0,1,0,0,0.0,1,0,1,328,68.7,76.0,60.4,72.1,0,0,1,0,,158.3,0.0,0,0,0,0,1,0,0.0,16,16.0
Alex Orji,158545,QB,MICHIGAN,1,100.0,1,1,-4.0,1.2,0,0,0.0,100.0,1,0,0,0.0,1,0,0,222,70.5,82.0,60.4,73.4,0,0,1,0,,87.5,0.0,0,0,0,0,0,0,0.0,5,5.0
Bryce Baringer,60274,P,MICH STATE,1,0.0,1,1,19.0,4.2,0,0,0.0,0.0,0,0,1,,1,0,0,223,60.3,57.5,57.7,60.0,0,1,1,0,0.0,0.0,0.0,0,0,0,0,0,0,0.0,0,0.0
Brandon Mann,162822,QB,MICHIGAN,1,100.0,1,1,7.0,2.0,0,0,0.0,100.0,1,0,0,0.0,1,0,0,222,60.3,61.1,60.4,,0,0,1,0,,95.8,0.0,0,0,0,0,0,0,0.0,7,7.0
Harold Fannin Jr.,163104,TE,BOWL GREEN,1,0.0,1,1,17.0,2.8,0,0,0.0,0.0,0,0,0,,1,0,0,122,74.3,70.6,54.8,75.0,0,0,1,2,,39.6,0.0,0,0,0,0,0,0,0.0,0,0.0
Rontavius Groves,40901,WR,TEXAS ST,1,0.0,1,1,30.0,3.3,0,0,0.0,0.0,0,0,1,,1,0,0,314,79.1,57.2,49.9,,0,0,1,0,0.0,39.6,0.0,0,0,0,0,0,0,0.0,0,0.0
TJ Sheffield,101741,WR,PURDUE,1,,0,1,,3.7,0,0,0.0,0.0,0,1,1,,1,0,0,273,37.6,57.5,60.0,47.9,0,0,1,4,0.0,39.6,0.0,0,0,0,1,0,0,0.0,0,0.0
