player,player_id,position,team_name,player_game_count,declined_penalties,franchise_id,gap_grades_run_block,gap_run_block_percent,gap_snap_counts_run_block,gap_snap_counts_run_block_percent,gap_snap_counts_run_play,grades_run_block,penalties,run_block_percent,snap_counts_run_block,snap_counts_run_play,zone_grades_run_block,zone_run_block_percent,zone_snap_counts_run_block,zone_snap_counts_run_block_percent,zone_snap_counts_run_play
Aaron Banks,59983,G,SF,3,0,28,35.7,100.0,32,31.7,32,49.2,0,100.0,101,101,57.2,100.0,55,54.5,55
Spencer Burford,81920,G,SF,3,0,28,52.8,100.0,32,31.7,32,56.6,1,100.0,101,101,52.3,100.0,55,54.5,55
Colton McKivitz,29314,T,SF,3,1,28,57.7,100.0,31,32.0,31,47.8,1,100.0,97,97,45.0,100.0,53,54.6,53
Jake Brendel,11117,C,SF,3,0,28,60.3,100.0,31,32.0,31,61.4,0,100.0,97,97,66.3,100.0,53,54.6,53
Trent Williams,5529,T,SF,3,1,28,70.3,100.0,31,33.0,31,75.7,2,100.0,94,94,63.2,100.0,52,55.3,52
Brock Purdy,77672,QB,SF,3,0,28,60.0,100.0,31,35.6,31,60.0,0,91.6,87,95,60.0,100.0,53,60.9,53
Terence Steele,39461,T,DAL,2,0,9,62.1,100.0,39,52.7,39,57.3,0,100.0,74,74,60.0,100.0,29,39.2,29
Wyatt Teller,46131,G,CLV,2,0,8,63.2,100.0,39,53.4,39,72.6,0,100.0,73,73,75.2,100.0,31,42.5,31
Joel Bitonio,8670,G,CLV,2,0,8,56.5,100.0,39,53.4,39,60.8,1,100.0,73,73,72.5,100.0,31,42.5,31
Jedrick Wills Jr.,58467,T,CLV,2,0,8,45.8,100.0,39,53.4,39,38.7,0,100.0,73,73,38.6,100.0,31,42.5,31
Ethan Pocic,11813,C,CLV,2,0,8,69.5,100.0,39,53.4,39,71.4,1,100.0,73,73,65.5,100.0,31,42.5,31
George Kittle,11901,TE,SF,3,0,28,57.4,100.0,20,28.2,20,75.0,0,100.0,71,71,72.7,100.0,43,60.6,43
Jordan Mailata,66916,T,PHI,2,1,24,45.3,100.0,15,21.7,15,91.7,1,100.0,69,69,96.2,100.0,46,66.7,46
Cam Jurgens,84014,G,PHI,2,0,24,62.6,100.0,15,21.7,15,51.9,0,100.0,69,69,53.4,100.0,46,66.7,46
DeVonta Smith,61100,WR,PHI,2,0,24,60.3,100.0,15,21.7,15,55.1,0,100.0,69,69,73.3,100.0,46,66.7,46
Donovan Peoples-Jones,61439,WR,CLV,2,0,8,48.4,100.0,35,50.7,35,51.4,0,100.0,69,69,57.7,100.0,31,44.9,31
Landon Dickerson,41712,G,PHI,2,0,24,47.5,100.0,15,21.7,15,68.8,1,100.0,69,69,75.4,100.0,46,66.7,46
Jason Kelce,6343,C,PHI,2,0,24,66.0,100.0,15,21.7,15,62.2,0,100.0,69,69,57.9,100.0,46,66.7,46
Lane Johnson,7786,T,PHI,2,0,24,57.3,100.0,15,21.7,15,67.5,0,100.0,69,69,66.2,100.0,46,66.7,46
Tyron Smith,6161,T,DAL,2,0,9,77.5,100.0,34,50.0,34,68.6,1,100.0,68,68,55.4,100.0,28,41.2,28
Tyler Biadasz,41178,C,DAL,2,0,9,58.3,100.0,34,50.0,34,52.5,0,100.0,68,68,49.7,100.0,28,41.2,28
Deebo Samuel,48274,WR,SF,3,0,28,58.7,95.7,22,32.4,23,54.6,1,91.9,68,74,68.5,93.3,42,61.8,45
Jake Matthews,8641,T,ATL,2,0,2,69.7,100.0,18,26.9,18,75.2,0,100.0,67,67,74.0,100.0,45,67.2,45
Matthew Bergeron,99658,G,ATL,2,0,2,47.6,100.0,18,26.9,18,51.2,0,100.0,67,67,57.9,100.0,45,67.2,45
Drew Dalman,52270,C,ATL,2,0,2,61.5,100.0,18,26.9,18,83.3,0,100.0,67,67,85.4,100.0,45,67.2,45
Deshaun Watson,11767,QB,CLV,2,0,8,60.0,94.9,37,55.2,39,60.0,1,91.8,67,73,60.0,90.3,28,41.8,31
Chris Lindstrom,46692,G,ATL,2,0,2,60.0,100.0,18,26.9,18,79.7,1,100.0,67,67,81.6,100.0,45,67.2,45
Kaleb McGary,46912,T,ATL,2,0,2,79.4,100.0,18,26.9,18,84.8,0,100.0,67,67,87.7,100.0,45,67.2,45
Dawand Jones,101550,T,CLV,2,0,8,29.7,100.0,34,51.5,34,33.1,1,100.0,66,66,48.7,100.0,29,43.9,29
Zack Martin,8651,G,DAL,2,0,9,83.7,100.0,31,48.4,31,78.8,0,100.0,64,64,61.3,100.0,27,42.2,27
A.J. Brown,48327,WR,PHI,2,0,24,58.8,100.0,13,20.3,13,61.2,0,100.0,64,64,62.9,100.0,45,70.3,45
Dallas Goedert,47272,TE,PHI,2,0,24,66.6,100.0,13,20.3,13,85.6,0,100.0,64,64,84.0,100.0,43,67.2,43
Robert Hainsey,59980,C,TB,2,0,30,55.4,100.0,22,34.9,22,55.8,0,100.0,63,63,63.1,100.0,31,49.2,31
Luke Goedeke,77548,T,TB,2,0,30,53.2,100.0,22,34.9,22,72.2,0,100.0,63,63,82.6,100.0,31,49.2,31
Cade Otton,61071,TE,TB,2,0,30,48.2,100.0,22,34.9,22,49.3,0,100.0,63,63,45.5,100.0,31,49.2,31
Matt Feiler,9289,G,TB,2,0,30,49.6,100.0,22,34.9,22,57.5,0,100.0,63,63,64.5,100.0,31,49.2,31
Tristan Wirfs,64818,T,TB,2,0,30,71.3,100.0,22,34.9,22,69.5,0,100.0,63,63,61.3,100.0,31,49.2,31
Cody Mauch,66637,G,TB,2,0,30,58.0,100.0,22,34.9,22,36.5,1,100.0,63,63,29.2,100.0,31,49.2,31
Kyle Juszczyk,7912,FB,SF,3,0,28,61.3,100.0,23,37.1,23,55.6,0,98.4,62,63,51.8,100.0,32,51.6,32
Dak Prescott,10769,QB,DAL,2,0,9,60.0,100.0,34,54.8,34,60.0,0,91.2,62,68,60.0,96.4,27,43.5,28
John Simpson,41715,G,BLT,2,0,3,75.5,100.0,34,55.7,34,67.8,0,100.0,61,61,55.4,100.0,20,32.8,20
Morgan Moses,8701,T,BLT,2,0,3,91.3,100.0,34,55.7,34,84.1,0,100.0,61,61,62.0,100.0,20,32.8,20
Desmond Ridder,55086,QB,ATL,2,0,2,60.0,94.4,17,27.9,18,60.0,0,91.0,61,67,60.0,95.6,43,70.5,45
Kevin Zeitler,7032,G,BLT,2,0,3,59.6,100.0,34,55.7,34,59.8,0,100.0,61,61,63.2,100.0,20,32.8,20
Trevor Penning,59963,T,NO,2,0,20,58.3,100.0,23,38.3,23,40.3,0,100.0,60,60,32.9,100.0,26,43.3,26
Frank Ragnow,39137,C,DET,2,0,11,63.3,100.0,34,56.7,34,81.8,0,100.0,60,60,91.5,100.0,20,33.3,20
Erik McCoy,37347,C,NO,2,1,20,61.2,100.0,23,38.3,23,73.7,1,100.0,60,60,81.5,100.0,26,43.3,26
Jonah Jackson,37070,G,DET,2,0,11,57.9,100.0,34,56.7,34,63.3,0,100.0,60,60,63.1,100.0,20,33.3,20
Penei Sewell,81788,T,DET,2,1,11,80.8,100.0,34,56.7,34,80.5,1,100.0,60,60,71.3,100.0,20,33.3,20
Cesar Ruiz,59857,G,NO,2,0,20,40.8,100.0,23,38.3,23,30.8,0,100.0,60,60,31.3,100.0,26,43.3,26
James Hurst,9001,G,NO,2,0,20,60.7,100.0,23,38.3,23,65.1,0,100.0,60,60,65.0,100.0,26,43.3,26
Ryan Ramczyk,11787,T,NO,2,0,20,66.1,100.0,23,38.3,23,65.4,0,100.0,60,60,62.5,100.0,26,43.3,26
Steve Avila,77319,G,LA,2,0,26,64.6,100.0,47,79.7,47,59.3,0,100.0,59,59,48.2,100.0,8,13.6,8
Alaric Jackson,40972,T,LA,2,0,26,60.9,100.0,47,79.7,47,62.1,0,100.0,59,59,53.6,100.0,8,13.6,8
Rob Havenstein,9490,T,LA,2,0,26,60.3,100.0,47,79.7,47,63.6,0,100.0,59,59,70.3,100.0,8,13.6,8
Coleman Shelton,39316,C,LA,2,0,26,58.8,100.0,47,79.7,47,76.5,0,100.0,59,59,95.5,100.0,8,13.6,8
Matthew Stafford,4924,QB,LA,2,0,26,60.0,100.0,47,82.5,47,60.0,0,96.6,57,59,60.0,100.0,8,14.0,8
Drake London,86519,WR,ATL,2,0,2,54.6,100.0,17,30.4,17,66.7,0,100.0,56,56,63.2,100.0,37,66.1,37
Halapoulivaati Vaitai,10798,G,DET,2,0,11,63.5,100.0,31,55.4,31,72.9,0,100.0,56,56,79.9,100.0,20,35.7,20
Jared Goff,10635,QB,DET,2,0,11,60.2,100.0,34,60.7,34,60.3,0,93.3,56,60,60.0,100.0,20,35.7,20
Corey Linsley,8796,C,LAC,2,0,27,60.1,100.0,24,43.6,24,67.8,0,100.0,55,55,70.7,100.0,25,45.5,25
Zion Johnson,99681,G,LAC,2,0,27,63.9,100.0,24,43.6,24,67.5,0,100.0,55,55,53.5,100.0,25,45.5,25
Jamaree Salyer,81656,G,LAC,2,0,27,62.0,100.0,24,43.6,24,59.1,0,100.0,55,55,59.4,100.0,25,45.5,25
Baker Mayfield,46518,QB,TB,2,0,30,60.0,100.0,22,40.0,22,60.0,0,87.3,55,63,60.0,96.8,30,54.5,31
Rashawn Slater,59971,T,LAC,2,0,27,60.6,100.0,24,43.6,24,67.9,0,100.0,55,55,73.2,100.0,25,45.5,25
Trey Pipkins III,91462,T,LAC,2,0,27,42.8,100.0,24,43.6,24,53.8,0,100.0,55,55,75.1,100.0,25,45.5,25
Andre Dillard,29250,T,TEN,2,0,31,60.4,100.0,29,53.7,29,80.1,0,100.0,54,54,91.1,100.0,24,44.4,24
Daniel Brunskill,34807,G,TEN,2,0,31,56.5,100.0,29,53.7,29,63.2,0,100.0,54,54,69.0,100.0,24,44.4,24
John Michael Schmitz Jr.,55238,C,NYG,3,0,21,48.4,100.0,21,38.9,21,46.0,0,100.0,54,54,62.4,100.0,26,48.1,26
Chris Hubbard,8051,T,TEN,2,0,31,59.6,100.0,29,53.7,29,65.1,0,100.0,54,54,68.7,100.0,24,44.4,24
O'Cyrus Torrence,102821,G,BUF,2,0,4,64.0,100.0,30,55.6,30,66.8,0,100.0,54,54,56.0,100.0,11,20.4,11
Aaron Brewer,46014,C,TEN,2,0,31,73.8,100.0,29,53.7,29,63.2,1,100.0,54,54,51.9,100.0,24,44.4,24
Tyler Higbee,10744,TE,LA,2,0,26,54.4,100.0,42,77.8,42,59.7,0,100.0,54,54,83.4,100.0,8,14.8,8
Spencer Brown,42296,T,BUF,2,0,4,64.4,100.0,30,55.6,30,69.3,0,100.0,54,54,53.3,100.0,11,20.4,11
Van Jefferson,47447,WR,LA,2,0,26,64.5,100.0,43,79.6,43,54.7,1,100.0,54,54,58.3,100.0,7,13.0,7
Justin Herbert,28237,QB,LAC,2,0,27,60.0,100.0,24,45.3,24,60.0,0,96.4,53,55,60.0,100.0,25,47.2,25
Ryan Tannehill,7014,QB,TEN,2,0,31,60.3,96.6,28,52.8,29,60.3,0,98.1,53,54,60.0,100.0,24,45.3,24
Paris Johnson Jr.,129749,T,ARZ,2,0,1,43.6,100.0,22,41.5,22,54.0,1,100.0,53,53,58.6,100.0,25,47.2,25
D.J. Humphries,9457,T,ARZ,2,0,1,50.6,100.0,22,41.5,22,37.9,0,100.0,53,53,41.5,100.0,25,47.2,25
Evan Neal,99063,T,NYG,3,0,21,67.2,100.0,20,37.7,20,58.4,0,100.0,53,53,51.5,100.0,26,49.1,26
Jake Ferguson,61081,TE,DAL,2,0,9,84.3,100.0,30,56.6,30,85.1,0,100.0,53,53,74.0,100.0,20,37.7,20
Joe Noteboom,46249,G,LA,2,0,26,53.3,100.0,43,81.1,43,51.3,0,100.0,53,53,51.8,100.0,7,13.2,7
Elijah Wilkinson,46238,G,ARZ,2,0,1,44.4,100.0,22,41.5,22,39.4,0,100.0,53,53,47.9,100.0,25,47.2,25
Will Hernandez,46180,G,ARZ,2,0,1,82.0,100.0,22,41.5,22,76.4,0,100.0,53,53,65.3,100.0,25,47.2,25
Jalen Hurts,40291,QB,PHI,2,0,24,60.0,66.7,10,18.9,15,60.0,0,76.8,53,69,60.0,93.5,43,81.1,46
Hjalte Froholdt,44959,C,ARZ,2,0,1,52.0,100.0,22,41.5,22,55.4,0,100.0,53,53,59.6,100.0,25,47.2,25
Lamar Jackson,46416,QB,BLT,2,0,3,60.0,88.2,30,57.7,34,60.0,0,85.2,52,61,60.0,100.0,20,38.5,20
Josh Myers,59992,C,GB,2,0,12,61.9,100.0,26,51.0,26,48.9,0,100.0,51,51,47.6,100.0,23,45.1,23
Jon Runyan,36661,G,GB,2,0,12,45.2,100.0,26,51.0,26,56.7,0,100.0,51,51,57.5,100.0,23,45.1,23
Mitch Morse,9482,C,BUF,2,0,4,60.2,100.0,29,58.0,29,64.2,0,100.0,50,50,62.1,100.0,10,20.0,10
Dion Dawkins,11818,T,BUF,2,0,4,70.0,100.0,29,58.0,29,67.8,0,100.0,50,50,73.2,100.0,10,20.0,10
Connor McGovern,41714,G,BUF,2,0,4,50.8,100.0,29,58.0,29,51.9,0,100.0,50,50,78.3,100.0,10,20.0,10
Austin Jackson,60816,T,MIA,2,0,17,38.6,100.0,14,28.6,14,55.4,1,100.0,49,49,68.4,100.0,26,53.1,26
Connor Williams,46216,C,MIA,2,0,17,56.7,100.0,14,28.6,14,84.0,1,100.0,49,49,88.7,100.0,26,53.1,26
Kendall Lamm,10017,T,MIA,2,0,17,41.5,100.0,14,28.6,14,54.0,0,100.0,49,49,63.2,100.0,26,53.1,26
Ikem Ekwonu,98286,T,CAR,2,0,5,66.3,100.0,22,44.9,22,76.3,0,100.0,49,49,67.3,100.0,24,49.0,24
Chandler Zavala,144009,G,CAR,2,0,5,53.5,100.0,22,44.9,22,52.7,0,100.0,49,49,50.8,100.0,24,49.0,24
Taylor Moton,11819,T,CAR,2,0,5,47.0,100.0,22,44.9,22,66.6,0,100.0,49,49,81.4,100.0,24,49.0,24
Bradley Bozeman,27934,C,CAR,2,0,5,60.5,100.0,22,44.9,22,65.7,0,100.0,49,49,68.2,100.0,24,49.0,24
Isaiah Wynn,46048,G,MIA,2,0,17,46.1,100.0,14,28.6,14,52.8,1,100.0,49,49,59.0,100.0,26,53.1,26
David Njoku,11784,TE,CLV,2,0,8,65.2,100.0,29,59.2,29,59.1,0,100.0,49,49,54.4,100.0,17,34.7,17
Robert Hunt,46139,G,MIA,2,0,17,55.0,100.0,14,28.6,14,71.7,0,100.0,49,49,73.1,100.0,26,53.1,26
Amon-Ra St. Brown,84470,WR,DET,2,0,11,71.3,100.0,26,53.1,26,57.2,0,100.0,49,49,54.9,100.0,17,34.7,17
Luke Fortner,42028,C,JAX,2,0,15,53.9,100.0,25,52.1,25,49.5,0,100.0,48,48,49.6,100.0,18,37.5,18
Walker Little,52287,T,JAX,2,0,15,67.5,100.0,25,52.1,25,70.1,0,100.0,48,48,71.6,100.0,18,37.5,18
Ben Bartch,84236,G,JAX,2,0,15,50.8,100.0,25,52.1,25,53.9,0,100.0,48,48,57.1,100.0,18,37.5,18
Mack Hollins,11873,WR,ATL,2,0,2,60.7,100.0,13,27.1,13,47.0,0,100.0,48,48,59.0,100.0,34,70.8,34
Anton Harrison,122929,T,JAX,2,0,15,46.9,100.0,25,52.1,25,46.6,0,100.0,48,48,50.7,100.0,18,37.5,18
Durham Smythe,47257,TE,MIA,2,0,17,66.4,100.0,13,27.7,13,56.8,0,100.0,47,47,53.1,100.0,26,55.3,26
Bryce Young,123943,QB,CAR,2,0,5,60.0,95.2,20,42.6,21,60.0,0,97.9,47,48,60.0,100.0,24,51.1,24
Nick Gates,29476,C,WAS,2,0,32,49.0,100.0,16,34.0,16,67.3,0,100.0,47,47,67.7,100.0,28,59.6,28
Keenan Allen,7857,WR,LAC,2,0,27,56.0,100.0,21,44.7,21,45.1,0,100.0,47,47,62.3,100.0,24,51.1,24
Chris Godwin,11839,WR,TB,2,0,30,53.4,100.0,16,34.0,16,55.3,0,100.0,47,47,58.9,100.0,28,59.6,28
Joshua Dobbs,11890,QB,ARZ,2,0,1,60.2,95.5,21,44.7,22,60.3,0,88.7,47,53,60.0,92.0,23,48.9,25
Sam Howell,97599,QB,WAS,2,0,32,60.0,100.0,16,34.0,16,60.0,0,100.0,47,47,60.0,100.0,28,59.6,28
Andrew Wylie,12333,T,WAS,2,0,32,73.9,100.0,16,34.0,16,64.4,0,100.0,47,47,51.8,100.0,28,59.6,28
Saahdiq Charles,59820,G,WAS,2,0,32,56.7,100.0,16,34.0,16,66.9,0,100.0,47,47,61.3,100.0,28,59.6,28
Charles Leno Jr.,8880,T,WAS,2,0,32,48.9,100.0,16,34.0,16,70.6,0,100.0,47,47,82.5,100.0,28,59.6,28
Mike Williams,11762,WR,LAC,2,0,27,61.3,100.0,20,43.5,20,77.6,0,97.9,46,47,57.0,100.0,22,47.8,22
Sam Cosmi,60114,G,WAS,2,0,32,63.6,100.0,15,32.6,15,64.4,0,100.0,46,46,59.8,100.0,28,60.9,28
Sam LaPorta,101690,TE,DET,2,0,11,61.4,100.0,27,58.7,27,62.4,0,100.0,46,46,64.8,100.0,13,28.3,13
Chuma Edoga,46232,G,DAL,2,0,9,48.5,100.0,22,47.8,22,50.6,0,100.0,46,46,56.5,100.0,23,50.0,23
Josh Jones,26634,T,HST,2,0,13,55.4,100.0,11,24.4,11,49.5,0,100.0,45,45,49.6,100.0,30,66.7,30
Zach Tom,55443,T,GB,2,0,12,54.6,100.0,23,51.1,23,66.0,0,100.0,45,45,75.2,100.0,20,44.4,20
Juwan Johnson,28305,TE,NO,2,0,20,38.1,100.0,19,42.2,19,56.0,0,100.0,45,45,82.1,100.0,16,35.6,16
Jarrett Patterson,81775,C,HST,2,0,13,71.0,100.0,11,24.4,11,52.6,0,100.0,45,45,45.5,100.0,30,66.7,30
Foster Moreau,47043,TE,NO,2,0,20,51.8,100.0,18,40.0,18,63.0,0,100.0,45,45,61.4,100.0,21,46.7,21
Josh Allen,46601,QB,BUF,2,0,4,60.0,96.6,28,62.2,29,60.0,0,90.0,45,50,60.0,90.0,9,20.0,10
Derek Carr,8671,QB,NO,2,0,20,60.3,100.0,19,42.2,19,60.9,0,90.0,45,50,60.6,100.0,23,51.1,23
Michael Gallup,26075,WR,DAL,2,0,9,51.1,100.0,21,46.7,21,40.9,0,100.0,45,45,60.0,100.0,23,51.1,23
Shaq Mason,9564,G,HST,2,0,13,68.8,100.0,11,24.4,11,65.9,0,100.0,45,45,58.9,100.0,30,66.7,30
George Fant,11282,T,HST,2,0,13,64.0,100.0,11,24.4,11,63.6,0,100.0,45,45,75.5,100.0,30,66.7,30
Alec Pierce,78038,WR,IND,2,0,14,84.1,100.0,11,25.0,11,67.1,0,100.0,44,44,56.7,100.0,30,68.2,30
Jordan Love,40306,QB,GB,2,0,12,60.0,100.0,24,54.5,24,60.0,0,95.7,44,46,60.0,100.0,20,45.5,20
MyCole Pruitt,9576,TE,ATL,2,0,2,47.4,100.0,13,29.5,13,43.4,0,100.0,44,44,46.8,100.0,29,65.9,29
Will Fries,41530,G,IND,2,0,14,54.1,100.0,11,25.0,11,80.9,1,100.0,44,44,90.0,100.0,30,68.2,30
Marquise Brown,61568,WR,ARZ,2,0,1,77.8,100.0,17,38.6,17,52.6,0,97.8,44,45,60.3,100.0,22,50.0,22
Braden Smith,46794,T,IND,2,0,14,68.0,100.0,11,25.0,11,83.1,0,100.0,44,44,84.4,100.0,30,68.2,30
David Andrews,9948,C,NE,2,0,19,55.9,100.0,14,31.8,14,58.3,0,100.0,44,44,61.9,100.0,25,56.8,25
Calvin Anderson,46247,T,NE,2,0,19,49.9,100.0,14,31.8,14,49.1,0,100.0,44,44,47.1,100.0,25,56.8,25
Bernhard Raimann,77948,T,IND,2,0,14,68.9,100.0,11,25.0,11,64.0,0,100.0,44,44,60.1,100.0,30,68.2,30
Michael Pittman Jr.,29049,WR,IND,2,0,14,42.8,100.0,10,23.3,10,48.6,1,100.0,43,43,63.6,100.0,30,69.8,30
CeeDee Lamb,61570,WR,DAL,2,0,9,69.0,100.0,20,46.5,20,58.2,0,100.0,43,43,53.1,100.0,22,51.2,22
Elijah Moore,84302,WR,CLV,2,0,8,47.5,85.0,17,39.5,20,49.2,0,93.5,43,46,54.8,100.0,23,53.5,23
Ben Powers,41482,G,DEN,2,0,10,54.2,100.0,21,48.8,21,67.2,1,100.0,43,43,88.9,100.0,17,39.5,17
Charlie Woerner,42257,TE,SF,3,0,28,67.3,100.0,18,41.9,18,71.2,1,100.0,43,43,70.3,100.0,15,34.9,15
Garett Bolles,11775,T,DEN,2,0,10,79.2,100.0,21,48.8,21,55.8,0,100.0,43,43,60.7,100.0,17,39.5,17
C.J. Stroud,129759,QB,HST,2,0,13,60.0,100.0,11,25.6,11,60.0,0,95.6,43,45,60.0,100.0,30,69.8,30
Ronnie Bell,84288,WR,SF,3,0,28,60.2,100.0,10,23.3,10,67.6,0,100.0,43,43,56.9,100.0,22,51.2,22
Lloyd Cushenberry III,41924,C,DEN,2,0,10,58.5,100.0,21,48.8,21,60.1,0,100.0,43,43,58.3,100.0,17,39.5,17
Mike McGlinchey,46275,T,DEN,2,0,10,67.8,100.0,21,48.8,21,65.3,0,100.0,43,43,63.9,100.0,17,39.5,17
Quinn Meinerz,112915,G,DEN,2,0,10,72.8,100.0,21,48.8,21,82.9,0,100.0,43,43,85.7,100.0,17,39.5,17
Amari Cooper,9437,WR,CLV,2,0,8,82.6,100.0,21,50.0,21,69.8,0,100.0,42,42,56.6,100.0,18,42.9,18
Quenton Nelson,12954,G,IND,2,0,14,53.1,100.0,10,23.8,10,59.7,0,100.0,42,42,58.0,100.0,29,69.0,29
Jonathan Mingo,97774,WR,CAR,2,0,5,56.8,100.0,20,47.6,20,57.8,1,100.0,42,42,61.2,100.0,20,47.6,20
Dawson Knox,35883,TE,BUF,2,0,4,59.9,100.0,27,64.3,27,47.2,0,100.0,42,42,57.6,100.0,8,19.0,8
Isaiah Hodgins,52130,WR,NYG,3,0,21,55.9,100.0,17,41.5,17,57.3,0,100.0,41,41,61.4,100.0,17,41.5,17
Tutu Atwell,77965,WR,LA,2,0,26,56.6,100.0,34,82.9,34,56.9,0,95.3,41,43,60.6,85.7,6,14.6,7
Andre James,47058,C,LV,2,0,23,57.7,100.0,20,48.8,20,59.7,0,100.0,41,41,56.2,100.0,7,17.1,7
Tua Tagovailoa,60326,QB,MIA,2,0,17,60.0,100.0,14,34.1,14,60.0,0,83.7,41,49,60.0,92.3,24,58.5,26
Kolton Miller,47013,T,LV,2,0,23,63.0,100.0,20,48.8,20,72.8,0,100.0,41,41,63.6,100.0,7,17.1,7
Dylan Parham,60953,G,LV,2,0,23,44.1,100.0,20,48.8,20,52.0,0,100.0,41,41,56.2,100.0,7,17.1,7
Darius Slayton,25578,WR,NYG,3,0,21,63.1,100.0,15,36.6,15,72.1,0,100.0,41,41,62.1,100.0,20,48.8,20
Trevor Lawrence,77632,QB,JAX,2,0,15,60.0,96.0,24,58.5,25,60.0,0,85.4,41,48,60.0,88.9,16,39.0,18
Greg Van Roten,7746,G,LV,2,0,23,64.1,100.0,20,48.8,20,64.1,0,100.0,41,41,56.8,100.0,7,17.1,7
Daniel Bellinger,84041,TE,NYG,3,0,21,55.9,100.0,17,42.5,17,62.9,0,100.0,40,40,69.8,100.0,18,45.0,18
Gabe Davis,55410,WR,BUF,2,0,4,58.2,100.0,23,57.5,23,46.6,0,100.0,40,40,58.9,100.0,8,20.0,8
Daniel Jones,39395,QB,NYG,3,0,21,60.0,85.0,17,42.5,20,60.0,0,75.5,40,53,60.0,84.6,22,55.0,26
Mac Jones,60323,QB,NE,2,0,19,60.0,100.0,14,35.0,14,60.0,0,90.9,40,44,60.0,100.0,25,62.5,25
Trevon Wesco,42018,TE,TEN,2,0,31,52.3,100.0,22,55.0,22,50.8,0,100.0,40,40,53.5,100.0,17,42.5,17
Jermaine Eluemunor,11914,T,LV,2,0,23,58.8,100.0,19,47.5,19,69.5,0,100.0,40,40,72.3,100.0,7,17.5,7
Adam Thielen,8288,WR,CAR,2,0,5,72.4,100.0,20,50.0,20,51.4,0,100.0,40,40,54.9,100.0,18,45.0,18
Josh Reynolds,11872,WR,DET,2,0,11,89.7,100.0,24,60.0,24,85.8,0,100.0,40,40,60.5,100.0,14,35.0,14
Russell Wilson,7077,QB,DEN,2,0,10,60.0,100.0,21,52.5,21,60.0,0,93.0,40,43,60.0,94.1,16,40.0,17
Hunter Henry,10669,TE,NE,2,0,19,56.0,100.0,13,32.5,13,50.0,1,100.0,40,40,69.3,100.0,22,55.0,22
Damien Lewis,81532,G,SEA,2,0,29,62.4,100.0,8,20.5,8,58.5,0,100.0,39,39,59.3,100.0,27,69.2,27
Puka Nacua,100632,WR,LA,2,0,26,60.0,93.9,31,79.5,33,59.7,0,95.1,39,41,60.0,100.0,6,15.4,6
Treylon Burks,99218,WR,TEN,2,0,31,54.5,100.0,21,53.8,21,55.6,0,97.5,39,40,59.0,100.0,18,46.2,18
Chigoziem Okonkwo,84000,TE,TEN,2,0,31,73.9,100.0,24,61.5,24,60.9,0,100.0,39,39,45.1,100.0,14,35.9,14
Stefon Diggs,9579,WR,BUF,2,0,4,61.5,100.0,25,64.1,25,61.0,0,100.0,39,39,59.8,100.0,7,17.9,7
Zay Flowers,97268,WR,BLT,2,0,3,56.3,85.7,18,46.2,21,66.8,0,92.9,39,42,76.0,100.0,16,41.0,16
Geno Smith,7820,QB,SEA,2,0,29,60.0,100.0,8,20.5,8,60.0,0,100.0,39,39,60.0,100.0,27,69.2,27
Phil Haynes,29244,G,SEA,2,0,29,61.3,100.0,8,20.5,8,63.7,0,100.0,39,39,71.8,100.0,27,69.2,27
Dalton Kincaid,91791,TE,BUF,2,0,4,55.4,100.0,20,51.3,20,61.4,0,100.0,39,39,79.4,100.0,9,23.1,9
Mekhi Becton,59818,T,NYJ,2,0,22,54.5,100.0,21,55.3,21,48.3,0,100.0,38,38,46.3,100.0,13,34.2,13
Duane Brown,4340,T,NYJ,2,0,22,58.9,100.0,21,55.3,21,56.8,0,100.0,38,38,55.7,100.0,13,34.2,13
Laken Tomlinson,9461,G,NYJ,2,0,22,46.8,100.0,21,55.3,21,55.5,0,100.0,38,38,68.1,100.0,13,34.2,13
Luke Schoonmaker,84005,TE,DAL,2,0,9,50.5,100.0,24,63.2,24,52.6,0,100.0,38,38,60.0,100.0,9,23.7,9
Terry McLaurin,48229,WR,WAS,2,0,32,61.5,100.0,13,34.2,13,61.5,0,100.0,38,38,61.2,100.0,22,57.9,22
Patrick Mekari,46219,T,BLT,2,0,3,68.0,100.0,21,55.3,21,70.6,0,100.0,38,38,69.2,100.0,13,34.2,13
Alijah Vera-Tucker,57107,G,NYJ,2,0,22,53.0,100.0,21,55.3,21,79.7,0,100.0,38,38,90.3,100.0,13,34.2,13
Chris Olave,84355,WR,NO,2,0,20,72.6,100.0,12,31.6,12,66.2,0,100.0,38,38,59.5,100.0,21,55.3,21
Connor McGovern,10778,C,NYJ,2,0,22,50.8,100.0,21,55.3,21,49.9,0,100.0,38,38,56.2,100.0,13,34.2,13
Patrick Ricard,48862,FB,BLT,2,0,3,62.2,100.0,27,71.1,27,57.0,0,100.0,38,38,50.9,100.0,9,23.7,9
Darnell Wright,98480,T,CHI,2,0,6,78.0,100.0,14,37.8,14,74.9,0,100.0,37,37,67.4,100.0,18,48.6,18
Luke Musgrave,98499,TE,GB,2,0,12,60.8,100.0,18,48.6,18,68.4,0,100.0,37,37,73.7,100.0,18,48.6,18
Braxton Jones,60092,T,CHI,2,0,6,54.5,100.0,14,37.8,14,64.3,1,100.0,37,37,73.5,100.0,18,48.6,18
Darren Waller,9637,TE,NYG,3,0,21,50.5,100.0,12,32.4,12,55.9,0,100.0,37,37,62.0,100.0,20,54.1,20
Zay Jones,11792,WR,JAX,2,0,15,53.6,100.0,21,56.8,21,42.5,0,100.0,37,37,62.1,100.0,15,40.5,15
Michael Thomas,10681,WR,NO,2,0,20,62.5,100.0,17,45.9,17,61.5,0,100.0,37,37,61.1,100.0,15,40.5,15
Alec Ingold,34934,FB,MIA,2,0,17,70.5,100.0,8,21.6,8,33.4,0,100.0,37,37,43.5,100.0,20,54.1,20
Courtland Sutton,48164,WR,DEN,2,0,10,91.1,100.0,17,45.9,17,80.9,0,100.0,37,37,56.6,100.0,16,43.2,16
Cody Whitehair,10690,G,CHI,2,0,6,56.8,100.0,14,37.8,14,56.2,0,100.0,37,37,41.8,100.0,18,48.6,18
Creed Humphrey,59996,C,KC,2,0,16,81.5,100.0,13,36.1,13,55.8,0,100.0,36,36,47.7,100.0,14,38.9,14
Donovan Smith,9467,T,KC,2,0,16,49.2,100.0,13,36.1,13,40.7,0,100.0,36,36,43.6,100.0,14,38.9,14
Odell Beckham Jr.,8647,WR,BLT,2,0,3,59.3,100.0,19,52.8,19,60.1,0,100.0,36,36,61.0,100.0,12,33.3,12
Mike Evans,8642,WR,TB,2,0,30,61.9,100.0,16,44.4,16,30.2,0,100.0,36,36,60.8,100.0,19,52.8,19
Joe Thuney,10712,G,KC,2,0,16,53.3,100.0,13,36.1,13,65.8,0,100.0,36,36,62.1,100.0,14,38.9,14
Lucas Patrick,11435,C,CHI,2,0,6,44.4,100.0,14,38.9,14,39.9,0,100.0,36,36,46.0,100.0,18,50.0,18
Evan Brown,38709,C,SEA,2,0,29,58.7,100.0,8,22.2,8,66.4,0,100.0,36,36,69.6,100.0,24,66.7,24
Jawaan Taylor,41665,T,KC,2,0,16,61.1,100.0,13,36.1,13,43.2,1,100.0,36,36,59.3,100.0,14,38.9,14
Jonnu Smith,11855,TE,ATL,2,0,2,57.4,100.0,7,19.4,7,52.1,0,100.0,36,36,59.5,100.0,25,69.4,25
Trey Smith,62960,G,KC,2,0,16,58.3,100.0,13,36.1,13,54.9,0,100.0,36,36,50.7,100.0,14,38.9,14
Ryan Kelly,10652,C,IND,2,0,14,54.1,100.0,10,27.8,10,80.3,0,100.0,36,36,84.8,100.0,23,63.9,23
Joshua Ezeudu,77355,T,NYG,3,0,21,58.2,100.0,12,34.3,12,59.1,0,100.0,35,35,60.8,100.0,18,51.4,18
Brandon Aiyuk,84109,WR,SF,2,0,28,53.9,100.0,13,37.1,13,63.6,0,100.0,35,35,69.2,100.0,21,60.0,21
Cordell Volson,30614,G,CIN,2,0,7,37.7,100.0,17,48.6,17,43.2,0,100.0,35,35,56.4,100.0,16,45.7,16
Orlando Brown Jr.,46227,T,CIN,2,0,7,49.6,100.0,17,48.6,17,55.9,0,100.0,35,35,76.3,100.0,16,45.7,16
Robert Woods,7822,WR,HST,2,0,13,58.9,100.0,9,25.7,9,56.6,0,100.0,35,35,60.1,100.0,25,71.4,25
Alex Cappa,66578,G,CIN,2,0,7,47.1,100.0,17,48.6,17,31.5,1,100.0,35,35,29.9,100.0,16,45.7,16
Ted Karras,10855,C,CIN,2,0,7,59.9,100.0,17,48.6,17,65.1,0,100.0,35,35,75.6,100.0,16,45.7,16
Jonah Williams,41651,T,CIN,2,0,7,57.4,100.0,17,48.6,17,54.6,0,100.0,35,35,54.1,100.0,16,45.7,16
Gerald Everett,11799,TE,LAC,2,0,27,51.7,100.0,16,45.7,16,55.2,0,97.2,35,36,63.8,100.0,17,48.6,17
Peyton Hendershot,60915,TE,DAL,2,0,9,45.9,100.0,19,55.9,19,42.6,0,97.1,34,35,47.0,100.0,12,35.3,12
Sam Mustipher,13026,C,BLT,2,0,3,64.1,100.0,19,55.9,19,60.3,1,100.0,34,34,63.9,100.0,11,32.4,11
D.K. Metcalf,47864,WR,SEA,2,0,29,59.9,100.0,8,23.5,8,42.2,0,100.0,34,34,55.6,100.0,24,70.6,24
Jalen Tolbert,61637,WR,DAL,2,0,9,59.9,100.0,18,52.9,18,60.2,0,100.0,34,34,60.9,100.0,15,44.1,15
Calvin Ridley,48262,WR,JAX,2,0,15,60.5,100.0,18,52.9,18,61.3,0,100.0,34,34,62.5,100.0,14,41.2,14
Mark Glowinski,9567,G,NYG,2,0,21,51.0,100.0,13,38.2,13,65.2,0,100.0,34,34,77.6,100.0,16,47.1,16
Josh Downs,122832,WR,IND,2,0,14,59.0,100.0,10,29.4,10,56.3,0,100.0,34,34,56.6,100.0,21,61.8,21
Isaiah Likely,83955,TE,BLT,2,0,3,53.8,100.0,20,58.8,20,42.2,0,100.0,34,34,44.1,100.0,11,32.4,11
Zach Wilson,82096,QB,NYJ,2,0,22,60.0,100.0,20,60.6,20,60.0,0,89.2,33,37,60.0,100.0,13,39.4,13
Jahan Dotson,84375,WR,WAS,2,0,32,58.7,100.0,9,27.3,9,42.3,0,100.0,33,33,60.5,100.0,21,63.6,21
Terrace Marshall Jr.,84271,WR,CAR,2,0,5,59.5,100.0,14,42.4,14,59.6,0,100.0,33,33,60.0,100.0,17,51.5,17
John Bates,42275,TE,WAS,2,0,32,68.5,100.0,15,45.5,15,64.4,1,100.0,33,33,56.7,100.0,18,54.5,18
Tyler Conklin,47124,TE,NYJ,2,0,22,73.2,100.0,19,57.6,19,75.3,0,100.0,33,33,68.7,100.0,10,30.3,10
T.J. Bass,131703,G,DAL,2,0,9,71.4,100.0,21,63.6,21,70.5,0,100.0,33,33,61.7,100.0,7,21.2,7
Marcus McKethan,60811,G,NYG,2,0,21,51.1,100.0,11,33.3,11,59.7,0,100.0,33,33,77.2,100.0,17,51.5,17
Rondale Moore,62890,WR,ARZ,2,0,1,53.1,100.0,12,36.4,12,51.9,0,97.1,33,34,55.1,100.0,16,48.5,16
Taylor Decker,10650,T,DET,1,0,11,63.2,100.0,17,51.5,17,59.3,0,100.0,33,33,55.6,100.0,11,33.3,11
Jimmy Garoppolo,8697,QB,LV,2,0,23,60.0,94.4,17,51.5,18,60.0,0,84.6,33,39,60.0,100.0,7,21.2,7
Nick Westbrook-Ikhine,47861,WR,TEN,2,0,31,50.9,100.0,16,48.5,16,48.6,0,100.0,33,33,51.7,100.0,17,51.5,17
Brock Wright,60994,TE,DET,2,0,11,41.4,94.4,17,53.1,18,36.5,0,97.0,32,33,41.6,100.0,11,34.4,11
Elgton Jenkins,46298,G,GB,2,0,12,60.4,100.0,20,62.5,20,62.5,0,100.0,32,32,54.9,100.0,11,34.4,11
Ja'Marr Chase,84270,WR,CIN,2,0,7,60.9,94.1,16,50.0,17,55.3,0,97.0,32,33,81.7,100.0,16,50.0,16
Tee Higgins,61211,WR,CIN,2,0,7,61.1,100.0,16,50.0,16,61.8,0,100.0,32,32,61.6,100.0,16,50.0,16
Patrick Mahomes,11765,QB,KC,2,0,16,60.0,100.0,13,40.6,13,60.1,0,88.9,32,36,60.0,100.0,14,43.8,14
Justin Fields,82118,QB,CHI,2,0,6,60.0,92.9,13,40.6,14,60.1,0,86.5,32,37,60.0,94.4,17,53.1,18
DJ Moore,48267,WR,CHI,2,0,6,59.3,100.0,11,34.4,11,56.7,0,100.0,32,32,57.4,100.0,17,53.1,17
Adam Trautman,109795,TE,DEN,2,0,10,64.4,100.0,15,46.9,15,57.4,0,100.0,32,32,57.5,100.0,13,40.6,13
JuJu Smith-Schuster,11817,WR,NE,2,0,19,58.9,100.0,11,34.4,11,43.9,0,100.0,32,32,62.0,100.0,17,53.1,17
Chase Claypool,42312,WR,CHI,2,0,6,44.5,100.0,11,35.5,11,40.3,0,100.0,31,31,68.9,100.0,16,51.6,16
Davante Adams,8688,WR,LV,2,0,23,62.3,100.0,17,54.8,17,61.4,0,100.0,31,31,60.6,100.0,6,19.4,6
Tyler Lockett,9502,WR,SEA,2,0,29,56.0,100.0,6,19.4,6,56.8,0,100.0,31,31,59.0,100.0,23,74.2,23
Isaac Seumalo,10713,G,PIT,2,0,25,46.3,100.0,9,29.0,9,38.6,0,100.0,31,31,48.0,100.0,18,58.1,18
Tyreek Hill,10799,WR,MIA,2,0,17,53.6,100.0,12,38.7,12,51.8,0,100.0,31,31,54.7,100.0,16,51.6,16
Garrett Wilson,97405,WR,NYJ,2,0,22,63.4,100.0,19,61.3,19,74.8,0,100.0,31,31,57.8,100.0,10,32.3,10
Harrison Bryant,26394,TE,CLV,2,0,8,47.9,100.0,19,61.3,19,50.8,0,100.0,31,31,59.5,100.0,12,38.7,12
Ben Bredeson,27305,G,NYG,2,0,21,55.0,100.0,12,38.7,12,54.5,0,100.0,31,31,65.1,100.0,17,54.8,17
Joe Burrow,28022,QB,CIN,2,0,7,60.0,100.0,15,48.4,15,60.0,0,96.9,31,32,60.0,100.0,16,51.6,16
Mason Cole,45547,C,PIT,2,0,25,56.6,100.0,9,29.0,9,45.2,0,100.0,31,31,43.2,100.0,18,58.1,18
James Daniels,45576,G,PIT,2,0,25,53.4,100.0,9,29.0,9,60.0,0,100.0,31,31,63.8,100.0,18,58.1,18
Chukwuma Okorafor,46302,T,PIT,2,0,25,51.6,100.0,9,29.0,9,47.5,0,100.0,31,31,49.3,100.0,18,58.1,18
Brady Christensen,51985,G,CAR,1,0,5,67.2,100.0,14,45.2,14,57.5,0,100.0,31,31,49.7,100.0,14,45.2,14
Dan Moore Jr.,60120,T,PIT,2,0,25,51.7,100.0,9,29.0,9,32.8,0,100.0,31,31,30.4,100.0,18,58.1,18
Noah Gray,60878,TE,KC,2,0,16,42.3,100.0,11,35.5,11,49.6,0,100.0,31,31,64.6,100.0,12,38.7,12
Cole Kmet,60995,TE,CHI,2,0,6,50.2,100.0,12,40.0,12,46.3,0,96.8,30,31,60.0,100.0,15,50.0,15
Zach Ertz,7816,TE,ARZ,2,0,1,61.9,100.0,12,40.0,12,57.7,0,100.0,30,30,56.3,100.0,15,50.0,15
Michael Wilson,84423,WR,ARZ,2,0,1,72.0,100.0,15,50.0,15,63.0,0,100.0,30,30,60.1,100.0,12,40.0,12
Brandon Scherff,9438,G,JAX,2,0,15,44.7,100.0,17,56.7,17,45.6,0,100.0,30,30,53.8,100.0,12,40.0,12
Kyle Pitts,83964,TE,ATL,2,0,2,42.5,100.0,6,20.7,6,36.1,0,100.0,29,29,55.3,100.0,20,69.0,20
Allen Robinson II,8696,WR,PIT,2,0,25,53.1,100.0,8,27.6,8,56.9,0,100.0,29,29,61.5,100.0,17,58.6,17
Matt Nelson,48584,T,DET,2,0,11,51.5,100.0,17,60.7,17,62.4,0,100.0,28,28,55.4,100.0,10,35.7,10
Ko Kieft,41372,TE,TB,2,0,30,84.1,100.0,12,42.9,12,77.2,0,100.0,28,28,59.7,100.0,9,32.1,9
Joshua Palmer,62979,WR,LAC,2,0,27,54.4,100.0,11,39.3,11,50.3,0,100.0,28,28,56.9,100.0,15,53.6,15
Luke Farrell,42353,TE,JAX,2,0,15,53.1,100.0,15,53.6,15,58.1,0,100.0,28,28,66.4,100.0,9,32.1,9
Evan Engram,11778,TE,JAX,2,0,15,38.0,100.0,13,46.4,13,42.9,0,100.0,28,28,55.2,100.0,13,46.4,13
Jaylen Waddle,84088,WR,MIA,2,0,17,61.5,100.0,9,32.1,9,61.8,0,96.6,28,29,61.4,100.0,18,64.3,18
Trey McBride,75916,TE,ARZ,2,0,1,69.2,100.0,12,42.9,12,59.5,0,100.0,28,28,57.3,100.0,15,53.6,15
Kendrick Bourne,12270,WR,NE,2,0,19,53.3,100.0,9,33.3,9,48.2,0,100.0,27,27,77.8,100.0,16,59.3,16
Tyler Linderbaum,82291,C,BLT,1,0,3,69.5,100.0,15,55.6,15,75.1,0,100.0,27,27,61.6,100.0,9,33.3,9
Kenny Pickett,60515,QB,PIT,2,0,25,60.0,100.0,9,33.3,9,60.0,0,87.1,27,31,60.0,94.4,17,63.0,18
Kendrick Green,56642,G,HST,1,0,13,36.8,100.0,6,22.2,6,48.2,0,100.0,27,27,53.0,100.0,17,63.0,17
Christian Kirk,47546,WR,JAX,2,0,15,57.3,100.0,14,51.9,14,39.0,0,100.0,27,27,55.8,100.0,12,44.4,12
Tyler Boyd,10689,WR,CIN,2,0,7,55.0,100.0,12,44.4,12,57.5,0,100.0,27,27,61.7,100.0,15,55.6,15
Tank Dell,78874,WR,HST,2,0,13,60.0,100.0,6,22.2,6,43.1,0,100.0,27,27,58.2,100.0,20,74.1,20
Dalton Schultz,47304,TE,HST,2,0,13,59.1,100.0,3,11.1,3,57.9,0,100.0,27,27,58.3,100.0,21,77.8,21
Dillon Radunz,30551,G,TEN,1,0,31,59.3,100.0,19,70.4,19,85.2,0,100.0,27,27,94.9,100.0,8,29.6,8
Trey Palmer,99248,WR,TB,2,0,30,59.1,100.0,9,33.3,9,59.2,0,100.0,27,27,60.1,100.0,15,55.6,15
Donald Parham Jr.,91014,TE,LAC,2,0,27,62.9,100.0,16,59.3,16,61.4,0,100.0,27,27,58.3,100.0,7,25.9,7
Teagan Quitoriano,84036,TE,HST,2,0,13,54.0,100.0,8,29.6,8,53.5,0,100.0,27,27,55.8,100.0,16,59.3,16
Marvin Jones Jr.,7158,WR,DET,2,0,11,54.6,100.0,18,69.2,18,55.6,0,100.0,26,26,60.8,100.0,7,26.9,7
DeAndre Hopkins,7808,WR,TEN,2,0,31,62.4,100.0,14,53.8,14,61.5,0,100.0,26,26,60.3,100.0,11,42.3,11
Dontayvion Wicks,99711,WR,GB,2,0,12,56.8,100.0,17,65.4,17,57.7,1,100.0,26,26,60.5,100.0,9,34.6,9
Jauan Jennings,48027,WR,SF,3,0,28,53.8,100.0,7,26.9,7,88.6,1,100.0,26,26,78.9,100.0,16,61.5,16
Jake Curhan,38549,T,SEA,2,0,29,60.0,100.0,1,3.8,1,73.4,0,100.0,26,26,69.4,100.0,21,80.8,21
Parris Campbell,47940,WR,NYG,3,0,21,53.1,100.0,13,50.0,13,69.0,0,100.0,26,26,78.6,100.0,11,42.3,11
Malik Heath,124173,WR,GB,2,0,12,54.3,100.0,13,52.0,13,51.5,0,100.0,25,25,54.1,100.0,11,44.0,11
Lil'Jordan Humphrey,42247,WR,DEN,2,0,10,70.2,100.0,11,44.0,11,59.9,0,100.0,25,25,55.3,100.0,11,44.0,11
Atonio Mafi,82449,G,NE,2,0,19,47.6,100.0,8,32.0,8,32.6,0,100.0,25,25,33.9,100.0,16,64.0,16
Jack Stoll,42058,TE,PHI,2,0,24,57.6,100.0,7,28.0,7,74.4,0,100.0,25,25,81.1,100.0,15,60.0,15
Ed Ingram,59819,G,MIN,2,0,18,56.2,100.0,9,36.0,9,51.1,0,100.0,25,25,51.2,100.0,15,60.0,15
Stone Forsythe,41795,T,SEA,2,0,29,59.4,100.0,1,4.0,1,61.6,0,100.0,25,25,63.0,100.0,20,80.0,20
Keith Kirkwood,48017,WR,NO,2,0,20,49.7,100.0,14,56.0,14,32.3,1,100.0,25,25,60.6,100.0,10,40.0,10
Mo Alie-Cox,12078,TE,IND,2,0,14,57.6,100.0,4,16.0,4,61.2,0,100.0,25,25,63.2,100.0,20,80.0,20
Geoff Swaim,9679,TE,ARZ,2,0,1,44.4,100.0,12,48.0,12,52.4,0,100.0,25,25,66.7,100.0,10,40.0,10
Brian O'Neill,46854,T,MIN,2,0,18,79.3,100.0,9,36.0,9,90.1,0,100.0,25,25,79.6,100.0,15,60.0,15
David Bakhtiari,7891,T,GB,1,0,12,76.4,100.0,15,60.0,15,68.6,0,100.0,25,25,54.6,100.0,9,36.0,9
Ezra Cleveland,41973,G,MIN,2,0,18,51.2,100.0,9,36.0,9,52.8,0,100.0,25,25,65.6,100.0,15,60.0,15
Logan Thomas,8755,TE,WAS,2,0,32,56.8,100.0,10,40.0,10,67.2,0,100.0,25,25,71.5,100.0,12,48.0,12
Brenton Strange,101694,TE,JAX,2,0,15,63.9,100.0,15,60.0,15,36.6,0,100.0,25,25,36.1,100.0,6,24.0,6
Justin Jefferson,61398,WR,MIN,2,0,18,61.8,100.0,8,33.3,8,62.1,0,100.0,24,24,61.5,100.0,15,62.5,15
Rashod Bateman,84296,WR,BLT,2,1,3,59.1,100.0,9,37.5,9,41.2,1,100.0,24,24,60.3,100.0,10,41.7,10
Romeo Doubs,84329,WR,GB,2,0,12,61.5,100.0,13,54.2,13,61.5,0,100.0,24,24,60.2,100.0,10,41.7,10
Cole Strange,22976,G,NE,1,0,19,54.5,100.0,7,29.2,7,51.0,0,100.0,24,24,62.0,100.0,13,54.2,13
Vederian Lowe,59741,T,NE,1,0,19,56.1,100.0,7,29.2,7,46.1,0,100.0,24,24,44.4,100.0,13,54.2,13
Nico Collins,61441,WR,HST,2,0,13,61.4,100.0,8,33.3,8,77.8,0,100.0,24,24,61.4,100.0,16,66.7,16
Allen Lazard,48135,WR,NYJ,2,0,22,60.5,100.0,10,41.7,10,59.8,0,100.0,24,24,59.4,100.0,13,54.2,13
DeVante Parker,9447,WR,NE,1,0,19,61.3,100.0,7,29.2,7,61.1,0,100.0,24,24,61.9,100.0,13,54.2,13
Quez Watkins,61664,WR,PHI,2,0,24,57.7,100.0,9,37.5,9,40.4,0,100.0,24,24,61.3,100.0,12,50.0,12
Chris Manhertz,10211,TE,DEN,2,0,10,56.5,100.0,16,66.7,16,41.9,1,100.0,24,24,45.0,100.0,6,25.0,6
C.J. Uzomah,9590,TE,NYJ,2,0,22,63.7,100.0,17,70.8,17,53.8,0,100.0,24,24,39.9,100.0,5,20.8,5
Trent Sherfield,48021,WR,BUF,2,0,4,54.9,100.0,12,52.2,12,56.3,0,100.0,23,23,59.4,100.0,7,30.4,7
Kirk Cousins,7102,QB,MIN,2,0,18,60.0,88.9,8,34.8,9,60.0,0,92.0,23,25,60.0,100.0,15,65.2,15
Josiah Deguara,47034,TE,GB,2,1,12,34.2,100.0,13,56.5,13,36.4,1,100.0,23,23,51.1,100.0,9,39.1,9
Michael Mayer,122906,TE,LV,2,1,23,60.5,100.0,11,47.8,11,50.3,2,100.0,23,23,52.3,100.0,2,8.7,2
Deven Thompkins,84480,WR,TB,2,0,30,53.8,100.0,5,21.7,5,57.2,0,95.8,23,24,60.4,100.0,11,47.8,11
Austin Schlottmann,30097,C,MIN,2,0,18,38.2,100.0,8,34.8,8,50.4,0,100.0,23,23,71.7,100.0,14,60.9,14
Ben Skowronek,27948,WR,LA,2,0,26,53.4,100.0,19,82.6,19,50.6,0,95.8,23,24,52.8,100.0,3,13.0,3
Ronnie Stanley,10640,T,BLT,1,0,3,62.2,100.0,13,56.5,13,67.0,0,100.0,23,23,78.7,100.0,7,30.4,7
Jakob Johnson,32565,FB,LV,2,0,23,50.1,100.0,10,43.5,10,49.2,0,100.0,23,23,54.7,100.0,5,21.7,5
Blake Bell,9550,TE,KC,2,0,16,60.6,100.0,10,43.5,10,48.0,0,100.0,23,23,57.3,100.0,7,30.4,7
Darnell Washington,124044,TE,PIT,2,0,25,56.2,100.0,7,30.4,7,51.9,0,100.0,23,23,52.0,100.0,13,56.5,13
George Pickens,99229,WR,PIT,2,0,25,61.2,100.0,7,31.8,7,75.6,0,100.0,22,22,77.1,100.0,14,63.6,14
Nate Davis,46808,G,CHI,1,0,6,56.9,100.0,8,36.4,8,58.1,0,100.0,22,22,60.7,100.0,11,50.0,11
Kalif Raymond,11028,WR,DET,2,0,11,52.5,100.0,13,59.1,13,67.8,0,95.7,22,23,76.7,100.0,9,40.9,9
Colby Parkinson,52266,TE,SEA,2,0,29,74.5,100.0,5,22.7,5,72.0,0,100.0,22,22,67.9,100.0,14,63.6,14
Nelson Agholor,9453,WR,BLT,2,0,3,53.7,100.0,11,50.0,11,55.1,0,100.0,22,22,58.6,100.0,9,40.9,9
Rasheed Walker,81798,T,GB,2,0,12,55.8,100.0,10,45.5,10,53.9,0,100.0,22,22,54.8,100.0,11,50.0,11
K.J. Osborn,23503,WR,MIN,2,0,18,58.4,100.0,8,36.4,8,40.0,0,100.0,22,22,55.2,100.0,13,59.1,13
Samori Toure,25276,WR,GB,2,0,12,48.6,100.0,8,36.4,8,66.8,0,100.0,22,22,78.8,100.0,13,59.1,13
River Cracraft,47417,WR,MIA,2,0,17,57.7,100.0,5,23.8,5,68.9,0,100.0,21,21,72.8,100.0,10,47.6,10
Chris Moore,10741,WR,TEN,2,0,31,61.5,100.0,12,57.1,12,59.7,0,100.0,21,21,58.1,100.0,9,42.9,9
Keith Smith,9302,FB,ATL,2,0,2,53.7,100.0,5,23.8,5,65.3,0,100.0,21,21,70.8,100.0,16,76.2,16
Mark Andrews,47436,TE,BLT,1,0,3,61.2,100.0,12,57.1,12,47.9,0,100.0,21,21,40.4,100.0,5,23.8,5
Mike Gesicki,47153,TE,NE,2,0,19,58.6,100.0,7,33.3,7,40.8,0,100.0,21,21,57.2,100.0,11,52.4,11
Jayden Reed,78171,WR,GB,2,0,12,59.3,100.0,11,52.4,11,58.4,0,95.5,21,22,58.3,90.9,10,47.6,11
Will Dissly,30762,TE,SEA,2,0,29,56.4,100.0,3,15.0,3,70.3,0,100.0,20,20,75.3,100.0,16,80.0,16
Josh Oliver,47083,TE,MIN,2,0,18,53.1,100.0,8,40.0,8,56.6,0,100.0,20,20,60.9,100.0,12,60.0,12
Jakobi Meyers,47468,WR,LV,1,0,23,58.7,100.0,14,70.0,14,51.7,0,100.0,20,20,46.5,100.0,3,15.0,3
Sidy Sow,59675,G,NE,1,0,19,52.6,100.0,7,35.0,7,30.5,0,100.0,20,20,29.3,100.0,12,60.0,12
Jeremy Ruckert,84029,TE,NYJ,2,0,22,78.6,100.0,12,60.0,12,86.1,0,100.0,20,20,82.3,100.0,4,20.0,4
Trent Brown,9677,T,NE,1,0,19,50.8,100.0,7,35.0,7,48.2,0,100.0,20,20,51.6,100.0,12,60.0,12
Olamide Zaccheaus,44920,WR,PHI,1,0,24,60.0,100.0,1,5.0,1,35.2,0,100.0,20,20,56.1,100.0,17,85.0,17
Darnell Mooney,48236,WR,CHI,2,0,6,58.4,100.0,8,40.0,8,55.4,0,100.0,20,20,55.9,100.0,9,45.0,9
Curtis Samuel,11795,WR,WAS,2,0,32,60.2,100.0,3,15.0,3,57.1,0,90.9,20,22,56.2,100.0,16,80.0,16
Anthony Richardson,124393,QB,IND,2,0,14,60.0,37.5,3,15.0,8,60.0,0,69.0,20,29,60.0,94.4,17,85.0,18
Peter Skoronski,129737,G,TEN,1,0,31,69.1,100.0,6,30.0,6,80.1,0,100.0,20,20,78.8,100.0,13,65.0,13
Royce Newman,41746,G,GB,2,0,12,57.6,100.0,6,31.6,6,54.5,0,100.0,19,19,54.8,100.0,12,63.2,12
Marquez Valdes-Scantling,47809,WR,KC,2,0,16,54.4,100.0,8,42.1,8,55.3,0,100.0,19,19,60.5,100.0,8,42.1,8
Noah Fant,42388,TE,SEA,2,0,29,59.5,100.0,5,26.3,5,63.5,0,100.0,19,19,64.0,100.0,14,73.7,14
Skyy Moore,97116,WR,KC,2,0,16,83.5,100.0,6,31.6,6,37.7,0,95.0,19,20,61.4,100.0,10,52.6,10
Ian Thomas,42130,TE,CAR,2,0,5,67.8,100.0,13,68.4,13,66.4,0,100.0,19,19,49.8,100.0,6,31.6,6
Jordan Akins,47050,TE,CLV,2,0,8,48.0,100.0,13,68.4,13,45.2,0,100.0,19,19,51.7,100.0,6,31.6,6
Andrew Thomas,59701,T,NYG,1,0,21,75.7,100.0,9,47.4,9,63.3,0,100.0,19,19,49.2,100.0,8,42.1,8
Ray-Ray McCloud III,47895,WR,SF,3,0,28,60.3,100.0,4,21.1,4,90.8,0,100.0,19,19,90.4,100.0,12,63.2,12
Kylen Granson,40630,TE,IND,2,0,14,58.2,100.0,6,31.6,6,51.6,0,100.0,19,19,51.3,100.0,12,63.2,12
Brycen Hopkins,47338,TE,LA,2,0,26,53.7,100.0,16,84.2,16,53.8,1,100.0,19,19,60.0,100.0,1,5.3,1
Hayden Hurst,47294,TE,CAR,2,0,5,51.3,100.0,3,15.8,3,33.5,1,100.0,19,19,34.2,100.0,14,73.7,14
Mike Onwenu,27357,G,NE,1,0,19,66.8,100.0,6,31.6,6,58.0,0,100.0,19,19,52.4,100.0,9,47.4,9
Calvin Austin III,61418,WR,PIT,2,0,25,59.0,100.0,5,27.8,5,88.1,0,94.7,18,19,81.3,100.0,13,72.2,13
Tyler Shatley,9257,G,JAX,1,0,15,48.9,100.0,8,44.4,8,32.4,0,100.0,18,18,31.6,100.0,6,33.3,6
Andrew Beck,47121,FB,HST,2,0,13,62.1,100.0,8,44.4,8,58.6,0,90.0,18,20,56.0,100.0,9,50.0,9
Laremy Tunsil,10647,T,HST,1,0,13,60.9,100.0,5,27.8,5,58.7,0,100.0,18,18,58.0,100.0,13,72.2,13
Rashid Shaheed,63707,WR,NO,2,0,20,59.9,100.0,2,11.8,2,59.1,0,89.5,17,19,59.0,100.0,11,64.7,11
David Wells,34985,TE,TB,2,0,30,72.8,100.0,2,11.8,2,59.8,0,100.0,17,17,51.3,100.0,9,52.9,9
Drew Sample,47259,TE,CIN,2,0,7,58.7,100.0,12,70.6,12,58.4,0,100.0,17,17,58.8,100.0,3,17.6,3
T.J. Hockenson,40912,TE,MIN,2,0,18,59.1,100.0,6,35.3,6,56.2,0,100.0,17,17,55.8,100.0,10,58.8,10
Hunter Luepke,91319,HB,DAL,2,0,9,49.4,100.0,8,47.1,8,57.0,0,100.0,17,17,55.5,100.0,4,23.5,4
Ross Dwelley,20994,TE,SF,3,0,28,44.9,100.0,7,41.2,7,50.0,0,100.0,17,17,59.1,100.0,6,35.3,6
Christian Darrisaw,77373,T,MIN,1,0,18,55.4,100.0,6,37.5,6,65.1,0,100.0,16,16,71.0,100.0,9,56.3,9
Irv Smith Jr.,42060,TE,CIN,2,0,7,47.4,100.0,4,25.0,4,40.0,0,100.0,16,16,45.1,100.0,12,75.0,12
Austin Hooper,10715,TE,LV,2,0,23,46.8,100.0,8,50.0,8,54.9,0,100.0,16,16,59.5,100.0,2,12.5,2
Jaxon Smith-Njigba,129758,WR,SEA,2,0,29,60.0,100.0,3,18.8,3,58.4,0,100.0,16,16,58.8,100.0,10,62.5,10
Zach Pascal,12303,WR,ARZ,2,0,1,59.9,100.0,4,25.0,4,59.0,0,100.0,16,16,60.6,100.0,10,62.5,10
Ja'Tyre Carter,78432,G,CHI,1,0,6,48.1,100.0,6,40.0,6,41.5,0,100.0,15,15,57.3,100.0,7,46.7,7
Gardner Minshew,41401,QB,IND,2,0,14,60.0,100.0,3,20.0,3,60.0,0,100.0,15,15,60.0,100.0,12,80.0,12
Pat Freiermuth,84085,TE,PIT,2,0,25,80.2,100.0,4,26.7,4,56.7,0,100.0,15,15,50.4,100.0,7,46.7,7
Laviska Shenault Jr.,61220,WR,CAR,2,0,5,57.7,100.0,4,26.7,4,65.5,0,83.3,15,18,68.4,83.3,10,66.7,12
Charles Cross,98401,T,SEA,1,0,29,37.1,100.0,7,50.0,7,50.5,0,100.0,14,14,68.0,100.0,7,50.0,7
Cole Turner,84330,TE,WAS,2,0,32,43.2,100.0,7,50.0,7,56.8,0,100.0,14,14,68.5,100.0,7,50.0,7
Thayer Munford Jr.,59994,T,LV,2,0,23,63.7,100.0,8,57.1,8,62.5,0,100.0,14,14,60.2,100.0,3,21.4,3
Kristian Wilkerson,28729,WR,LV,2,0,23,61.2,100.0,6,42.9,6,55.6,0,100.0,14,14,56.2,100.0,3,21.4,3
Jimmy Graham,5619,TE,NO,2,0,20,58.6,100.0,5,38.5,5,59.7,1,100.0,13,13,51.5,100.0,7,53.8,7
Brandon Johnson,40666,WR,DEN,2,0,10,54.8,100.0,5,38.5,5,55.6,0,100.0,13,13,61.3,100.0,6,46.2,6
Devin Duvernay,40006,WR,BLT,2,0,3,53.3,81.8,9,69.2,11,53.4,0,81.3,13,16,58.1,75.0,3,23.1,4
Abraham Lucas,60218,T,SEA,1,0,29,65.9,100.0,7,53.8,7,64.2,0,100.0,13,13,78.8,100.0,6,46.2,6
Dyami Brown,77986,WR,WAS,2,0,32,60.5,100.0,4,30.8,4,60.9,0,100.0,13,13,60.5,100.0,9,69.2,9
Travis Kelce,7844,TE,KC,1,0,16,58.7,100.0,7,53.8,7,58.2,0,100.0,13,13,59.8,100.0,2,15.4,2
Yosh Nijman,60822,T,GB,2,0,12,56.7,100.0,5,38.5,5,61.1,0,100.0,13,13,63.7,100.0,8,61.5,8
Brandin Cooks,8655,WR,DAL,1,0,9,59.2,100.0,6,50.0,6,60.6,0,100.0,12,12,61.4,100.0,6,50.0,6
Tommy Tremble,84025,TE,CAR,2,0,5,44.9,100.0,9,75.0,9,46.4,0,100.0,12,12,60.1,100.0,2,16.7,2
Rashee Rice,97605,WR,KC,2,0,16,60.0,100.0,1,8.3,1,70.5,0,92.3,12,13,58.4,100.0,7,58.3,7
Randall Cobb,6216,WR,NYJ,2,0,22,84.5,100.0,4,33.3,4,76.5,0,100.0,12,12,56.7,100.0,7,58.3,7
Stone Smartt,60492,TE,LAC,2,0,27,49.8,100.0,4,33.3,4,41.3,0,100.0,12,12,53.9,100.0,5,41.7,5
Cade Mays,81995,G,CAR,1,0,5,60.2,100.0,4,33.3,4,59.2,0,100.0,12,12,72.2,100.0,8,66.7,8
Christian McCaffrey,11763,HB,SF,3,0,28,59.7,4.0,1,8.3,25,37.4,0,15.8,12,76,54.7,7.0,3,25.0,43
Jake Bobo,77997,WR,SEA,2,0,29,60.0,100.0,1,9.1,1,92.2,0,100.0,11,11,92.8,100.0,6,54.5,6
Cedric Tillman,84434,WR,CLV,2,0,8,60.0,100.0,4,36.4,4,59.1,0,100.0,11,11,58.9,100.0,7,63.6,7
Connor Heyward,57301,TE,PIT,2,0,25,45.4,100.0,3,27.3,3,46.2,0,100.0,11,11,57.5,100.0,5,45.5,5
Quintin Morris,61182,TE,BUF,2,0,4,76.8,100.0,5,45.5,5,73.8,0,100.0,11,11,60.2,100.0,2,18.2,2
Marvin Mims Jr.,122937,WR,DEN,2,0,10,59.3,100.0,7,63.6,7,58.7,0,84.6,11,13,59.0,100.0,4,36.4,4
Tucker Kraft,104034,TE,GB,2,0,12,53.7,100.0,5,45.5,5,55.1,0,100.0,11,11,59.9,100.0,5,45.5,5
Saquon Barkley,45791,HB,NYG,2,0,21,57.1,23.1,3,27.3,13,56.2,0,27.5,11,40,60.0,18.2,4,36.4,22
Erik Ezukanma,78148,WR,MIA,2,0,17,58.5,60.0,3,27.3,5,54.1,0,73.3,11,15,55.0,100.0,7,63.6,7
Jason Cabinda,50714,FB,DET,2,0,11,54.6,100.0,4,36.4,4,51.9,0,100.0,11,11,54.7,100.0,4,36.4,4
KhaDarel Hodge,26104,WR,ATL,2,0,2,60.0,100.0,2,18.2,2,60.7,0,100.0,11,11,60.5,100.0,7,63.6,7
Asim Richards,99674,T,DAL,2,0,9,60.4,100.0,8,80.0,8,68.7,0,100.0,10,10,67.2,100.0,2,20.0,2
DeAndre Carter,9859,WR,LV,2,0,23,53.0,100.0,5,50.0,5,54.8,0,100.0,10,10,60.0,100.0,1,10.0,1
Kayshon Boutte,124087,WR,NE,1,0,19,60.0,100.0,1,10.0,1,84.8,0,100.0,10,10,85.5,100.0,9,90.0,9
Bijan Robinson,123126,HB,ATL,2,0,2,60.1,36.4,4,40.0,11,59.4,0,25.0,10,40,58.8,18.5,5,50.0,27
Ben Sims,77918,TE,GB,2,0,12,48.9,100.0,4,40.0,4,52.2,0,100.0,10,10,60.1,100.0,4,40.0,4
Jalen Brooks,111284,WR,DAL,1,0,9,59.6,100.0,4,40.0,4,60.5,0,100.0,10,10,60.0,100.0,2,20.0,2
Braxton Berrios,47961,WR,MIA,2,0,17,60.2,100.0,4,40.0,4,59.9,0,100.0,10,10,59.7,100.0,6,60.0,6
DJ Chark Jr.,47702,WR,CAR,1,0,5,60.5,100.0,4,40.0,4,35.1,0,100.0,10,10,59.9,100.0,6,60.0,6
Rachaad White,131633,HB,TB,2,0,30,,0.0,0,0.0,15,60.5,0,22.2,10,45,60.0,5.0,1,10.0,20
Hunter Renfrow,47509,WR,LV,2,0,23,60.0,100.0,2,20.0,2,59.1,0,100.0,10,10,60.0,100.0,2,20.0,2
Taysom Hill,12112,TE,NO,2,0,20,55.7,28.6,2,20.0,7,59.1,0,45.5,10,22,60.0,42.9,3,30.0,7
Shane Lemieux,28149,G,NYG,1,0,21,66.1,100.0,6,60.0,6,54.9,0,100.0,10,10,51.1,100.0,2,20.0,2
Adam Prentice,35639,FB,NO,2,0,20,65.9,100.0,2,20.0,2,69.9,0,100.0,10,10,60.0,100.0,1,10.0,1
Grant Calcaterra,60997,TE,PHI,2,0,24,59.7,100.0,2,20.0,2,57.9,0,100.0,10,10,58.2,100.0,6,60.0,6
Marquise Goodwin,7859,WR,CLV,2,0,8,59.8,100.0,3,33.3,3,59.6,0,100.0,9,9,59.8,100.0,6,66.7,6
Raheem Mostert,9783,HB,MIA,2,0,17,,0.0,0,0.0,10,59.3,0,24.3,9,37,60.0,10.0,2,22.2,20
Rakim Jarrett,129519,WR,TB,2,0,30,61.0,100.0,6,66.7,6,61.2,0,90.0,9,10,60.0,100.0,2,22.2,2
Marcedes Lewis,2973,TE,CHI,2,0,6,57.5,100.0,4,44.4,4,72.3,0,100.0,9,9,69.3,100.0,5,55.6,5
Reggie Gilliam,40951,FB,BUF,2,0,4,74.6,100.0,3,33.3,3,70.5,1,100.0,9,9,60.0,100.0,1,11.1,1
Jalin Hyatt,124282,WR,NYG,3,0,21,60.0,100.0,3,33.3,3,61.7,0,100.0,9,9,60.9,100.0,6,66.7,6
Josh Whyle,54037,TE,TEN,2,0,31,42.3,100.0,4,44.4,4,35.1,0,100.0,9,9,57.9,100.0,5,55.6,5
Gus Edwards,46027,HB,BLT,2,0,3,58.1,33.3,5,55.6,15,55.3,1,32.1,9,28,60.0,10.0,1,11.1,10
Travis Etienne Jr.,57185,HB,JAX,2,0,15,59.9,11.1,2,25.0,18,72.5,0,21.1,8,38,60.0,12.5,2,25.0,16
Chris Conley,9509,WR,SF,1,0,28,60.0,100.0,2,25.0,2,59.9,0,100.0,8,8,59.5,100.0,6,75.0,6
Michael Burton,9601,FB,DEN,2,0,10,63.1,100.0,7,87.5,7,62.4,0,88.9,8,9,60.0,100.0,1,12.5,1
Pharaoh Brown,12247,TE,NE,2,0,19,78.4,100.0,5,62.5,5,76.3,0,100.0,8,8,60.6,100.0,2,25.0,2
Nick Bawden,27413,FB,NYJ,2,0,22,58.3,100.0,2,25.0,2,55.9,0,100.0,8,8,57.9,100.0,3,37.5,3
Olisaemeka Udoh,28394,T,MIN,1,0,18,56.9,100.0,3,37.5,3,50.5,0,100.0,8,8,52.6,100.0,5,62.5,5
Wesley French,29608,C,IND,1,0,14,60.0,100.0,1,12.5,1,54.0,0,100.0,8,8,56.3,100.0,7,87.5,7
Matt Peart,46179,T,NYG,3,0,21,48.9,100.0,3,37.5,3,48.0,0,100.0,8,8,54.8,100.0,5,62.5,5
Scott Miller,47481,WR,ATL,2,0,2,60.1,100.0,3,37.5,3,59.6,0,100.0,8,8,59.1,100.0,4,50.0,4
KaVontae Turpin,47658,WR,DAL,2,0,9,52.1,62.5,5,62.5,8,53.4,0,66.7,8,12,60.0,75.0,3,37.5,4
Charlie Kolar,60917,TE,BLT,1,0,3,59.2,100.0,4,50.0,4,60.9,0,100.0,8,8,49.2,100.0,4,50.0,4
Demario Douglas,104155,WR,NE,2,0,19,60.0,100.0,1,12.5,1,61.5,0,100.0,8,8,61.2,100.0,7,87.5,7
Derius Davis,78196,WR,LAC,2,0,27,,,0,0.0,0,58.2,0,87.5,7,8,58.5,100.0,6,85.7,6
Jerry Jeudy,61103,WR,DEN,1,0,10,,,0,0.0,0,52.7,0,100.0,7,7,53.3,100.0,6,85.7,6
Trenton Irwin,48080,WR,CIN,2,0,7,59.4,100.0,3,42.9,3,60.6,0,100.0,7,7,60.0,100.0,2,28.6,2
Robert Tonyan,12193,TE,CHI,2,0,6,49.9,100.0,3,42.9,3,31.0,0,100.0,7,7,60.1,100.0,2,28.6,2
Xavier Newman,58525,G,TEN,1,0,31,78.4,100.0,4,57.1,4,72.1,0,100.0,7,7,55.5,100.0,3,42.9,3
Noah Brown,11993,WR,HST,1,0,13,55.6,100.0,2,28.6,2,48.6,0,100.0,7,7,53.8,100.0,5,71.4,5
Parker Hesse,48369,TE,ATL,1,0,2,57.9,100.0,2,28.6,2,47.9,0,100.0,7,7,46.8,100.0,4,57.1,4
Greg Dulcich,84068,TE,DEN,1,0,10,45.6,100.0,2,28.6,2,48.6,0,100.0,7,7,60.7,100.0,5,71.4,5
Michael Dunn,39676,G,CLV,1,0,8,58.8,100.0,4,57.1,4,54.8,0,100.0,7,7,55.3,100.0,3,42.9,3
Jack Conklin,10642,T,CLV,1,0,8,60.4,100.0,5,71.4,5,71.7,0,100.0,7,7,70.9,100.0,2,28.6,2
Quentin Johnston,123085,WR,LAC,2,0,27,60.0,100.0,3,42.9,3,60.5,0,100.0,7,7,60.2,100.0,3,42.9,3
Jordan Addison,123000,WR,MIN,2,0,18,60.0,100.0,2,28.6,2,59.7,0,100.0,7,7,60.1,100.0,4,57.1,4
Jaylon Moore,43678,T,SF,2,0,28,58.1,100.0,1,14.3,1,66.4,0,100.0,7,7,71.0,100.0,3,42.9,3
Kadarius Toney,61245,WR,KC,2,0,16,60.0,100.0,1,14.3,1,55.5,0,77.8,7,9,60.9,100.0,5,71.4,5
C.J. Ham,11347,FB,MIN,2,0,18,56.9,100.0,3,42.9,3,50.5,0,100.0,7,7,53.8,100.0,4,57.1,4
David Bell,97989,WR,CLV,2,0,8,59.9,100.0,6,85.7,6,59.1,0,100.0,7,7,59.6,100.0,1,14.3,1
Jamaal Williams,11889,HB,NO,2,0,20,64.6,13.3,2,28.6,15,68.8,0,20.6,7,34,60.0,6.7,1,14.3,15
Byron Pringle,42345,WR,WAS,1,0,32,60.0,100.0,1,14.3,1,60.9,0,100.0,7,7,60.5,100.0,6,85.7,6
Khari Blasingame,44889,FB,CHI,2,0,6,57.2,100.0,3,50.0,3,57.0,0,100.0,6,6,59.5,100.0,3,50.0,3
Sterling Shepard,10674,WR,NYG,3,0,21,60.0,100.0,1,16.7,1,34.5,0,100.0,6,6,60.0,100.0,3,50.0,3
Kenneth Gainwell,77737,HB,PHI,1,0,24,60.0,20.0,2,33.3,10,58.0,0,30.0,6,20,,0.0,0,0.0,6
Josh Jacobs,45953,HB,LV,2,0,23,60.0,5.0,1,16.7,20,60.0,0,17.1,6,35,,0.0,0,0.0,6
Cooper Rush,12324,QB,DAL,1,0,9,60.0,100.0,5,83.3,5,60.0,0,100.0,6,6,60.0,100.0,1,16.7,1
Andrew Ogletree,138351,TE,IND,1,0,14,59.5,100.0,2,33.3,2,59.2,0,100.0,6,6,60.1,100.0,3,50.0,3
Tyjae Spears,97195,HB,TEN,2,0,31,58.7,28.6,2,33.3,7,53.3,0,35.3,6,17,57.9,33.3,3,50.0,9
Tremayne Anchrum Jr.,41813,G,LA,1,0,26,56.4,100.0,4,66.7,4,56.4,0,100.0,6,6,60.0,100.0,1,16.7,1
Khalil Herbert,41668,HB,CHI,2,0,6,60.0,16.7,1,16.7,6,59.2,0,26.1,6,23,60.0,7.7,1,16.7,13
David Montgomery,45719,HB,DET,2,0,11,60.0,4.2,1,16.7,24,60.0,0,14.0,6,43,,0.0,0,0.0,14
Calvin Throckmorton,28238,G,CAR,1,0,5,54.8,100.0,4,66.7,4,45.3,0,100.0,6,6,52.6,100.0,2,33.3,2
Deonte Harty,91470,WR,BUF,2,0,4,60.0,100.0,3,50.0,3,59.8,0,85.7,6,7,60.0,100.0,1,16.7,1
Tony Jones Jr.,40498,HB,NO,2,0,20,60.0,16.7,1,16.7,6,60.2,0,30.0,6,20,60.0,11.1,1,16.7,9
Khalil Shakir,84140,WR,BUF,2,0,4,60.0,100.0,2,33.3,2,60.7,0,100.0,6,6,60.0,100.0,1,16.7,1
D'Andre Swift,57212,HB,PHI,2,0,24,60.0,50.0,1,16.7,2,59.6,0,16.7,6,36,60.0,6.5,2,33.3,31
Brock Hoffman,54535,C,DAL,1,0,9,67.1,100.0,5,83.3,5,74.7,0,100.0,6,6,60.0,100.0,1,16.7,1
James Conner,11860,HB,ARZ,2,0,1,,0.0,0,0.0,18,69.2,0,14.0,6,43,60.0,10.0,2,33.3,20
Tyler Kroft,9518,TE,MIA,2,0,17,,,0,0.0,0,60.0,0,100.0,5,5,,,0,0.0,0
Elijah Mitchell,57272,HB,SF,2,0,28,,0.0,0,0.0,6,60.0,0,23.8,5,21,,0.0,0,0.0,10
Deon Jackson,57189,HB,IND,1,0,14,59.4,50.0,3,60.0,6,59.4,0,26.3,5,19,60.0,8.3,1,20.0,12
Tre' McKitty,60896,TE,LAC,2,0,27,57.9,100.0,3,60.0,3,57.2,0,100.0,5,5,60.0,100.0,1,20.0,1
James Mitchell,77885,TE,DET,2,0,11,59.7,100.0,3,60.0,3,59.6,0,100.0,5,5,59.8,100.0,2,40.0,2
Brevin Jordan,77887,TE,HST,1,0,13,,,0,0.0,0,60.1,0,100.0,5,5,60.1,100.0,3,60.0,3
Brayden Willis,77917,TE,SF,1,0,28,60.0,100.0,1,20.0,1,60.1,0,100.0,5,5,59.7,100.0,2,40.0,2
Rhamondre Stevenson,98689,HB,NE,2,0,19,,0.0,0,0.0,12,60.0,0,15.6,5,32,60.0,11.8,2,40.0,17
Mitchell Wilcox,47234,TE,CIN,1,0,7,70.5,100.0,3,60.0,3,70.8,0,100.0,5,5,,,0,0.0,0
John Metchie III,97400,WR,HST,1,0,13,,,0,0.0,0,60.3,0,100.0,5,5,60.2,100.0,3,60.0,3
Kyren Williams,97118,HB,LA,2,0,26,59.7,7.4,2,40.0,27,58.5,0,14.7,5,34,60.0,20.0,1,20.0,5
Richie James,28991,WR,KC,1,0,16,60.2,100.0,2,40.0,2,53.4,0,100.0,5,5,54.0,100.0,2,40.0,2
Jerick McKinnon,8731,HB,KC,2,0,16,,,0,0.0,0,59.1,0,83.3,5,6,,0.0,0,0.0,1
Lawrence Cager,34914,TE,NYG,1,0,21,59.4,100.0,3,60.0,3,59.6,0,100.0,5,5,60.0,100.0,1,20.0,1
Salvon Ahmed,57472,HB,MIA,2,0,17,60.0,50.0,2,50.0,4,60.0,0,40.0,4,10,60.0,20.0,1,25.0,5
Jesse Luketa,81361,ED,ARZ,2,0,1,56.9,100.0,4,100.0,4,56.9,0,100.0,4,4,,,0,0.0,0
Samaje Perine,11869,HB,DEN,2,0,10,,0.0,0,0.0,8,60.0,0,30.8,4,13,60.0,50.0,1,25.0,2
Matt Pryor,46647,T,SF,1,0,28,60.0,100.0,1,25.0,1,60.3,0,100.0,4,4,60.0,100.0,2,50.0,2
Ryan Van Demark,55113,T,BUF,1,0,4,60.0,100.0,1,25.0,1,67.6,0,100.0,4,4,60.0,100.0,1,25.0,1
Rico Dowdle,40693,HB,DAL,2,0,9,,0.0,0,0.0,5,60.0,0,23.5,4,17,,0.0,0,0.0,8
Tony Pollard,27126,HB,DAL,2,0,9,60.0,3.7,1,25.0,27,60.0,0,8.9,4,45,60.0,6.3,1,25.0,16
Jahmyr Gibbs,122474,HB,DET,2,0,11,59.7,20.0,2,50.0,10,59.3,0,22.2,4,18,60.1,28.6,2,50.0,7
Graham Glasgow,10729,C,DET,1,0,11,58.8,100.0,3,75.0,3,58.7,0,100.0,4,4,,,0,0.0,0
Jon Feliciano,9561,C,SF,1,0,28,60.0,100.0,1,25.0,1,58.9,0,100.0,4,4,58.7,100.0,2,50.0,2
Tyler Scott,123578,WR,CHI,2,0,6,60.0,100.0,1,25.0,1,60.0,0,100.0,4,4,60.0,100.0,2,50.0,2
Tim Jones,61669,WR,JAX,2,0,15,60.0,100.0,1,25.0,1,60.0,0,100.0,4,4,60.0,100.0,1,25.0,1
Ryan Bates,28300,C,BUF,1,0,4,60.0,100.0,1,25.0,1,60.0,0,100.0,4,4,60.0,100.0,1,25.0,1
Justyn Ross,78021,WR,KC,2,0,16,60.0,100.0,4,100.0,4,31.3,0,100.0,4,4,,,0,0.0,0
Trent Taylor,11932,WR,CHI,1,0,6,60.0,100.0,1,25.0,1,60.0,0,100.0,4,4,60.0,100.0,2,50.0,2
Jamal Agnew,11920,WR,JAX,2,0,15,59.9,66.7,2,50.0,3,59.4,0,66.7,4,6,60.0,100.0,2,50.0,2
J.K. Dobbins,57366,HB,BLT,1,0,3,60.0,33.3,2,50.0,6,59.6,0,33.3,4,12,,0.0,0,0.0,4
Sean Clifford,51708,QB,GB,1,0,12,60.0,50.0,1,25.0,2,60.0,0,80.0,4,5,60.0,100.0,3,75.0,3
Will Mallory,77888,TE,IND,1,0,14,60.0,100.0,1,25.0,1,60.7,0,100.0,4,4,60.4,100.0,3,75.0,3
David Edwards,35941,G,BUF,1,0,4,60.0,100.0,1,25.0,1,59.9,0,100.0,4,4,60.0,100.0,1,25.0,1
Gary Brightwell,57133,HB,NYG,3,0,21,,0.0,0,0.0,3,58.3,0,37.5,3,8,58.3,60.0,3,100.0,5
James Hudson III,59854,T,CLV,1,0,8,48.6,100.0,3,100.0,3,48.6,0,100.0,3,3,,,0,0.0,0
Justin Watson,66915,WR,KC,1,0,16,60.0,100.0,1,33.3,1,60.0,0,100.0,3,3,60.0,100.0,1,33.3,1
Najee Harris,57121,HB,PIT,2,0,25,,0.0,0,0.0,6,60.0,0,15.0,3,20,60.0,8.3,1,33.3,12
Matt Bushman,52008,TE,KC,1,0,16,,,0,0.0,0,57.1,0,100.0,3,3,59.9,100.0,2,66.7,2
Antoine Green,77985,WR,DET,1,0,11,60.0,100.0,3,100.0,3,60.0,0,100.0,3,3,,,0,0.0,0
Nick Harris,46752,C,CLV,2,0,8,71.7,100.0,3,100.0,3,71.7,0,100.0,3,3,,,0,0.0,0
Jerome Ford,83601,HB,CLV,2,0,8,60.0,5.3,1,33.3,19,60.0,0,8.6,3,35,60.0,7.1,1,33.3,14
James Cook,83666,HB,BUF,2,0,4,60.0,5.0,1,33.3,20,60.0,0,9.1,3,33,60.0,20.0,1,33.3,5
Isiah Pacheco,83747,HB,KC,2,0,16,,0.0,0,0.0,11,60.0,0,13.0,3,23,,0.0,0,0.0,8
Zack Moss,40341,HB,IND,1,0,14,60.0,40.0,2,66.7,5,60.0,0,14.3,3,21,,0.0,0,0.0,15
Boston Scott,39462,HB,PHI,2,0,24,59.0,66.7,2,66.7,3,59.4,0,33.3,3,9,60.0,16.7,1,33.3,6
Damien Harris,35134,HB,BUF,2,0,4,,0.0,0,0.0,6,60.0,0,27.3,3,11,,0.0,0,0.0,2
Diontae Johnson,33441,WR,PIT,1,0,25,60.0,100.0,1,33.3,1,60.1,0,100.0,3,3,60.0,100.0,2,66.7,2
Sam Darnold,29048,QB,SF,2,0,28,60.0,100.0,1,33.3,1,60.0,0,50.0,3,6,60.0,100.0,2,66.7,2
Giovanni Ricci,13756,TE,CAR,1,0,5,60.0,100.0,1,33.3,1,54.0,0,100.0,3,3,58.8,100.0,2,66.7,2
Joshua Kelley,13750,HB,LAC,2,0,27,,0.0,0,0.0,15,60.0,0,9.4,3,32,,0.0,0,0.0,13
Olusegun Oluwatimi,98581,C,SEA,1,0,29,,,0,0.0,0,58.4,0,100.0,3,3,58.4,100.0,3,100.0,3
Johnny Mundt,12206,TE,MIN,1,0,18,60.0,100.0,1,33.3,1,57.3,0,100.0,3,3,57.5,100.0,2,66.7,2
Aaron Jones,11937,HB,GB,1,0,12,60.0,16.7,1,33.3,6,60.0,0,25.0,3,12,60.0,20.0,1,33.3,5
Tre Tucker,101106,WR,LV,1,0,23,,,0,0.0,0,60.0,0,75.0,3,4,60.0,100.0,1,33.3,1
Xavier Hutchinson,122518,WR,HST,1,0,13,,,0,0.0,0,60.0,0,100.0,3,3,60.0,100.0,2,66.7,2
Derrick Henry,10679,HB,TEN,2,0,31,59.6,8.0,2,66.7,25,59.5,0,6.8,3,44,60.0,5.3,1,33.3,19
Ezekiel Elliott,10638,HB,NE,2,0,19,60.0,50.0,1,33.3,2,60.0,0,20.0,3,15,,0.0,0,0.0,10
Tank Bigsby,123974,HB,JAX,1,0,15,,0.0,0,0.0,6,60.0,0,30.0,3,10,,0.0,0,0.0,1
Kyle Allen,26152,QB,BUF,1,0,4,60.0,100.0,1,50.0,1,60.0,0,50.0,2,4,60.0,100.0,1,50.0,1
DeeJay Dallas,55632,HB,SEA,2,0,29,59.7,50.0,1,50.0,2,53.9,0,40.0,2,5,60.0,33.3,1,50.0,3
Nate Adkins,87625,TE,DEN,1,0,10,60.0,100.0,1,50.0,1,59.5,0,100.0,2,2,,,0,0.0,0
Trayveon Williams,45775,HB,CIN,1,0,7,,0.0,0,0.0,1,60.0,0,50.0,2,4,,0.0,0,0.0,1
Breece Hall,97636,HB,NYJ,2,0,22,,0.0,0,0.0,8,60.0,0,12.5,2,16,,0.0,0,0.0,6
Roschon Johnson,99467,HB,CHI,2,0,6,59.7,16.7,1,50.0,6,58.0,0,18.2,2,11,59.1,20.0,1,50.0,5
Brian Hoyer,5277,QB,LV,1,0,23,60.0,100.0,2,100.0,2,60.0,0,100.0,2,2,,,0,0.0,0
Miles Boykin,48209,WR,PIT,1,0,25,60.0,100.0,1,50.0,1,60.0,0,100.0,2,2,60.0,100.0,1,50.0,1
Craig Reynolds,94383,HB,DET,2,0,11,60.0,33.3,1,50.0,3,60.0,0,40.0,2,5,,0.0,0,0.0,1
Godwin Igwebuike,49166,HB,ATL,2,0,2,,,0,0.0,0,60.0,0,100.0,2,2,,,0,0.0,0
Daniel Faalele,81734,T,BLT,1,0,3,57.5,100.0,2,100.0,2,57.5,0,100.0,2,2,,,0,0.0,0
Nick Chubb,45783,HB,CLV,2,0,8,,0.0,0,0.0,15,60.0,0,6.3,2,32,60.0,12.5,2,100.0,16
Justice Hill,45865,HB,BLT,2,0,3,60.0,15.4,2,100.0,13,60.0,0,9.5,2,21,,0.0,0,0.0,6
Garrett Bradbury,46013,C,MIN,1,0,18,60.0,100.0,1,50.0,1,60.0,0,100.0,2,2,60.0,100.0,1,50.0,1
Javonte Williams,77803,HB,DEN,2,0,10,,0.0,0,0.0,12,60.0,0,7.1,2,28,,0.0,0,0.0,14
Josh Sills,41748,G,IND,1,0,14,60.0,100.0,1,50.0,1,58.4,0,100.0,2,2,60.0,100.0,1,50.0,1
Keaontay Ingram,77761,HB,ARZ,2,0,1,60.0,25.0,1,50.0,4,60.0,0,22.2,2,9,,0.0,0,0.0,4
Foster Sarell,52272,T,LAC,1,0,27,59.0,100.0,2,100.0,2,59.0,0,100.0,2,2,,,0,0.0,0
Miles Sanders,40555,HB,CAR,2,0,5,,0.0,0,0.0,15,60.0,0,5.6,2,36,60.0,5.3,1,50.0,19
Matt Breida,12271,HB,NYG,3,0,21,,0.0,0,0.0,5,60.0,0,22.2,2,9,,0.0,0,0.0,2
Chris Rodriguez Jr.,83689,HB,WAS,2,0,32,60.0,100.0,2,100.0,2,60.0,0,40.0,2,5,,0.0,0,0.0,2
Devin Singletary,40485,HB,HST,2,0,13,,0.0,0,0.0,5,60.0,0,14.3,2,14,,0.0,0,0.0,7
Tyler Allgeier,83639,HB,ATL,2,0,2,60.0,9.1,1,50.0,11,60.0,0,6.1,2,33,60.0,4.5,1,50.0,22
Alexander Mattison,45817,HB,MIN,2,0,18,60.0,11.1,1,50.0,9,60.0,0,9.5,2,21,,0.0,0,0.0,11
Jaylen Warren,98692,HB,PIT,2,0,25,,0.0,0,0.0,3,60.0,0,18.2,2,11,,0.0,0,0.0,6
Jake Browning,46401,QB,CIN,1,0,7,60.0,100.0,2,100.0,2,60.0,0,66.7,2,3,,,0,0.0,0
Ty Montgomery,9527,WR,NE,2,0,19,54.3,50.0,1,50.0,2,52.9,0,66.7,2,3,60.0,100.0,1,50.0,1
Joe Mixon,11803,HB,CIN,2,0,7,,0.0,0,0.0,14,60.0,0,6.9,2,29,,0.0,0,0.0,13
Latavius Murray,7962,HB,BUF,2,0,4,,0.0,0,0.0,4,60.0,0,20.0,2,10,,0.0,0,0.0,4
Dameon Pierce,83659,HB,HST,2,0,13,,0.0,0,0.0,5,60.0,0,6.9,2,29,,0.0,0,0.0,22
D'Onta Foreman,11844,HB,CHI,1,0,6,,0.0,0,0.0,3,60.0,0,20.0,1,5,,0.0,0,0.0,1
Dan Feeney,11826,G,CHI,1,0,6,,,0,0.0,0,60.0,0,100.0,1,1,,,0,0.0,0
Xavier Gipson,104136,WR,NYJ,1,0,22,,,0,0.0,0,60.0,0,100.0,1,1,,,0,0.0,0
Thomas Morstead,5088,P,NYJ,1,0,22,,,0,0.0,0,60.0,0,100.0,1,1,,,0,0.0,0
Andrei Iosivas,109811,WR,CIN,1,0,7,60.0,100.0,1,100.0,1,60.0,0,100.0,1,1,,,0,0.0,0
Dalvin Cook,11796,HB,NYJ,2,0,22,,0.0,0,0.0,13,60.0,0,5.6,1,18,,0.0,0,0.0,4
Brian Robinson,57120,HB,WAS,2,0,32,,0.0,0,0.0,14,60.0,0,2.6,1,38,,0.0,0,0.0,23
Andy Dalton,6187,QB,CAR,1,0,5,60.0,100.0,1,100.0,1,60.0,0,100.0,1,1,,,0,0.0,0
Demarcus Robinson,10760,WR,LA,1,0,26,60.0,100.0,1,100.0,1,60.0,0,100.0,1,1,,,0,0.0,0
AJ Dillon,57165,HB,GB,2,0,12,,0.0,0,0.0,15,60.0,0,3.4,1,29,,0.0,0,0.0,13
Aaron Rodgers,2241,QB,NYJ,1,0,22,60.0,100.0,1,100.0,1,60.0,0,100.0,1,1,,,0,0.0,0
Cam Akers,57206,HB,LA,1,0,26,,0.0,0,0.0,19,60.0,0,4.3,1,23,,0.0,0,0.0,3
Ronnie Rivers,57208,HB,LA,1,0,26,,0.0,0,0.0,1,60.0,0,50.0,1,2,,,0,0.0,0
Jordan Mason,62946,HB,SF,1,0,28,,0.0,0,0.0,1,60.0,0,25.0,1,4,,0.0,0,0.0,2
Mitchell Tinsley,123470,WR,WAS,1,0,32,,,0,0.0,0,60.0,0,100.0,1,1,60.0,100.0,1,100.0,1
Michael Carter,57337,HB,NYJ,2,0,22,,,0,0.0,0,60.0,0,25.0,1,4,,0.0,0,0.0,3
Malcolm Rodriguez,60731,LB,DET,1,0,11,60.0,100.0,1,100.0,1,60.0,0,100.0,1,1,,,0,0.0,0
Ihmir Smith-Marsette,61324,WR,CAR,1,0,5,,,0,0.0,0,60.0,0,100.0,1,1,,,0,0.0,0
Landon Young,41761,T,NO,1,0,20,60.0,100.0,1,100.0,1,60.0,0,100.0,1,1,,,0,0.0,0
Velus Jones Jr.,40573,WR,CHI,1,0,6,59.7,100.0,1,100.0,1,59.7,0,50.0,1,2,,,0,0.0,0
Mecole Hardman Jr.,42683,WR,NYJ,1,0,22,60.0,100.0,1,100.0,1,60.0,0,100.0,1,1,,,0,0.0,0
Patrick Taylor,40448,HB,GB,2,0,12,60.0,25.0,1,100.0,4,60.0,0,14.3,1,7,,0.0,0,0.0,3
Adrian Amos,9575,S,NYJ,1,0,22,,,0,0.0,0,60.0,0,100.0,1,1,,,0,0.0,0
Chazz Surratt,40313,LB,NYJ,1,0,22,,,0,0.0,0,60.0,0,100.0,1,1,,,0,0.0,0
Zamir White,83665,HB,LV,2,0,23,,,0,0.0,0,60.0,0,16.7,1,6,,0.0,0,0.0,1
Chuba Hubbard,57373,HB,CAR,2,0,5,60.0,14.3,1,100.0,7,60.0,0,8.3,1,12,,0.0,0,0.0,4
Will Clapp,39386,C,LAC,1,0,27,,,0,0.0,0,60.0,0,100.0,1,1,,,0,0.0,0
Nick Allegretti,39268,G,KC,1,0,16,60.0,100.0,1,100.0,1,60.0,0,100.0,1,1,,,0,0.0,0
Julius Chestnut,109239,HB,TEN,1,0,31,,,0,0.0,0,60.0,0,100.0,1,1,60.0,100.0,1,100.0,1
Jack Fox,34735,P,DET,1,0,11,60.0,100.0,1,100.0,1,60.0,0,100.0,1,1,,,0,0.0,0
Tylan Wallace,61577,WR,BLT,1,0,3,,,0,0.0,0,60.0,0,100.0,1,1,,,0,0.0,0
De'Von Achane,124305,HB,MIA,1,0,17,,,0,0.0,0,60.0,0,33.3,1,3,,0.0,0,0.0,2
Jamien Sherwood,83175,LB,NYJ,1,0,22,,,0,0.0,0,60.0,0,100.0,1,1,,,0,0.0,0
Khalil Dorsey,27819,CB,DET,1,0,11,60.0,100.0,1,100.0,1,60.0,0,100.0,1,1,,,0,0.0,0
Rashaad Penny,27414,HB,PHI,1,0,24,,,0,0.0,0,60.0,0,25.0,1,4,,0.0,0,0.0,3
Anthony Pittman,94372,LB,DET,1,0,11,60.0,100.0,1,100.0,1,60.0,0,100.0,1,1,,,0,0.0,0
Chris Evans,27303,HB,CIN,1,0,7,60.0,50.0,1,100.0,2,60.0,0,33.3,1,3,,0.0,0,0.0,1
Blake Hance,46301,G,JAX,1,0,15,,,0,0.0,0,60.0,0,100.0,1,1,,,0,0.0,0
Evan Hull,97302,HB,IND,1,0,14,,,0,0.0,0,60.0,0,50.0,1,2,,0.0,0,0.0,1
Scott Daly,18793,LS,DET,1,0,11,60.0,100.0,1,100.0,1,60.0,0,100.0,1,1,,,0,0.0,0
Justin Hardee,18348,CB,NYJ,1,0,22,,,0,0.0,0,60.0,0,100.0,1,1,,,0,0.0,0
Sam Eguavoen,15301,LB,NYJ,1,0,22,,,0,0.0,0,60.0,0,100.0,1,1,,,0,0.0,0
Phillip Dorsett,9462,WR,DEN,1,0,10,58.9,100.0,1,100.0,1,58.9,0,100.0,1,1,,,0,0.0,0
Andrus Peat,9446,G,NO,1,0,20,53.5,100.0,1,100.0,1,53.5,0,100.0,1,1,,,0,0.0,0
Quinn Bailey,46669,G,DEN,1,0,10,60.0,100.0,1,100.0,1,60.0,0,100.0,1,1,,,0,0.0,0
Elijah Dotson,57394,HB,LAC,1,0,27,,,0,0.0,0,60.0,0,20.0,1,5,,0.0,0,0.0,4
Cody Thompson,48152,WR,SEA,1,0,29,,,0,0.0,0,60.0,0,100.0,1,1,,,0,0.0,0
Brandin Echols,98900,CB,NYJ,1,0,22,,,0,0.0,0,60.0,0,100.0,1,1,,,0,0.0,0
Ricky Stromberg,99066,C,WAS,1,0,32,60.0,100.0,1,100.0,1,60.0,0,100.0,1,1,,,0,0.0,0
Antonio Gibson,78050,HB,WAS,2,0,32,,0.0,0,0.0,2,60.0,0,16.7,1,6,,0.0,0,0.0,3
Austin Ekeler,12164,HB,LAC,1,0,27,,0.0,0,0.0,8,60.0,0,5.9,1,17,,0.0,0,0.0,8
Thomas Hennessy,12124,LS,NYJ,1,0,22,,,0,0.0,0,60.0,0,100.0,1,1,,,0,0.0,0
David Quessenberry,7957,T,MIN,1,0,18,,,0,0.0,0,59.9,0,100.0,1,1,59.9,100.0,1,100.0,1
Isaiah McKenzie,11927,WR,IND,1,0,14,,,0,0.0,0,60.0,0,100.0,1,1,60.0,100.0,1,100.0,1
Will Harris,51336,CB,DET,1,0,11,60.0,100.0,1,100.0,1,60.0,0,100.0,1,1,,,0,0.0,0
Tyrod Taylor,6332,QB,NYG,1,0,21,60.0,100.0,1,100.0,1,60.0,0,100.0,1,1,,,0,0.0,0
Jack Campbell,101515,LB,DET,1,0,11,60.0,100.0,1,100.0,1,60.0,0,100.0,1,1,,,0,0.0,0
Wan'Dale Robinson,101735,WR,NYG,1,0,21,60.0,100.0,1,100.0,1,60.0,0,100.0,1,1,,,0,0.0,0
