player,player_id,position,team_name,player_game_count,avg_depth_of_target,avoided_tackles,caught_percent,contested_catch_rate,contested_receptions,contested_targets,declined_penalties,drop_rate,drops,first_downs,franchise_id,fumbles,grades_hands_drop,grades_hands_fumble,grades_offense,grades_pass_block,grades_pass_route,inline_rate,inline_snaps,interceptions,longest,pass_block_rate,pass_blocks,pass_plays,penalties,receptions,route_rate,routes,slot_rate,slot_snaps,targeted_qb_rating,targets,touchdowns,wide_rate,wide_snaps,yards,yards_after_catch,yards_after_catch_per_reception,yards_per_reception,yprr
Puka Nacua,100632,WR,LA,2,7.9,0,75.8,0.0,0,2,0,10.7,3,13,26,0,52.9,76.2,85.0,69.0,83.2,0.0,0,0,21,1.1,1,91,0,25,95.6,87,30.8,28,98.8,33,0,69.2,63,266,114,4.6,10.6,3.06
Deebo Samuel,48274,WR,SF,3,7.2,8,65.4,25.0,1,4,0,0.0,0,11,28,1,82.7,25.9,81.9,74.1,83.8,0.0,0,0,40,1.9,2,104,1,17,93.3,97,30.8,32,109.0,26,1,64.4,67,247,134,7.9,14.5,2.55
Justin Jefferson,61398,WR,MIN,2,11.7,2,80.0,40.0,2,5,0,0.0,0,14,18,1,83.6,24.3,89.5,,87.6,0.0,0,0,42,0.0,0,97,0,20,95.9,93,23.7,23,118.2,25,0,76.3,74,309,107,5.4,15.5,3.32
Tyreek Hill,10799,WR,MIA,2,15.0,4,66.7,50.0,2,4,0,5.9,1,14,17,0,66.7,73.3,91.2,,91.3,0.0,0,1,47,0.0,0,67,0,16,98.5,66,35.8,24,124.1,24,3,62.7,42,255,60,3.8,15.9,3.86
Michael Pittman Jr.,29049,WR,IND,2,5.8,0,76.2,50.0,2,4,0,5.9,1,8,14,1,67.7,23.2,63.1,,63.7,2.4,2,0,39,0.0,0,83,1,16,96.4,80,21.7,18,111.8,21,1,75.9,63,153,80,5.0,9.6,1.91
Chris Olave,84355,WR,NO,2,13.0,0,66.7,33.3,1,3,0,0.0,0,9,20,0,80.6,72.7,83.6,,83.7,0.0,0,1,45,0.0,0,74,0,14,95.9,71,43.2,32,77.1,21,0,52.7,39,198,84,6.0,14.1,2.79
Stefon Diggs,9579,WR,BUF,2,8.8,1,85.0,66.7,2,3,0,0.0,0,9,4,0,82.7,73.9,73.3,,72.7,0.0,0,1,18,0.0,0,87,1,17,95.4,83,36.8,32,97.5,20,1,60.9,53,168,59,3.5,9.9,2.02
Nico Collins,61441,WR,HST,2,14.4,4,65.0,50.0,1,2,0,0.0,0,9,13,0,80.6,72.7,89.0,,86.4,0.0,0,0,32,0.0,0,83,0,13,95.2,79,19.3,16,120.0,20,1,80.7,67,226,76,5.8,17.4,2.86
Kendrick Bourne,12270,WR,NE,2,15.7,0,50.0,0.0,0,4,0,0.0,0,4,19,0,78.0,71.1,63.7,,64.1,0.0,0,1,19,0.0,0,84,0,10,95.2,80,29.8,25,75.6,20,2,70.2,59,93,33,3.3,9.3,1.16
Keenan Allen,7857,WR,LAC,2,11.1,0,73.7,50.0,2,4,0,0.0,0,7,27,0,80.6,72.7,77.4,71.8,78.6,0.0,0,0,42,2.2,2,91,0,14,91.2,83,60.4,55,139.6,19,2,38.5,35,187,55,3.9,13.4,2.25
Darren Waller,9637,TE,NYG,3,8.8,0,63.2,20.0,1,5,0,0.0,0,7,21,0,79.4,71.9,69.7,66.4,69.8,31.1,32,2,25,7.8,8,103,0,12,86.4,89,43.7,45,44.1,19,0,24.3,25,132,42,3.5,11.0,1.48
Robert Woods,7822,WR,HST,2,9.5,1,63.2,60.0,3,5,0,14.3,2,8,13,0,48.0,76.0,66.4,36.3,66.7,0.0,0,0,25,1.1,1,95,0,12,92.6,88,43.2,41,83.4,19,0,53.7,51,131,39,3.3,10.9,1.49
Tee Higgins,61211,WR,CIN,2,14.3,0,44.4,33.3,2,6,0,11.1,1,6,7,0,54.9,70.1,66.3,,65.5,0.0,0,1,20,0.0,0,74,0,8,94.6,70,20.3,15,73.6,18,2,79.7,59,89,29,3.6,11.1,1.27
Calvin Ridley,48262,WR,JAX,2,10.7,1,55.6,50.0,2,4,0,16.7,2,6,15,1,43.8,20.4,66.5,,65.8,0.0,0,0,29,0.0,0,75,0,10,96.0,72,16.0,12,97.7,18,1,84.0,63,133,43,4.3,13.3,1.85
George Kittle,11901,TE,SF,3,6.8,3,72.2,0.0,0,2,0,13.3,2,6,28,0,48.3,72.3,77.9,80.6,71.1,56.0,56,0,29,12.0,12,100,0,13,83.0,83,32.0,32,94.4,18,0,11.0,11,139,74,5.7,10.7,1.67
Zach Ertz,7816,TE,ARZ,2,6.9,0,66.7,33.3,1,3,0,7.7,1,3,1,0,61.8,71.9,56.9,27.7,58.2,37.1,23,0,17,3.2,2,62,0,12,88.7,55,51.6,32,75.5,18,0,11.3,7,77,28,2.3,6.4,1.4
CeeDee Lamb,61570,WR,DAL,2,7.9,2,88.2,50.0,1,2,0,0.0,0,10,9,1,81.1,22.4,80.0,,81.8,0.0,0,0,49,0.0,0,66,1,15,92.4,61,75.8,50,118.8,17,0,22.7,15,220,102,6.8,14.7,3.61
Tutu Atwell,77965,WR,LA,2,12.8,0,76.5,100.0,2,2,0,0.0,0,12,26,0,80.0,73.3,77.2,,76.8,0.0,0,0,44,0.0,0,96,0,13,97.9,94,42.7,41,113.8,17,0,57.3,55,196,40,3.1,15.1,2.09
Mike Evans,8642,WR,TB,2,12.9,1,70.6,40.0,2,5,0,7.7,1,6,30,0,61.8,71.9,75.1,,78.7,0.0,0,0,70,0.0,0,64,1,12,98.4,63,21.9,14,152.2,17,2,78.1,50,237,93,7.8,19.8,3.76
Davante Adams,8688,WR,LV,2,10.9,1,70.6,40.0,2,5,0,0.0,0,9,23,0,79.4,71.9,80.8,,79.6,0.0,0,0,21,0.0,0,58,0,12,93.1,54,24.1,14,117.3,17,1,75.9,44,150,24,2.0,12.5,2.78
Ja'Marr Chase,84270,WR,CIN,2,7.6,2,58.8,33.3,1,3,0,0.0,0,5,7,0,78.7,72.1,67.7,,67.8,0.0,0,0,13,0.0,0,80,0,10,95.0,76,22.5,18,68.3,17,0,76.3,61,70,45,4.5,7.0,0.92
DeAndre Hopkins,7808,WR,TEN,2,10.6,0,64.7,40.0,2,5,0,15.4,2,6,31,0,43.8,71.5,66.6,,67.5,0.0,0,2,16,0.0,0,62,1,11,91.9,57,37.1,23,42.2,17,0,62.9,39,105,11,1.0,9.5,1.84
Michael Thomas,10681,WR,NO,2,10.4,0,70.6,75.0,3,4,0,0.0,0,6,20,0,79.4,71.9,69.0,,68.2,0.0,0,0,25,0.0,0,75,0,12,96.0,72,28.0,21,89.3,17,0,72.0,54,116,12,1.0,9.7,1.61
Mike Williams,11762,WR,LAC,2,11.7,3,70.6,60.0,3,5,0,0.0,0,6,27,0,79.4,72.5,69.7,,68.3,1.3,1,0,24,0.0,0,76,0,12,92.1,70,35.5,27,92.3,17,0,63.2,48,128,58,4.8,10.7,1.83
Darius Slayton,25578,WR,NYG,3,14.7,0,56.3,0.0,0,3,0,0.0,0,5,21,0,77.3,70.6,66.8,,65.0,0.0,0,0,29,0.0,0,104,0,9,94.2,98,22.1,23,77.3,16,0,77.9,81,109,26,2.9,12.1,1.11
Parris Campbell,47940,WR,NYG,3,3.6,0,68.8,66.7,2,3,0,8.3,1,0,21,0,61.8,71.9,49.0,,48.2,1.1,1,0,9,0.0,0,87,0,11,92.0,80,79.3,69,71.9,16,0,18.4,16,47,16,1.5,4.3,0.59
Christian Kirk,47546,WR,JAX,2,5.7,2,75.0,0.0,0,1,0,14.3,2,6,15,0,45.7,72.3,64.0,75.7,65.3,0.0,0,0,45,1.4,1,69,0,12,94.2,65,76.8,53,95.6,16,0,20.3,14,119,52,4.3,9.9,1.83
T.J. Hockenson,40912,TE,MIN,2,4.8,1,93.8,50.0,1,2,0,0.0,0,7,18,0,81.1,73.0,77.5,58.3,79.7,60.5,49,0,24,4.9,4,81,0,15,90.1,73,35.8,29,132.6,16,2,3.7,3,101,48,3.2,6.7,1.38
George Pickens,99229,WR,PIT,2,12.4,1,56.3,0.0,0,2,0,0.0,0,4,25,0,77.3,70.6,65.5,,65.5,0.0,0,1,71,0.0,0,80,1,9,97.5,78,10.0,8,86.2,16,1,90.0,72,163,77,8.6,18.1,2.09
A.J. Brown,48327,WR,PHI,2,14.8,0,73.3,0.0,0,3,0,0.0,0,6,24,0,80.6,72.7,75.2,,74.7,0.0,0,0,23,0.0,0,70,0,11,92.9,65,18.6,13,93.2,15,0,81.4,57,108,28,2.5,9.8,1.66
Zay Flowers,97268,WR,BLT,2,5.9,5,86.7,50.0,1,2,0,0.0,0,7,3,0,80.0,73.8,77.2,,76.9,0.0,0,1,52,0.0,0,70,0,13,88.6,62,37.1,26,77.8,15,0,62.9,44,140,81,6.2,10.8,2.26
DeVonta Smith,61100,WR,PHI,2,14.7,0,73.3,33.3,1,3,0,0.0,0,5,24,0,78.7,72.4,74.4,,74.8,0.0,0,1,63,0.0,0,73,0,11,93.2,68,17.8,13,124.4,15,2,82.2,60,178,37,3.4,16.2,2.62
Marquise Brown,61568,WR,ARZ,2,9.5,1,60.0,25.0,1,4,0,10.0,1,7,1,0,58.9,71.7,65.7,,67.2,0.0,0,0,22,0.0,0,67,1,9,91.0,61,19.4,13,97.1,15,1,79.1,53,82,22,2.4,9.1,1.34
Amon-Ra St. Brown,84470,WR,DET,2,9.2,1,80.0,66.7,2,3,0,0.0,0,7,11,1,79.4,21.2,77.5,,77.7,0.0,0,0,39,0.0,0,66,0,12,95.5,63,54.5,36,136.9,15,1,45.5,30,173,48,4.0,14.4,2.75
Amari Cooper,9437,WR,CLV,2,13.5,0,71.4,66.7,2,3,0,0.0,0,8,8,0,78.0,71.1,80.7,,79.3,0.0,0,0,23,0.0,0,67,0,10,95.5,64,29.9,20,99.4,14,0,68.7,46,127,13,1.3,12.7,1.98
Tyler Lockett,9502,WR,SEA,2,11.6,0,71.4,50.0,1,2,0,0.0,0,8,29,0,78.0,71.1,72.0,,71.5,0.0,0,0,12,0.0,0,74,0,10,89.2,66,31.1,23,121.7,14,2,68.9,51,69,15,1.5,6.9,1.05
Tank Dell,78874,WR,HST,2,9.0,1,71.4,100.0,1,1,0,9.1,1,5,13,0,62.1,75.2,69.8,,71.0,0.0,0,0,23,0.0,0,76,0,10,92.1,70,27.6,21,117.0,14,1,71.1,54,106,28,2.8,10.6,1.51
Brandon Aiyuk,84109,WR,SF,2,13.9,2,78.6,66.7,2,3,0,0.0,0,11,28,0,78.7,71.5,91.4,,91.2,0.0,0,0,23,0.0,0,53,0,11,96.2,51,24.5,13,157.4,14,2,75.5,40,172,29,2.6,15.6,3.37
Elijah Moore,84302,WR,CLV,2,12.6,1,42.9,0.0,0,2,0,0.0,0,4,8,0,74.6,71.3,62.5,,62.1,0.0,0,1,33,0.0,0,72,0,6,95.8,69,48.6,35,31.5,14,0,40.3,29,79,11,1.8,13.2,1.14
Evan Engram,11778,TE,JAX,2,4.1,3,84.6,100.0,1,1,0,0.0,0,6,15,0,78.7,71.5,76.3,,78.7,23.6,17,0,26,0.0,0,72,0,11,97.2,70,43.1,31,100.6,13,0,33.3,24,106,78,7.1,9.6,1.51
Zay Jones,11792,WR,JAX,2,14.2,0,38.5,33.3,1,3,0,0.0,0,4,15,0,73.4,68.0,59.9,66.2,61.6,0.0,0,0,18,1.5,1,68,0,5,94.1,64,42.6,29,77.4,13,1,57.4,39,55,4,0.8,11.0,0.86
Hunter Henry,10669,TE,NE,2,10.2,0,84.6,66.7,2,3,0,8.3,1,7,19,0,60.2,71.5,68.7,69.8,71.3,31.9,29,0,13,1.1,1,91,1,11,93.4,85,62.6,57,140.9,13,2,5.5,5,108,12,1.1,9.8,1.27
JuJu Smith-Schuster,11817,WR,NE,2,4.0,0,69.2,50.0,2,4,0,10.0,1,3,19,0,56.7,70.6,57.7,,59.2,0.0,0,0,15,0.0,0,55,0,9,94.5,52,49.1,27,79.3,13,0,50.9,28,61,24,2.7,6.8,1.17
Cole Kmet,60995,TE,CHI,2,6.0,0,69.2,0.0,0,2,0,0.0,0,4,6,0,77.3,71.3,63.5,52.6,68.8,35.5,27,0,15,11.8,9,76,0,9,84.2,64,51.3,39,86.1,13,0,10.5,8,82,50,5.6,9.1,1.28
Chris Godwin,11839,WR,TB,2,9.6,1,76.9,100.0,2,2,0,0.0,0,6,30,0,78.0,71.1,71.0,,71.4,0.0,0,0,24,0.0,0,64,0,10,98.4,63,45.3,29,101.1,13,0,54.7,35,109,27,2.7,10.9,1.73
Jonathan Mingo,97774,WR,CAR,2,14.1,1,38.5,33.3,1,3,0,16.7,1,2,5,0,49.2,68.8,55.0,,54.7,0.0,0,0,22,0.0,0,84,1,5,91.7,77,32.1,27,47.9,13,0,67.9,57,43,3,0.6,8.6,0.56
Jaylen Waddle,84088,WR,MIA,2,13.0,0,66.7,33.3,1,3,0,11.1,1,7,17,0,54.5,70.8,77.3,,77.6,0.0,0,0,35,0.0,0,60,0,8,98.3,59,26.7,16,109.7,12,0,73.3,44,164,85,10.6,20.5,2.78
Courtland Sutton,48164,WR,DEN,2,10.9,1,75.0,100.0,1,1,0,0.0,0,5,10,0,77.3,70.6,73.3,,70.7,0.0,0,1,21,0.0,0,77,1,9,90.9,70,20.8,16,91.7,12,1,79.2,61,98,16,1.8,10.9,1.4
Garrett Wilson,97405,WR,NYJ,2,13.1,1,58.3,50.0,2,4,0,12.5,1,5,22,0,31.8,69.5,75.3,,73.2,0.0,0,2,68,0.0,0,62,0,7,95.2,59,19.4,12,91.3,12,2,80.6,50,117,58,8.3,16.7,1.98
Josh Reynolds,11872,WR,DET,2,12.9,1,75.0,100.0,2,2,0,10.0,1,9,11,0,56.7,70.6,80.3,,78.7,0.0,0,0,33,0.0,0,62,1,9,95.2,59,48.4,30,154.9,12,2,51.6,32,146,38,4.2,16.2,2.47
Christian McCaffrey,11763,HB,SF,3,0.5,1,91.7,,0,0,0,0.0,0,4,28,1,78.7,55.8,74.4,23.0,71.4,3.3,3,0,17,13.3,12,90,0,11,81.1,73,20.0,18,91.0,12,0,8.9,8,70,69,6.3,6.4,0.96
K.J. Osborn,23503,WR,MIN,2,10.6,0,50.0,25.0,1,4,0,33.3,3,4,18,0,27.9,68.8,47.1,,48.7,0.0,0,1,19,0.0,0,92,0,6,95.7,88,46.7,43,59.4,12,1,53.3,49,65,15,2.5,10.8,0.74
Jaylen Warren,98692,HB,PIT,2,-2.2,5,81.8,,0,0,0,10.0,1,3,25,0,56.7,75.2,62.0,34.5,68.5,2.7,1,0,30,8.1,3,37,0,9,89.2,33,0.0,0,96.2,11,0,0.0,0,78,96,10.7,8.7,2.36
Saquon Barkley,45791,HB,NYG,2,0.3,2,81.8,0.0,0,1,0,10.0,1,4,21,0,56.7,80.2,72.3,85.7,74.0,1.4,1,2,10,14.1,10,71,0,9,83.1,59,5.6,4,72.9,11,1,5.6,4,41,42,4.7,4.6,0.69
Kyren Williams,97118,HB,LA,2,2.4,2,54.5,,0,0,0,25.0,2,3,26,0,29.8,81.5,68.3,68.8,42.7,0.0,0,1,15,17.9,17,95,0,6,80.0,76,5.3,5,60.4,11,1,4.2,4,54,63,10.5,9.0,0.71
Jahan Dotson,84375,WR,WAS,2,9.3,0,72.7,,0,0,0,0.0,0,4,32,0,77.3,70.6,58.8,,59.9,0.0,0,1,18,0.0,0,91,1,8,86.8,79,54.9,50,48.3,11,0,45.1,41,62,10,1.3,7.8,0.78
Gabe Davis,55410,WR,BUF,2,13.9,1,72.7,66.7,2,3,0,0.0,0,8,4,0,76.5,70.1,70.5,,71.9,0.0,0,1,40,0.0,0,83,0,8,96.4,80,14.5,12,102.1,11,1,84.3,70,124,37,4.6,15.5,1.55
Jayden Reed,78171,WR,GB,2,11.0,0,54.5,0.0,0,3,0,0.0,0,5,12,0,74.6,74.8,75.1,,76.7,0.0,0,0,30,0.0,0,38,0,6,100.0,38,65.8,25,119.3,11,2,34.2,13,85,41,6.8,14.2,2.24
Bijan Robinson,123126,HB,ATL,2,-1.9,4,90.9,100.0,1,1,0,9.1,1,5,2,0,58.5,33.3,86.1,5.0,75.5,2.0,1,0,29,3.9,2,51,0,10,92.2,47,37.3,19,125.4,11,1,11.8,6,75,96,9.6,7.5,1.6
D.K. Metcalf,47864,WR,SEA,2,13.4,2,81.8,,0,0,1,10.0,1,6,29,0,56.7,70.6,68.7,,73.3,0.0,0,0,28,0.0,0,72,2,9,88.9,64,22.2,16,143.2,11,1,77.8,56,122,18,2.0,13.6,1.91
Jordan Addison,123000,WR,MIN,2,16.5,1,63.6,0.0,0,1,0,0.0,0,3,18,0,75.6,69.5,67.5,,66.7,0.0,0,0,62,0.0,0,69,0,7,97.1,67,26.1,18,145.1,11,2,73.9,51,133,26,3.7,19.0,1.99
Adam Thielen,8288,WR,CAR,2,6.3,0,81.8,0.0,0,1,0,0.0,0,5,5,0,78.7,71.5,68.7,,69.4,0.0,0,0,15,0.0,0,80,1,9,92.5,74,76.3,61,122.0,11,1,23.8,19,66,27,3.0,7.3,0.89
Dalton Schultz,47304,TE,HST,2,6.2,0,54.5,0.0,0,1,0,14.3,1,2,13,0,49.2,68.8,47.7,75.2,45.5,40.0,38,0,14,3.2,3,95,0,6,92.6,88,44.2,42,61.9,11,0,10.5,10,38,20,3.3,6.3,0.43
Jahmyr Gibbs,122474,HB,DET,2,1.5,0,81.8,,0,0,0,10.0,1,3,11,0,56.7,76.9,66.5,13.0,65.6,0.0,0,1,10,6.1,2,33,0,9,90.9,30,21.2,7,50.4,11,0,18.2,6,57,51,5.7,6.3,1.9
Sam LaPorta,101690,TE,DET,2,4.8,3,90.9,66.7,2,3,0,0.0,0,6,11,0,78.0,71.1,76.5,78.8,75.1,37.9,25,0,23,12.1,8,66,0,10,84.8,56,27.3,18,105.3,11,0,34.8,23,102,53,5.3,10.2,1.82
Kadarius Toney,61245,WR,KC,2,3.5,3,60.0,0.0,0,1,0,25.0,2,3,16,1,29.7,18.7,49.4,,52.8,0.0,0,1,17,0.0,0,26,0,6,100.0,26,38.5,10,27.5,10,0,61.5,16,36,44,7.3,6.0,1.38
Tyler Boyd,10689,WR,CIN,2,5.3,1,80.0,33.3,1,3,0,11.1,1,3,7,0,54.5,70.1,54.6,,54.5,0.0,0,0,13,0.0,0,75,0,8,96.0,72,88.0,66,92.5,10,0,12.0,9,62,26,3.3,7.8,0.86
Terry McLaurin,48229,WR,WAS,2,10.8,0,70.0,50.0,1,2,0,0.0,0,4,32,0,75.6,69.5,61.5,,60.9,0.0,0,0,30,0.0,0,79,0,7,87.3,69,12.7,10,129.2,10,1,87.3,69,85,18,2.6,12.1,1.23
Jake Ferguson,61081,TE,DAL,2,4.7,0,50.0,33.3,1,3,0,28.6,2,2,9,0,29.2,68.0,74.8,74.0,53.1,68.3,28,0,9,14.6,6,41,0,5,80.5,33,22.0,9,89.6,10,1,9.8,4,22,20,4.0,4.4,0.67
Dalton Kincaid,91791,TE,BUF,2,4.8,1,90.0,0.0,0,1,0,0.0,0,2,4,0,77.3,70.6,58.9,,59.8,19.0,12,0,14,0.0,0,63,1,9,96.8,61,55.6,35,95.4,10,0,25.4,16,69,37,4.1,7.7,1.13
Logan Thomas,8755,TE,WAS,2,7.8,0,60.0,33.3,1,3,0,25.0,2,2,32,0,31.8,69.5,65.8,37.5,63.8,25.8,16,0,19,4.8,3,62,0,6,83.9,52,43.5,27,112.5,10,1,30.6,19,65,12,2.0,10.8,1.25
Nick Westbrook-Ikhine,47861,WR,TEN,2,6.5,2,70.0,0.0,0,3,0,0.0,0,5,31,0,52.1,69.5,68.6,75.4,69.0,0.0,0,0,24,4.8,3,62,0,7,88.7,55,48.4,30,128.3,10,1,51.6,32,83,48,6.9,11.9,1.51
Tony Pollard,27126,HB,DAL,2,0.4,1,90.0,50.0,1,2,0,0.0,0,3,9,1,77.3,42.0,61.5,85.8,59.1,0.0,0,0,19,22.9,11,48,0,9,75.0,36,6.3,3,87.1,10,0,6.3,3,49,47,5.2,5.4,1.36
Calvin Austin III,61418,WR,PIT,2,8.7,4,70.0,100.0,3,3,0,12.5,1,2,25,0,52.5,74.4,63.9,,62.1,0.0,0,0,13,0.0,0,57,0,7,98.2,56,22.8,13,80.0,10,0,77.2,44,47,15,2.1,6.7,0.84
Rashid Shaheed,63707,WR,NO,2,14.5,2,90.0,,0,0,0,0.0,0,6,20,0,77.3,27.3,80.9,,77.8,0.0,0,0,45,0.0,0,54,0,9,96.3,52,33.3,18,152.1,10,1,63.0,34,152,24,2.7,16.9,2.92
Jakobi Meyers,47468,WR,LV,1,8.4,1,90.0,100.0,2,2,0,10.0,1,5,23,0,56.7,70.6,69.8,,72.8,0.0,0,0,21,0.0,0,27,1,9,88.9,24,11.1,3,140.0,10,2,88.9,24,81,14,1.6,9.0,3.38
James Cook,83666,HB,BUF,2,2.5,1,80.0,0.0,0,1,0,0.0,0,2,4,0,76.5,80.3,70.9,56.7,60.2,0.0,0,0,26,13.0,7,54,0,8,87.0,47,16.7,9,88.8,10,0,7.4,4,53,55,6.9,6.6,1.13
Josh Downs,122832,WR,IND,2,4.3,2,70.0,100.0,1,1,0,0.0,0,4,14,0,76.5,70.1,64.8,,64.7,0.0,0,0,22,0.0,0,66,0,7,95.5,63,89.4,59,88.3,10,0,10.6,7,67,38,5.4,9.6,1.06
Hayden Hurst,47294,TE,CAR,2,7.1,1,80.0,,0,0,0,0.0,0,3,5,0,76.5,70.1,56.5,,63.7,40.0,22,1,14,0.0,0,55,1,8,92.7,51,38.2,21,85.8,10,1,21.8,12,61,21,2.6,7.6,1.2
Kylen Granson,40630,TE,IND,2,4.9,0,70.0,100.0,1,1,0,12.5,1,6,14,0,52.1,69.5,56.6,70.2,59.5,45.2,28,0,14,1.6,1,62,1,7,95.2,59,45.2,28,116.7,10,1,8.1,5,55,40,5.7,7.9,0.93
Jaxon Smith-Njigba,129758,WR,SEA,2,1.8,0,80.0,,0,0,0,11.1,1,2,29,0,54.5,70.1,55.2,,55.2,0.0,0,0,16,0.0,0,53,0,8,88.7,47,79.2,42,86.3,10,0,20.8,11,47,38,4.8,5.9,1.0
Allen Robinson II,8696,WR,PIT,2,7.3,1,70.0,0.0,0,1,0,0.0,0,2,25,0,75.6,69.5,58.8,66.3,58.5,1.4,1,0,31,1.4,1,74,0,7,95.9,71,78.4,58,92.1,10,0,20.3,15,76,27,3.9,10.9,1.07
Cade Otton,61071,TE,TB,2,4.0,2,88.9,50.0,1,2,0,0.0,0,2,30,0,77.3,70.6,54.2,45.4,59.4,43.1,31,0,13,18.1,13,72,0,8,80.6,58,37.5,27,94.4,9,0,15.3,11,60,34,4.3,7.5,1.03
Alexander Mattison,45817,HB,MIN,2,1.3,1,66.7,,0,0,0,14.3,1,2,18,0,54.9,20.4,52.1,60.5,45.8,1.4,1,0,16,20.0,14,70,0,6,75.7,53,2.9,2,107.2,9,1,7.1,5,21,29,4.8,3.5,0.4
Mack Hollins,11873,WR,ATL,2,12.8,0,66.7,50.0,1,2,0,0.0,0,2,2,0,74.6,68.8,60.3,,62.3,0.0,0,0,45,0.0,0,42,0,6,95.2,40,23.8,10,99.8,9,0,76.2,32,91,10,1.7,15.2,2.28
Justin Watson,66915,WR,KC,2,24.7,0,55.6,100.0,2,2,0,0.0,0,4,16,1,73.4,16.0,68.0,,67.1,0.0,0,1,34,0.0,0,47,0,5,89.4,42,27.7,13,58.8,9,0,72.3,34,108,14,2.8,21.6,2.57
Braxton Berrios,47961,WR,MIA,2,13.1,0,55.6,50.0,1,2,0,16.7,1,5,17,0,45.8,75.0,69.2,,68.3,0.0,0,1,18,0.0,0,46,0,5,100.0,46,58.7,27,41.2,9,0,41.3,19,70,11,2.2,14.0,1.52
Durham Smythe,47257,TE,MIA,2,7.0,0,66.7,0.0,0,2,0,0.0,0,4,17,0,74.6,68.8,56.1,73.2,55.0,34.6,28,0,18,7.4,6,81,0,6,91.4,74,50.6,41,88.7,9,0,12.3,10,67,27,4.5,11.2,0.91
Drake London,86519,WR,ATL,2,8.7,1,66.7,100.0,1,1,0,14.3,1,3,2,0,49.2,68.8,68.0,,66.7,0.0,0,0,24,0.0,0,57,1,6,91.2,52,14.0,8,125.7,9,1,86.0,49,67,22,3.7,11.2,1.29
Miles Sanders,40555,HB,CAR,2,2.2,1,77.8,,0,0,0,0.0,0,1,5,0,75.6,34.8,53.2,17.1,62.3,0.0,0,0,11,8.9,4,45,0,7,84.4,38,0.0,0,80.6,9,0,11.1,5,30,38,5.4,4.3,0.79
Isaiah Hodgins,52130,WR,NYG,3,9.3,0,55.6,33.3,1,3,0,0.0,0,3,21,1,73.4,16.0,56.4,73.5,55.7,0.0,0,0,24,2.4,2,85,0,5,91.8,78,17.6,15,115.0,9,1,82.4,70,64,29,5.8,12.8,0.82
Mike Gesicki,47153,TE,NE,2,9.4,0,88.9,100.0,1,1,0,0.0,0,3,19,0,76.5,70.1,64.9,64.9,66.5,3.1,2,0,17,1.5,1,65,0,8,92.3,60,84.6,55,98.1,9,0,12.3,8,68,27,3.4,8.5,1.13
Demario Douglas,104155,WR,NE,2,9.1,1,66.7,0.0,0,1,0,14.3,1,3,19,1,49.7,20.0,63.3,,62.7,0.0,0,0,23,0.0,0,31,0,6,100.0,31,93.5,29,85.0,9,0,6.5,2,59,29,4.8,9.8,1.9
Rhamondre Stevenson,98689,HB,NE,2,-1.2,3,100.0,,0,0,0,0.0,0,4,19,0,77.3,79.9,72.4,88.7,61.1,0.0,0,0,32,20.0,16,80,0,9,76.3,61,10.0,8,100.9,9,0,16.3,13,74,85,9.4,8.2,1.21
Dawson Knox,35883,TE,BUF,2,4.7,0,66.7,0.0,0,1,0,25.0,2,3,4,0,29.8,68.8,47.1,63.6,51.8,29.6,21,0,15,7.0,5,71,1,6,88.7,63,52.1,37,110.9,9,1,15.5,11,35,15,2.5,5.8,0.56
Joe Mixon,11803,HB,CIN,2,-2.2,0,77.8,,0,0,0,12.5,1,1,7,0,52.1,79.7,68.1,52.6,53.1,0.0,0,0,32,20.8,11,53,0,7,77.4,41,5.7,3,91.2,9,0,0.0,0,53,68,9.7,7.6,1.29
Josh Jacobs,45953,HB,LV,2,1.9,2,77.8,0.0,0,1,0,0.0,0,4,23,0,75.6,80.0,62.7,53.4,81.7,0.0,0,1,19,31.7,13,41,0,7,68.3,28,4.9,2,61.3,9,0,2.4,1,74,64,9.1,10.6,2.64
Van Jefferson,47447,WR,LA,2,15.2,0,55.6,0.0,0,1,0,28.6,2,1,26,0,29.7,68.8,50.2,,50.1,0.0,0,1,10,0.0,0,87,1,5,96.6,84,52.9,46,25.0,9,0,47.1,41,35,5,1.0,7.0,0.42
Roschon Johnson,99467,HB,CHI,2,0.4,1,88.9,,0,0,0,11.1,1,1,6,0,54.5,75.0,68.8,85.4,57.3,5.0,2,0,8,20.0,8,40,0,8,75.0,30,7.5,3,87.5,9,0,10.0,4,45,47,5.9,5.6,1.5
Travis Kelce,7844,TE,KC,1,6.1,2,44.4,16.7,1,6,1,20.0,1,1,16,0,49.2,68.8,58.7,71.1,64.9,33.3,10,0,9,6.7,2,30,2,4,86.7,26,53.3,16,88.7,9,1,13.3,4,26,15,3.8,6.5,1.0
Tyler Higbee,10744,TE,LA,2,6.9,0,66.7,50.0,1,2,0,0.0,0,3,26,0,74.6,68.8,57.4,75.8,57.0,47.9,45,0,30,9.6,9,94,1,6,88.3,83,33.0,31,85.9,9,0,19.1,18,61,19,3.2,10.2,0.73
Irv Smith Jr.,42060,TE,CIN,2,6.6,1,55.6,0.0,0,1,0,16.7,1,1,7,0,45.8,68.0,40.9,,42.3,43.3,26,0,8,0.0,0,60,0,5,96.7,58,30.0,18,60.9,9,0,23.3,14,27,11,2.2,5.4,0.47
Chase Claypool,42312,WR,CHI,2,9.1,1,37.5,0.0,0,3,0,25.0,1,2,6,0,36.2,65.8,52.9,61.6,56.4,0.0,0,1,20,1.5,1,68,1,3,94.1,64,17.6,12,52.1,8,1,82.4,56,36,5,1.7,12.0,0.56
Javonte Williams,77803,HB,DEN,2,-0.6,0,75.0,,0,0,0,0.0,0,0,10,0,74.6,79.3,61.3,49.6,69.9,0.0,0,0,9,22.6,7,31,0,6,74.2,23,0.0,0,77.1,8,0,0.0,0,19,30,5.0,3.2,0.83
Juwan Johnson,28305,TE,NO,2,7.4,0,62.5,0.0,0,1,0,0.0,0,1,20,0,73.4,68.0,54.7,70.5,54.5,21.2,14,1,27,3.0,2,66,0,5,92.4,61,57.6,38,40.1,8,0,18.2,12,49,28,5.6,9.8,0.8
Curtis Samuel,11795,WR,WAS,2,4.9,0,100.0,,0,0,0,0.0,0,3,32,0,76.5,71.5,64.7,,62.7,0.0,0,0,32,0.0,0,69,0,8,85.5,59,73.9,51,104.7,8,0,24.6,17,73,34,4.3,9.1,1.24
Mark Andrews,47436,TE,BLT,1,5.9,1,62.5,50.0,1,2,0,16.7,1,3,3,0,46.3,68.0,62.7,66.1,63.9,10.5,4,0,20,2.6,1,38,0,5,86.8,33,86.8,33,117.2,8,1,0.0,0,45,17,3.4,9.0,1.36
DeVante Parker,9447,WR,NE,1,6.1,2,75.0,33.3,1,3,0,0.0,0,3,19,0,75.6,69.5,70.2,,69.3,0.0,0,1,14,0.0,0,50,0,6,94.0,47,6.0,3,54.7,8,0,94.0,47,57,37,6.2,9.5,1.21
Noah Gray,60878,TE,KC,2,5.5,6,75.0,0.0,0,1,0,0.0,0,3,16,0,75.6,69.5,66.6,66.3,68.0,25.4,17,0,24,9.0,6,67,0,6,83.6,56,41.8,28,100.5,8,0,31.3,21,69,50,8.3,11.5,1.23
DJ Moore,48267,WR,CHI,2,8.9,2,100.0,,0,0,0,0.0,0,6,6,0,76.5,70.1,69.4,,69.0,0.0,0,0,33,0.0,0,83,0,8,96.4,80,20.5,17,118.8,8,0,79.5,66,129,58,7.3,16.1,1.61
Dallas Goedert,47272,TE,PHI,2,5.9,0,75.0,,0,0,0,14.3,1,0,24,0,49.7,68.8,57.5,75.7,45.5,38.0,27,0,9,7.0,5,71,1,6,87.3,62,52.1,37,77.1,8,0,9.9,7,22,9,1.5,3.7,0.35
Michael Wilson,84423,WR,ARZ,2,20.1,0,62.5,25.0,1,4,0,0.0,0,4,1,0,73.4,68.0,63.6,,64.8,0.0,0,0,21,0.0,0,54,1,5,90.7,49,31.5,17,93.2,8,0,68.5,37,75,14,2.8,15.0,1.53
Allen Lazard,48135,WR,NYJ,2,15.5,1,50.0,0.0,0,2,0,20.0,1,3,22,0,42.1,67.0,58.5,,58.1,1.6,1,0,24,0.0,0,62,0,4,95.2,59,19.4,12,79.7,8,0,79.0,49,69,23,5.8,17.3,1.17
Romeo Doubs,84329,WR,GB,2,11.4,0,75.0,100.0,1,1,0,0.0,0,5,12,0,74.6,68.8,74.1,,73.0,0.0,0,0,15,0.0,0,43,0,6,95.3,41,18.6,8,133.3,8,2,81.4,35,56,15,2.5,9.3,1.37
Skyy Moore,97116,WR,KC,2,12.4,0,42.9,50.0,1,2,0,0.0,0,2,16,0,72.1,68.3,58.4,,61.7,1.6,1,0,54,0.0,0,64,0,3,96.9,62,48.4,31,119.0,7,1,50.0,32,70,33,11.0,23.3,1.13
Kyle Pitts,83964,TE,ATL,2,13.6,0,57.1,100.0,1,1,0,0.0,0,2,2,0,73.4,68.0,62.6,,67.2,11.9,7,0,34,0.0,0,59,0,4,93.2,55,50.8,30,84.8,7,0,37.3,22,59,9,2.3,14.8,1.07
David Njoku,11784,TE,CLV,2,1.9,4,85.7,100.0,1,1,0,0.0,0,2,8,1,74.6,16.9,56.0,80.8,53.0,55.7,44,0,29,8.9,7,79,0,6,86.1,68,34.2,27,109.5,7,0,10.1,8,72,63,10.5,12.0,1.06
Samaje Perine,11869,HB,DEN,2,0.1,6,100.0,,0,0,0,0.0,0,2,10,0,75.6,74.8,60.1,25.1,68.9,2.0,1,0,20,4.1,2,49,0,7,85.7,42,4.1,2,100.6,7,0,14.3,7,57,56,8.0,8.1,1.36
Odell Beckham Jr.,8647,WR,BLT,2,11.9,0,71.4,100.0,2,2,0,0.0,0,4,3,0,74.6,68.8,68.5,,67.9,0.0,0,0,29,0.0,0,62,0,5,87.1,54,3.2,2,100.9,7,0,96.8,60,66,7,1.4,13.2,1.22
Treylon Burks,99218,WR,TEN,2,15.1,0,71.4,100.0,1,1,0,16.7,1,2,31,0,45.8,69.1,56.6,,57.3,0.0,0,0,70,0.0,0,59,1,5,93.2,55,45.8,27,113.7,7,0,54.2,32,94,23,4.6,18.8,1.71
River Cracraft,47417,WR,MIA,2,10.9,0,71.4,0.0,0,1,0,16.7,1,5,17,0,45.8,68.0,76.5,,74.5,0.0,0,0,24,0.0,0,24,0,5,95.8,23,20.8,5,145.2,7,1,79.2,19,74,30,6.0,14.8,3.22
Jauan Jennings,48027,WR,SF,3,14.4,0,57.1,33.3,1,3,0,0.0,0,3,28,0,72.1,67.0,67.4,,64.9,0.0,0,0,31,0.0,0,54,1,4,94.4,51,61.1,33,98.5,7,0,38.9,21,82,20,5.0,20.5,1.61
Luke Musgrave,98499,TE,GB,2,12.9,0,71.4,,0,0,0,0.0,0,2,12,0,73.4,68.0,65.6,40.3,61.5,48.1,25,0,37,9.6,5,52,0,5,88.5,46,40.4,21,106.3,7,0,11.5,6,75,29,5.8,15.0,1.63
Darnell Mooney,48236,WR,CHI,2,9.4,0,57.1,,0,0,0,20.0,1,3,6,0,41.6,67.0,61.2,,61.2,0.0,0,1,23,0.0,0,57,0,4,94.7,54,77.2,44,81.3,7,1,19.3,11,53,6,1.5,13.3,0.98
Travis Etienne Jr.,57185,HB,JAX,2,-0.7,1,100.0,,0,0,0,0.0,0,0,15,0,75.6,80.2,69.6,74.5,57.0,0.0,0,0,10,12.1,8,66,1,7,84.8,56,3.0,2,83.9,7,0,7.6,5,29,34,4.9,4.1,0.52
Rachaad White,131633,HB,TB,2,-3.3,1,100.0,,0,0,0,0.0,0,1,30,0,75.6,81.1,80.5,59.0,68.8,0.0,0,0,9,21.7,13,60,0,7,78.3,47,6.7,4,90.5,7,0,11.7,7,40,63,9.0,5.7,0.85
Chuba Hubbard,57373,HB,CAR,2,0.4,0,100.0,,0,0,0,0.0,0,2,5,0,75.6,75.5,79.6,84.7,64.2,0.0,0,0,11,18.4,7,38,0,7,76.3,29,0.0,0,92.3,7,0,0.0,0,43,40,5.7,6.1,1.48
Rashee Rice,97605,WR,KC,2,8.9,0,71.4,,0,0,0,0.0,0,3,16,0,73.4,69.1,80.2,,79.4,0.0,0,0,25,0.0,0,19,0,5,94.7,18,78.9,15,130.4,7,1,21.1,4,49,23,4.6,9.8,2.72
Tyjae Spears,97195,HB,TEN,2,6.7,0,50.0,,0,0,0,0.0,0,0,31,0,72.1,74.9,76.6,86.5,49.1,0.0,0,0,4,26.8,11,41,0,3,68.3,28,2.4,1,56.3,6,0,19.5,8,7,5,1.7,2.3,0.25
Jonnu Smith,11855,TE,ATL,2,8.8,0,66.7,100.0,1,1,0,0.0,0,3,2,0,72.1,67.0,60.9,80.5,66.0,33.3,15,1,17,15.6,7,45,1,4,77.8,35,44.4,20,50.7,6,0,13.3,6,47,32,8.0,11.8,1.34
Brandon Johnson,40666,WR,DEN,2,16.0,0,66.7,100.0,1,1,0,20.0,1,3,10,0,41.6,67.0,61.3,,61.2,0.0,0,0,50,0.0,0,49,0,4,93.9,46,14.3,7,149.3,6,2,85.7,42,97,13,3.3,24.3,2.11
Adam Trautman,109795,TE,DEN,2,3.5,0,83.3,,0,0,0,0.0,0,1,10,0,73.4,68.0,53.9,62.5,51.9,55.9,38,0,15,17.6,12,68,0,5,76.5,52,25.0,17,90.3,6,0,19.1,13,34,17,3.4,6.8,0.65
Nelson Agholor,9453,WR,BLT,2,18.5,0,83.3,100.0,2,2,0,0.0,0,4,3,0,73.4,68.0,78.6,36.3,80.4,7.4,2,0,17,3.7,1,27,0,5,81.5,22,70.4,19,150.0,6,1,22.2,6,63,0,0.0,12.6,2.86
Deonte Harty,91470,WR,BUF,2,5.2,0,83.3,,0,0,0,0.0,0,1,4,0,73.4,74.7,59.9,,62.3,0.0,0,1,8,0.0,0,23,0,5,95.7,22,47.8,11,39.6,6,0,34.8,8,13,37,7.4,2.6,0.59
Khalil Herbert,41668,HB,CHI,2,-0.8,1,66.7,,0,0,0,0.0,0,4,6,0,73.4,77.1,78.6,77.9,72.7,0.0,0,1,23,11.4,4,35,0,4,82.9,29,2.9,1,59.7,6,0,2.9,1,60,60,15.0,15.0,2.07
Dameon Pierce,83659,HB,HST,2,-0.2,0,66.7,,0,0,0,0.0,0,0,13,0,72.1,79.3,62.1,79.9,58.4,0.0,0,0,9,11.1,5,45,0,4,84.4,38,4.4,2,70.1,6,0,8.9,4,13,22,5.5,3.3,0.34
Dontayvion Wicks,99711,WR,GB,2,14.8,2,33.3,50.0,1,2,0,0.0,0,2,12,0,68.3,64.0,61.1,,63.7,0.0,0,0,32,0.0,0,36,2,2,97.2,35,33.3,12,97.2,6,1,66.7,24,40,20,10.0,20.0,1.14
Isiah Pacheco,83747,HB,KC,2,-2.8,4,83.3,,0,0,0,0.0,0,1,16,0,73.4,77.9,70.4,73.4,66.6,0.0,0,0,10,2.4,1,42,0,5,90.5,38,4.8,2,88.2,6,0,4.8,2,31,52,10.4,6.2,0.82
Joshua Palmer,62979,WR,LAC,2,10.5,0,66.7,100.0,2,2,0,0.0,0,0,27,0,72.1,67.0,49.5,,50.1,0.0,0,0,6,0.0,0,61,0,4,96.7,59,24.6,15,70.1,6,0,75.4,46,17,1,0.3,4.3,0.29
Diontae Johnson,33441,WR,PIT,1,12.5,0,50.0,,0,0,0,0.0,0,2,25,0,70.5,65.8,71.4,,70.0,0.0,0,1,26,0.0,0,24,0,3,95.8,23,20.8,5,37.5,6,0,79.2,19,48,26,8.7,16.0,2.09
Chigoziem Okonkwo,84000,TE,TEN,2,7.8,2,66.7,0.0,0,1,0,0.0,0,2,31,0,72.1,67.0,59.6,77.8,59.9,36.2,21,0,20,10.3,6,58,1,4,84.5,49,46.6,27,81.9,6,0,13.8,8,35,21,5.3,8.8,0.71
Josh Oliver,47083,TE,MIN,2,2.3,0,83.3,,0,0,0,0.0,0,3,18,0,73.4,68.0,75.5,78.2,81.7,90.0,27,0,18,30.0,9,30,0,5,66.7,20,6.7,2,97.9,6,0,3.3,1,45,31,6.2,9.0,2.25
Terrace Marshall Jr.,84271,WR,CAR,2,15.5,0,33.3,,0,0,0,0.0,0,2,5,0,68.3,64.0,55.6,,55.1,0.0,0,1,12,0.0,0,58,0,2,93.1,54,22.4,13,6.3,6,0,77.6,45,23,7,3.5,11.5,0.43
Rashod Bateman,84296,WR,BLT,2,6.8,0,100.0,,0,0,1,0.0,0,2,3,0,74.6,68.8,55.4,,59.6,2.2,1,0,18,0.0,0,45,1,6,88.9,40,35.6,16,103.5,6,0,62.2,28,53,12,2.0,8.8,1.33
Gerald Everett,11799,TE,LAC,2,5.0,6,83.3,,0,0,0,0.0,0,4,27,0,73.4,69.1,70.4,59.2,76.3,52.2,24,0,29,13.0,6,46,0,5,82.6,38,32.6,15,113.9,6,0,8.7,4,68,46,9.2,13.6,1.79
Deon Jackson,57189,HB,IND,1,-1.3,0,83.3,,0,0,0,16.7,1,0,14,1,45.8,17.8,28.4,6.0,28.6,0.0,0,0,8,9.4,3,32,0,5,90.6,29,0.0,0,79.2,6,0,6.3,2,14,22,4.4,2.8,0.48
Tyler Conklin,47124,TE,NYJ,2,3.8,1,100.0,,0,0,0,0.0,0,2,22,0,74.6,68.8,63.5,65.9,56.2,35.3,18,0,17,2.0,1,51,0,6,94.1,48,49.0,25,102.8,6,0,15.7,8,52,29,4.8,8.7,1.08
Jerick McKinnon,8731,HB,KC,2,1.2,1,80.0,,0,0,0,20.0,1,1,16,0,41.6,68.3,52.2,30.2,45.9,0.0,0,0,11,11.1,4,36,0,4,83.3,30,2.8,1,95.0,5,0,0.0,0,34,27,6.8,8.5,1.13
Wan'Dale Robinson,101735,WR,NYG,1,4.2,0,80.0,,0,0,0,0.0,0,1,21,0,72.1,67.0,67.3,,66.9,0.0,0,0,8,0.0,0,10,0,4,90.0,9,100.0,10,84.2,5,0,0.0,0,21,9,2.3,5.3,2.33
Will Dissly,30762,TE,SEA,2,1.8,5,100.0,100.0,1,1,0,0.0,0,3,29,0,73.4,68.0,81.0,76.6,84.5,60.6,20,0,16,15.2,5,33,1,5,81.8,27,15.2,5,110.0,5,0,3.0,1,52,43,8.6,10.4,1.93
Marquez Valdes-Scantling,47809,WR,KC,2,14.0,0,80.0,100.0,1,1,0,0.0,0,2,16,0,72.1,67.0,57.1,,57.1,0.0,0,0,34,0.0,0,77,0,4,93.5,72,36.4,28,117.5,5,0,63.6,49,61,3,0.8,15.3,0.85
Samori Toure,25276,WR,GB,2,16.0,0,60.0,0.0,0,1,0,0.0,0,2,12,0,70.5,65.8,67.3,,66.0,13.6,3,0,16,0.0,0,22,0,3,100.0,22,22.7,5,72.1,5,0,63.6,14,24,6,2.0,8.0,1.09
Quentin Johnston,123085,WR,LAC,2,12.2,0,60.0,0.0,0,1,0,0.0,0,1,27,0,70.5,65.8,59.2,,58.9,0.0,0,0,11,0.0,0,25,0,3,100.0,25,28.0,7,65.4,5,0,72.0,18,16,3,1.0,5.3,0.64
Austin Ekeler,12164,HB,LAC,1,3.6,0,80.0,,0,0,0,0.0,0,2,27,0,72.1,76.6,74.8,,66.5,0.0,0,0,35,0.0,0,24,0,4,100.0,24,4.2,1,105.8,5,0,12.5,3,47,44,11.0,11.8,1.96
James Conner,11860,HB,ARZ,2,-3.4,1,100.0,100.0,1,1,0,0.0,0,1,1,0,73.4,81.2,82.1,87.7,59.6,0.0,0,0,11,25.5,14,55,0,5,69.1,38,1.8,1,79.2,5,0,7.3,4,8,25,5.0,1.6,0.21
Najee Harris,57121,HB,PIT,2,-0.2,1,60.0,,0,0,0,25.0,1,0,25,0,36.2,25.3,58.7,53.3,39.9,0.0,0,0,4,9.1,4,44,0,3,88.6,39,4.5,2,64.6,5,0,6.8,3,2,6,2.0,0.7,0.05
Gary Brightwell,57133,HB,NYG,2,-0.2,1,80.0,,0,0,0,20.0,1,2,21,0,41.6,71.8,69.5,,72.0,7.1,1,0,18,0.0,0,14,0,4,85.7,12,14.3,2,97.5,5,0,0.0,0,37,39,9.8,9.3,3.08
D'Andre Swift,57212,HB,PHI,2,-1.2,1,80.0,,0,0,0,20.0,1,0,24,0,41.6,79.9,69.1,19.0,43.7,0.0,0,0,5,22.0,9,41,1,4,73.2,30,4.9,2,79.2,5,0,4.9,2,6,16,4.0,1.5,0.2
Antonio Gibson,78050,HB,WAS,2,-0.6,2,80.0,,0,0,0,0.0,0,1,32,0,72.1,20.5,51.9,69.6,63.0,0.0,0,0,36,14.8,8,54,0,4,77.8,42,1.9,1,111.7,5,0,7.4,4,54,58,14.5,13.5,1.29
Alec Pierce,78038,WR,IND,2,9.2,0,60.0,0.0,0,1,0,0.0,0,2,14,0,70.5,65.8,51.3,,51.5,0.0,0,0,20,0.0,0,79,1,3,96.2,76,5.1,4,79.6,5,0,94.9,75,33,6,2.0,11.0,0.43
Derrick Henry,10679,HB,TEN,2,-3.6,0,100.0,,0,0,0,0.0,0,1,31,0,73.4,81.8,73.7,82.8,76.4,0.0,0,0,46,28.1,9,32,0,5,68.8,22,6.3,2,118.8,5,0,6.3,2,71,89,17.8,14.2,3.23
Jerry Jeudy,61103,WR,DEN,1,8.2,0,60.0,,0,0,0,0.0,0,1,10,0,70.5,65.8,56.6,,57.0,0.0,0,0,11,0.0,0,38,0,3,94.7,36,71.1,27,72.9,5,0,28.9,11,25,16,5.3,8.3,0.69
Pat Freiermuth,84085,TE,PIT,2,7.0,0,40.0,50.0,1,2,0,0.0,0,1,25,0,68.3,64.0,50.7,72.5,48.1,79.3,46,0,3,5.2,3,58,0,2,93.1,54,19.0,11,87.5,5,1,1.7,1,5,6,3.0,2.5,0.09
Ezekiel Elliott,10638,HB,NE,2,-3.0,0,100.0,,0,0,0,0.0,0,0,19,1,73.4,24.0,57.5,54.2,36.9,0.0,0,0,6,22.9,8,35,0,5,74.3,26,11.4,4,79.2,5,0,8.6,3,14,29,5.8,2.8,0.54
Marvin Jones Jr.,7158,WR,DET,2,7.6,0,40.0,,0,0,0,33.3,1,0,11,1,29.9,13.3,39.0,66.2,39.4,0.0,0,0,5,2.1,1,47,0,2,91.5,43,31.9,15,47.9,5,0,68.1,32,7,4,2.0,3.5,0.16
Donovan Peoples-Jones,61439,WR,CLV,2,10.2,0,40.0,,0,0,0,0.0,0,1,8,0,68.3,75.8,51.4,,51.5,0.0,0,0,12,0.0,0,73,0,2,95.9,70,39.7,29,51.3,5,0,60.3,44,19,9,4.5,9.5,0.27
Jalen Tolbert,61637,WR,DAL,2,13.2,1,60.0,,0,0,0,0.0,0,1,9,0,70.5,65.8,60.0,,59.5,0.0,0,0,7,0.0,0,41,0,3,95.1,39,26.8,11,67.1,5,0,73.2,30,18,3,1.0,6.0,0.46
Kenneth Walker III,97199,HB,SEA,2,-3.2,3,100.0,,0,0,0,0.0,0,2,29,0,73.4,79.8,66.4,83.4,59.5,2.2,1,0,11,23.9,11,46,0,5,67.4,31,2.2,1,79.2,5,0,8.7,4,14,30,6.0,2.8,0.45
Donald Parham Jr.,91014,TE,LAC,2,9.6,0,80.0,100.0,1,1,0,0.0,0,3,27,0,72.1,67.0,61.0,63.2,59.3,41.3,19,0,15,13.0,6,46,0,4,76.1,35,45.7,21,129.6,5,1,13.0,6,28,10,2.5,7.0,0.8
Trey Palmer,99248,WR,TB,2,10.8,0,60.0,,0,0,0,0.0,0,2,30,0,70.5,65.8,62.0,,61.6,0.0,0,0,20,0.0,0,31,0,3,96.8,30,61.3,19,115.0,5,1,38.7,12,28,5,1.7,9.3,0.93
AJ Dillon,57165,HB,GB,2,-0.5,1,75.0,,0,0,0,25.0,1,1,12,0,36.2,79.4,61.6,55.8,48.9,0.0,0,0,12,26.5,9,34,0,3,73.5,25,2.9,1,90.6,4,0,2.9,1,25,28,9.3,8.3,1.0
Zack Moss,40341,HB,IND,1,0.0,0,100.0,,0,0,0,0.0,0,0,14,0,72.1,77.2,63.6,6.1,55.1,0.0,0,0,7,5.7,2,35,0,4,91.4,32,8.6,3,86.5,4,0,2.9,1,19,19,4.8,4.8,0.59
KaVontae Turpin,47658,WR,DAL,2,1.8,0,75.0,,0,0,0,25.0,1,2,9,0,36.2,76.1,71.5,66.2,71.7,0.0,0,0,9,6.7,1,15,0,3,93.3,14,86.7,13,85.4,4,0,6.7,1,20,11,3.7,6.7,1.43
Latavius Murray,7962,HB,BUF,2,0.5,0,75.0,,0,0,0,0.0,0,2,4,0,70.5,73.2,72.2,74.9,76.0,4.2,1,0,9,8.3,2,24,0,3,87.5,21,29.2,7,83.3,4,0,8.3,2,18,18,6.0,6.0,0.86
Marquise Goodwin,7859,WR,CLV,2,43.3,0,0.0,0.0,0,1,0,100.0,1,0,8,0,27.9,,39.4,,40.2,0.0,0,0,0,0.0,0,16,0,0,93.8,15,12.5,2,39.6,4,0,87.5,14,0,0,,,0.0
Jerome Ford,83601,HB,CLV,2,2.3,0,75.0,,0,0,0,25.0,1,1,8,0,36.2,29.9,68.5,83.1,53.0,2.6,1,0,14,13.2,5,38,0,3,81.6,31,13.2,5,130.2,4,1,10.5,4,25,21,7.0,8.3,0.81
Matt Breida,12271,HB,NYG,3,-2.5,1,100.0,100.0,1,1,0,0.0,0,0,21,1,72.1,21.0,57.7,87.8,30.5,6.0,3,0,8,32.0,16,50,0,4,60.0,30,2.0,1,79.2,4,0,2.0,1,6,16,4.0,1.5,0.2
Dalvin Cook,11796,HB,NYJ,2,-2.8,0,100.0,,0,0,0,0.0,0,1,22,0,72.1,25.6,54.4,77.7,61.1,11.5,3,0,15,15.4,4,26,0,4,80.8,21,7.7,2,99.0,4,0,11.5,3,31,42,10.5,7.8,1.48
Rondale Moore,62890,WR,ARZ,2,5.5,0,100.0,100.0,1,1,0,0.0,0,2,1,0,73.4,69.1,56.2,,57.0,0.0,0,0,31,0.0,0,49,0,4,91.8,45,65.3,32,115.6,4,0,28.6,14,47,25,6.3,11.8,1.04
Marvin Mims Jr.,122937,WR,DEN,2,23.8,0,100.0,,0,0,0,0.0,0,3,10,0,73.4,74.8,75.8,,77.1,0.0,0,0,60,0.0,0,20,0,4,80.0,16,20.0,4,158.3,4,1,75.0,15,122,27,6.8,30.5,7.63
Noah Brown,11993,WR,HST,1,-3.5,0,75.0,,0,0,0,0.0,0,0,13,0,72.1,67.0,50.7,66.9,51.7,2.2,1,0,7,2.2,1,45,0,3,91.1,41,64.4,29,85.4,4,0,33.3,15,20,27,9.0,6.7,0.49
Aaron Jones,11937,HB,GB,1,-1.3,0,50.0,,0,0,0,33.3,1,2,12,0,29.9,73.4,71.3,,56.4,12.5,2,0,51,0.0,0,16,0,2,100.0,16,12.5,2,135.4,4,1,6.3,1,86,85,42.5,43.0,5.38
Kayshon Boutte,124087,WR,NE,1,23.3,0,0.0,0.0,0,1,0,,0,0,19,0,,,45.2,,43.9,0.0,0,0,0,0.0,0,45,0,0,95.6,43,2.2,1,39.6,4,0,97.8,44,0,0,,,0.0
Colby Parkinson,52266,TE,SEA,2,7.5,0,75.0,,0,0,0,0.0,0,2,29,0,72.1,68.7,69.6,81.5,63.0,51.4,18,0,21,20.0,7,35,1,3,74.3,26,22.9,8,115.6,4,0,17.1,6,49,19,6.3,16.3,1.88
David Bell,97989,WR,CLV,2,5.5,0,75.0,,0,0,0,25.0,1,2,8,0,36.2,65.8,64.4,,64.3,14.3,2,0,14,0.0,0,14,0,3,100.0,14,50.0,7,92.7,4,0,28.6,4,27,18,6.0,9.0,1.93
Kalif Raymond,11028,WR,DET,2,17.3,2,75.0,0.0,0,1,0,0.0,0,2,11,0,70.5,75.0,71.6,,72.8,0.0,0,0,36,0.0,0,24,0,3,100.0,24,50.0,12,156.3,4,1,50.0,12,66,18,6.0,22.0,2.75
Michael Gallup,26075,WR,DAL,2,14.0,0,50.0,33.3,1,3,0,0.0,0,1,9,0,68.3,64.0,50.5,,52.3,0.0,0,0,10,0.0,0,57,0,2,93.0,53,7.0,4,57.3,4,0,93.0,53,13,1,0.5,6.5,0.25
Brian Robinson,57120,HB,WAS,2,-2.3,1,75.0,,0,0,0,25.0,1,3,32,0,36.2,81.0,74.9,26.6,52.7,0.0,0,0,21,11.6,5,43,0,3,76.7,33,2.3,1,155.2,4,1,2.3,1,49,54,18.0,16.3,1.48
Connor Heyward,57301,TE,PIT,2,14.3,0,50.0,,0,0,0,0.0,0,0,25,0,68.3,64.0,59.5,69.8,63.8,68.8,11,1,11,6.3,1,16,0,2,87.5,14,18.8,3,24.0,4,0,6.3,1,19,1,0.5,9.5,1.36
Brandin Cooks,8655,WR,DAL,1,10.0,0,50.0,,0,0,0,0.0,0,2,9,0,68.3,64.0,64.8,,64.1,0.0,0,0,16,0.0,0,22,0,2,86.4,19,18.2,4,66.7,4,0,81.8,18,22,1,0.5,11.0,1.16
Kenneth Gainwell,77737,HB,PHI,1,-0.3,1,100.0,,0,0,0,0.0,0,0,24,0,72.1,76.0,55.7,32.5,57.8,4.8,1,0,8,14.3,3,21,0,4,76.2,16,9.5,2,87.5,4,0,14.3,3,20,21,5.3,5.0,1.25
Cole Turner,84330,TE,WAS,2,6.8,0,75.0,50.0,1,2,0,0.0,0,2,32,0,70.5,65.8,75.0,69.7,76.3,26.3,5,0,17,5.3,1,19,0,3,84.2,16,31.6,6,104.2,4,0,42.1,8,38,22,7.3,12.7,2.38
Michael Carter,57337,HB,NYJ,2,2.5,0,75.0,100.0,1,1,0,0.0,0,1,22,0,70.5,69.7,58.9,75.0,59.7,4.3,1,1,6,4.3,1,23,0,3,95.7,22,0.0,0,40.6,4,0,4.3,1,15,7,2.3,5.0,0.68
Elijah Mitchell,57272,HB,SF,2,-4.5,0,75.0,,0,0,0,25.0,1,0,28,0,36.2,76.4,49.5,57.6,45.3,0.0,0,0,9,17.6,3,17,0,3,82.4,14,5.9,1,77.1,4,0,5.9,1,2,12,4.0,0.7,0.14
Lil'Jordan Humphrey,42247,WR,DEN,2,10.3,0,75.0,,0,0,0,0.0,0,1,10,0,70.5,65.8,54.7,55.9,55.0,0.0,0,0,6,2.4,1,41,0,3,85.4,35,80.5,33,119.8,4,1,19.5,8,15,2,0.7,5.0,0.43
Harrison Bryant,26394,TE,CLV,2,3.8,0,50.0,,0,0,0,0.0,0,1,8,0,68.3,64.0,55.1,75.6,59.6,50.0,11,1,3,9.1,2,22,0,2,86.4,19,31.8,7,56.3,4,1,9.1,2,5,1,0.5,2.5,0.26
Salvon Ahmed,57472,HB,MIA,2,-1.0,0,75.0,0.0,0,1,0,0.0,0,1,17,0,70.5,72.0,75.9,75.0,69.7,0.0,0,0,19,4.8,1,21,0,3,95.2,20,28.6,6,93.8,4,0,0.0,0,28,33,11.0,9.3,1.4
Nick Chubb,45783,HB,CLV,2,0.3,0,100.0,,0,0,0,0.0,0,1,8,0,72.1,79.9,81.6,25.8,65.4,4.5,1,0,10,27.3,6,22,0,4,72.7,16,4.5,1,88.5,4,0,9.1,2,21,20,5.0,5.3,1.31
Noah Fant,42388,TE,SEA,2,10.5,0,100.0,,0,0,0,0.0,0,2,29,0,72.1,67.0,67.0,45.9,66.0,46.2,18,0,31,5.1,2,39,0,4,82.1,32,35.9,14,118.8,4,0,15.4,6,56,14,3.5,14.0,1.75
John Bates,42275,TE,WAS,2,10.3,0,75.0,,0,0,0,25.0,1,1,32,0,36.2,65.8,59.5,71.1,58.2,64.5,20,0,35,16.1,5,31,2,3,74.2,23,22.6,7,112.5,4,0,9.7,3,46,10,3.3,15.3,2.0
Trey McBride,75916,TE,ARZ,2,8.3,0,100.0,,0,0,0,0.0,0,3,1,0,72.1,67.0,76.2,71.8,86.9,51.9,14,0,23,11.1,3,27,1,4,85.2,23,22.2,6,118.8,4,0,7.4,2,55,22,5.5,13.8,2.39
Mike Boone,31615,HB,HST,1,-2.3,1,75.0,,0,0,0,25.0,1,1,13,0,36.2,65.8,41.4,4.7,45.9,0.0,0,0,12,12.0,3,25,0,3,76.0,19,28.0,7,83.3,4,0,8.0,2,18,23,7.7,6.0,0.95
Raheem Mostert,9783,HB,MIA,2,-1.3,2,100.0,100.0,1,1,0,0.0,0,0,17,0,70.5,79.4,72.6,83.1,53.3,0.0,0,0,8,8.6,5,58,0,3,89.7,52,10.3,6,93.1,3,0,17.2,10,19,23,7.7,6.3,0.37
Breece Hall,97636,HB,NYJ,2,-2.0,0,33.3,,0,0,0,50.0,1,1,22,0,28.8,23.3,70.1,76.3,39.2,0.0,0,0,20,17.6,3,17,0,1,82.4,14,0.0,0,57.6,3,0,11.8,2,20,24,24.0,20.0,1.43
Justice Hill,45865,HB,BLT,2,-2.3,0,100.0,,0,0,0,0.0,0,0,3,0,70.5,77.3,60.6,83.0,55.6,0.0,0,0,8,17.1,7,41,0,3,70.7,29,2.4,1,83.3,3,0,0.0,0,12,19,6.3,4.0,0.41
Clyde Edwards-Helaire,57279,HB,KC,2,-1.0,2,100.0,,0,0,0,0.0,0,1,16,0,70.5,72.7,57.6,,71.7,0.0,0,0,10,0.0,0,18,0,3,94.4,17,5.6,1,100.0,3,0,0.0,0,24,27,9.0,8.0,1.41
Dyami Brown,77986,WR,WAS,2,7.7,0,100.0,,0,0,0,0.0,0,0,32,0,70.5,65.8,54.5,,54.3,0.0,0,0,9,0.0,0,29,0,3,89.7,26,34.5,10,101.4,3,0,65.5,19,25,2,0.7,8.3,0.96
D'Onta Foreman,11844,HB,CHI,1,-0.3,0,66.7,,0,0,0,0.0,0,0,6,0,68.3,70.0,68.5,72.4,58.3,0.0,0,0,5,6.3,1,16,0,2,93.8,15,18.8,3,70.1,3,0,6.3,1,8,9,4.5,4.0,0.53
Ameer Abdullah,9487,HB,LV,2,3.3,0,33.3,0.0,0,1,0,0.0,0,0,23,0,64.7,61.2,57.6,,55.4,0.0,0,2,5,0.0,0,13,0,1,92.3,12,15.4,2,2.8,3,0,0.0,0,5,2,2.0,5.0,0.42
C.J. Ham,11347,FB,MIN,2,0.0,0,66.7,,0,0,0,33.3,1,0,18,0,29.9,64.0,46.5,65.3,41.6,17.9,5,0,6,21.4,6,28,0,2,78.6,22,10.7,3,70.1,3,0,10.7,3,7,9,4.5,3.5,0.32
Austin Hooper,10715,TE,LV,2,12.3,0,100.0,100.0,1,1,0,0.0,0,2,23,0,70.5,65.8,64.2,,65.9,62.5,20,0,20,0.0,0,32,0,3,93.8,30,28.1,9,118.8,3,0,9.4,3,40,3,1.0,13.3,1.33
Ben Skowronek,27948,WR,LA,2,8.7,0,33.3,,0,0,0,0.0,0,1,26,0,64.7,64.6,60.6,,60.4,0.0,0,0,10,0.0,0,17,0,1,94.1,16,52.9,9,43.8,3,0,47.1,8,10,8,8.0,10.0,0.63
Deuce Vaughn,122624,HB,DAL,2,-0.3,0,100.0,,0,0,0,0.0,0,1,9,0,70.5,73.7,56.7,65.8,65.4,0.0,0,0,11,8.3,1,12,0,3,91.7,11,8.3,1,88.9,3,0,16.7,2,16,17,5.7,5.3,1.45
Richie James,28991,WR,KC,2,15.0,0,33.3,0.0,0,1,0,0.0,0,0,16,0,64.7,76.2,51.0,,52.1,0.0,0,0,6,0.0,0,21,0,1,100.0,21,33.3,7,42.4,3,0,66.7,14,6,2,2.0,6.0,0.29
Ty Montgomery,9527,WR,NE,2,8.3,0,66.7,,0,0,0,0.0,0,1,19,0,68.3,69.8,73.9,,73.6,0.0,0,0,11,0.0,0,7,0,2,100.0,7,57.1,4,70.1,3,0,28.6,2,9,12,6.0,4.5,1.29
Devin Duvernay,40006,WR,BLT,2,11.7,0,0.0,0.0,0,2,0,,0,0,3,0,,75.0,53.6,,52.4,0.0,0,0,0,0.0,0,13,0,0,100.0,13,30.8,4,39.6,3,0,69.2,9,0,0,,,0.0
Deven Thompkins,84480,WR,TB,2,6.0,1,66.7,,0,0,0,0.0,0,1,30,0,68.3,21.5,59.9,,57.9,0.0,0,0,8,0.0,0,26,0,2,100.0,26,69.2,18,71.5,3,0,30.8,8,10,11,5.5,5.0,0.38
Blake Bell,9550,TE,KC,2,4.0,0,66.7,,0,0,0,0.0,0,1,16,0,68.3,64.0,48.0,71.3,54.4,72.2,13,0,8,11.1,2,18,0,2,77.8,14,16.7,3,113.9,3,1,11.1,2,12,8,4.0,6.0,0.86
Jalin Hyatt,124282,WR,NYG,3,30.0,0,66.7,100.0,1,1,0,33.3,1,2,21,0,29.9,64.0,63.1,,62.4,0.0,0,0,58,0.0,0,46,0,2,91.3,42,30.4,14,109.7,3,0,69.6,32,89,14,7.0,44.5,2.12
Mo Alie-Cox,12078,TE,IND,2,10.0,1,33.3,,0,0,0,0.0,0,1,14,0,64.7,61.2,58.0,74.0,54.1,78.6,22,1,15,7.1,2,28,0,1,89.3,25,10.7,3,11.1,3,0,7.1,2,15,18,18.0,15.0,0.6
Ty Chandler,62942,HB,MIN,2,-4.7,0,100.0,,0,0,0,0.0,0,1,18,0,70.5,71.7,50.5,19.3,68.6,0.0,0,0,18,21.4,3,14,0,3,78.6,11,14.3,2,104.2,3,0,0.0,0,27,41,13.7,9.0,2.45
Tyler Allgeier,83639,HB,ATL,2,1.0,0,100.0,,0,0,0,0.0,0,1,2,0,70.5,80.0,67.5,83.5,65.0,0.0,0,0,12,29.0,9,31,0,3,64.5,20,0.0,0,93.1,3,0,0.0,0,19,16,5.3,6.3,0.95
Andrew Ogletree,138351,TE,IND,1,14.0,0,50.0,,0,0,0,0.0,0,1,14,0,64.7,61.2,68.2,,71.1,100.0,9,0,20,0.0,0,9,0,1,100.0,9,0.0,0,85.4,2,0,0.0,0,20,5,5.0,20.0,2.22
DeAndre Carter,9859,WR,LV,2,7.0,0,50.0,,0,0,0,0.0,0,0,23,0,64.7,68.1,53.7,,54.8,0.0,0,0,5,0.0,0,10,0,1,80.0,8,90.0,9,56.3,2,0,10.0,1,5,7,7.0,5.0,0.63
Sterling Shepard,10674,WR,NYG,3,7.0,0,50.0,0.0,0,1,0,0.0,0,1,21,0,64.7,61.2,49.9,,54.4,0.0,0,0,4,0.0,0,20,0,1,85.0,17,35.0,7,56.3,2,0,65.0,13,4,0,0.0,4.0,0.24
Chris Moore,10741,WR,TEN,2,45.0,0,50.0,50.0,1,2,0,0.0,0,1,31,0,64.7,61.2,66.3,68.1,65.3,0.0,0,1,49,5.6,1,18,0,1,88.9,16,11.1,2,56.3,2,0,88.9,16,49,2,2.0,49.0,3.06
Jamaal Williams,11889,HB,NO,2,-2.5,0,100.0,,0,0,0,0.0,0,0,20,0,68.3,28.3,50.9,59.1,55.2,0.0,0,0,5,12.1,4,33,0,2,87.9,29,0.0,0,81.3,2,0,0.0,0,7,12,6.0,3.5,0.24
Taysom Hill,12112,TE,NO,2,9.0,0,50.0,,0,0,0,0.0,0,0,20,0,64.7,74.8,71.0,,52.6,22.2,4,0,-1,0.0,0,18,0,1,83.3,15,16.7,3,56.3,2,0,44.4,8,-1,4,4.0,-1.0,-0.07
Robert Tonyan,12193,TE,CHI,2,11.0,0,0.0,,0,0,0,,0,0,6,0,,,36.3,66.3,51.0,40.0,6,0,0,6.7,1,15,0,0,93.3,14,53.3,8,39.6,2,0,6.7,1,0,0,,,0.0
Zach Pascal,12303,WR,ARZ,2,-0.5,1,50.0,,0,0,0,0.0,0,0,1,0,64.7,61.2,64.5,,64.2,0.0,0,0,9,0.0,0,11,0,1,90.9,10,27.3,3,62.5,2,0,72.7,8,9,12,12.0,9.0,0.9
Joshua Kelley,13750,HB,LAC,2,4.0,0,0.0,0.0,0,1,0,100.0,1,0,27,0,27.9,79.3,61.4,75.5,36.3,0.0,0,0,0,16.7,10,60,0,0,75.0,45,8.3,5,39.6,2,0,6.7,4,0,0,,,0.0
Lawrence Cager,34914,TE,NYG,1,1.0,0,100.0,,0,0,0,0.0,0,1,21,0,68.3,64.0,56.6,70.2,55.5,33.3,5,0,9,6.7,1,15,0,2,66.7,10,40.0,6,102.1,2,0,13.3,2,17,15,7.5,8.5,1.7
Alec Ingold,34934,FB,MIA,2,5.5,0,100.0,,0,0,0,0.0,0,2,17,0,68.3,64.0,52.8,61.6,64.3,32.3,10,0,19,12.9,4,31,0,2,83.9,26,25.8,8,118.8,2,0,22.6,7,34,23,11.5,17.0,1.31
David Wells,34985,TE,TB,2,0.0,1,100.0,,0,0,0,0.0,0,1,30,1,68.3,13.3,46.2,73.6,37.2,77.8,7,0,1,22.2,2,9,0,2,77.8,7,0.0,0,79.2,2,0,22.2,2,1,1,0.5,0.5,0.14
Damien Harris,35134,HB,BUF,2,0.0,0,100.0,,0,0,0,0.0,0,0,4,0,68.3,73.6,67.6,77.5,60.6,0.0,0,0,13,25.0,3,12,0,2,66.7,8,16.7,2,100.0,2,0,8.3,1,16,16,8.0,8.0,2.0
Ko Kieft,41372,TE,TB,2,20.5,0,0.0,0.0,0,1,0,,0,0,30,0,,,63.4,78.2,36.5,86.4,19,0,0,27.3,6,22,0,0,72.7,16,4.5,1,39.6,2,0,4.5,1,0,0,,,0.0
Trayveon Williams,45775,HB,CIN,2,-5.5,0,100.0,,0,0,0,0.0,0,0,7,0,68.3,67.8,61.8,82.6,57.1,9.1,2,0,3,31.8,7,22,0,2,63.6,14,0.0,0,79.2,2,0,0.0,0,4,15,7.5,2.0,0.29
Josiah Deguara,47034,TE,GB,2,-1.5,0,100.0,,0,0,1,0.0,0,1,12,0,68.3,64.0,39.4,36.1,53.8,53.3,8,0,4,33.3,5,15,1,2,60.0,9,13.3,2,79.2,2,0,6.7,1,5,8,4.0,2.5,0.56
Foster Moreau,47043,TE,NO,2,1.5,0,100.0,,0,0,0,0.0,0,1,20,0,68.3,64.0,64.1,57.1,61.0,65.2,15,0,14,17.4,4,23,0,2,82.6,19,26.1,6,108.3,2,0,8.7,2,20,17,8.5,10.0,1.05
Jordan Akins,47050,TE,CLV,2,1.0,1,100.0,,0,0,0,0.0,0,1,8,0,68.3,64.0,54.4,47.8,67.3,53.8,7,0,12,15.4,2,13,0,2,84.6,11,23.1,3,95.8,2,0,23.1,3,14,12,6.0,7.0,1.27
Brycen Hopkins,47338,TE,LA,2,5.5,1,50.0,,0,0,0,0.0,0,1,26,0,64.7,61.2,67.7,39.5,79.8,84.6,11,0,21,15.4,2,13,1,1,84.6,11,7.7,1,87.5,2,0,7.7,1,21,12,12.0,21.0,1.91
Keith Kirkwood,48017,WR,NO,2,15.5,0,0.0,,0,0,0,,0,0,20,0,,,38.8,,45.3,14.3,2,0,0,0.0,0,14,1,0,92.9,13,64.3,9,39.6,2,0,21.4,3,0,0,,,0.0
Anthony McFarland Jr.,57289,HB,PIT,1,1.0,0,100.0,,0,0,0,0.0,0,1,25,0,68.3,70.2,66.8,68.5,73.9,0.0,0,0,6,20.0,1,5,0,2,80.0,4,0.0,0,89.6,2,0,20.0,1,11,9,4.5,5.5,2.75
J.K. Dobbins,57366,HB,BLT,1,0.0,1,100.0,,0,0,0,0.0,0,0,3,0,70.5,73.2,53.5,48.2,65.9,0.0,0,0,10,11.1,2,18,0,2,77.8,14,5.6,1,97.9,2,0,5.6,1,15,15,7.5,7.5,1.07
Elijah Dotson,57394,HB,LAC,2,-1.5,0,100.0,,0,0,0,0.0,0,0,27,0,68.3,70.0,54.8,,62.7,0.0,0,0,7,0.0,0,5,0,2,100.0,5,0.0,0,93.8,2,0,20.0,1,13,16,8.0,6.5,2.6
Brock Wright,60994,TE,DET,2,2.5,0,100.0,,0,0,0,0.0,0,0,11,0,68.3,64.0,37.5,59.9,52.5,71.4,15,0,9,42.9,9,21,0,2,57.1,12,23.8,5,102.1,2,0,4.8,1,17,12,6.0,8.5,1.42
Laviska Shenault Jr.,61220,WR,CAR,2,-4.5,1,100.0,,0,0,0,0.0,0,1,5,0,68.3,69.0,66.2,,67.8,0.0,0,0,14,0.0,0,17,0,2,94.1,16,35.3,6,100.0,2,0,29.4,5,16,25,12.5,8.0,1.0
Quez Watkins,61664,WR,PHI,2,1.5,0,100.0,,0,0,0,0.0,0,1,24,0,68.3,66.8,53.2,,55.7,0.0,0,0,9,0.0,0,39,0,2,89.7,35,84.6,33,102.1,2,0,15.4,6,17,14,7.0,8.5,0.49
Emari Demercado,77763,HB,ARZ,2,-2.0,0,100.0,,0,0,0,0.0,0,0,1,0,68.3,66.2,62.8,82.5,63.8,0.0,0,0,4,50.0,5,10,0,2,50.0,5,10.0,1,81.3,2,0,0.0,0,7,11,5.5,3.5,1.4
Brevin Jordan,77887,TE,HST,1,11.5,0,100.0,,0,0,0,0.0,0,2,13,0,68.3,64.0,68.5,69.8,66.6,40.0,4,0,16,10.0,1,10,0,2,90.0,9,50.0,5,118.8,2,0,10.0,1,27,4,2.0,13.5,3.0
Will Mallory,77888,TE,IND,1,13.5,0,100.0,100.0,1,1,0,0.0,0,2,14,0,68.3,64.0,88.3,,89.6,71.4,5,0,43,0.0,0,7,0,2,100.0,7,28.6,2,118.8,2,0,0.0,0,49,22,11.0,24.5,7.0
Isaiah Likely,83955,TE,BLT,2,1.5,0,100.0,,0,0,0,0.0,0,0,3,0,68.3,64.0,44.3,,47.2,51.4,19,0,8,0.0,0,37,0,2,86.5,32,43.2,16,91.7,2,0,5.4,2,12,9,4.5,6.0,0.38
Daniel Bellinger,84041,TE,NYG,3,1.0,0,100.0,,0,0,0,0.0,0,0,21,0,68.3,64.0,49.9,52.8,46.2,71.0,44,0,8,38.7,24,62,1,2,59.7,37,8.1,5,85.4,2,0,8.1,5,9,7,3.5,4.5,0.24
Greg Dulcich,84068,TE,DEN,1,9.5,0,100.0,,0,0,0,0.0,0,2,10,0,68.3,64.0,71.9,62.3,74.4,28.6,4,0,13,7.1,1,14,0,2,85.7,12,57.1,8,112.5,2,0,14.3,2,22,3,1.5,11.0,1.83
Ronnie Bell,84288,WR,SF,3,12.0,0,100.0,100.0,2,2,0,0.0,0,2,28,0,68.3,64.0,71.2,,69.8,0.0,0,0,15,0.0,0,23,0,2,95.7,22,21.7,5,156.3,2,1,78.3,18,24,1,0.5,12.0,1.09
Zach Charbonnet,97630,HB,SEA,2,1.5,0,100.0,,0,0,0,0.0,0,0,29,0,68.3,72.3,59.7,82.1,57.0,4.3,1,0,9,26.1,6,23,0,2,73.9,17,0.0,0,95.8,2,0,13.0,3,14,11,5.5,7.0,0.82
Xavier Hutchinson,122518,WR,HST,2,10.5,0,50.0,0.0,0,1,0,0.0,0,1,13,0,64.7,61.2,52.2,,52.7,0.0,0,0,9,0.0,0,22,0,1,100.0,22,54.5,12,62.5,2,0,45.5,10,9,2,2.0,9.0,0.41
Sean Tucker,123056,HB,TB,2,-1.0,0,100.0,,0,0,0,0.0,0,0,30,0,68.3,75.5,58.7,73.0,60.4,0.0,0,0,6,7.7,1,13,0,2,84.6,11,7.7,1,85.4,2,0,0.0,0,9,11,5.5,4.5,0.82
Tyler Scott,123578,WR,CHI,2,2.0,0,100.0,,0,0,0,0.0,0,1,6,0,68.3,71.4,62.3,,61.8,0.0,0,0,9,0.0,0,21,0,2,95.2,20,23.8,5,95.8,2,0,76.2,16,14,10,5.0,7.0,0.7
Malik Heath,124173,WR,GB,2,8.0,0,0.0,0.0,0,1,0,,0,0,12,0,,,52.4,,53.3,0.0,0,0,0,0.0,0,14,0,0,100.0,14,14.3,2,39.6,2,0,85.7,12,0,0,,,0.0
Randall Cobb,6216,WR,NYJ,2,12.5,0,0.0,,0,0,0,,0,0,22,0,,,52.7,,50.8,0.0,0,1,0,0.0,0,33,0,0,100.0,33,93.9,31,0.0,2,0,6.1,2,0,0,,,0.0
Craig Reynolds,94383,HB,DET,1,-3.0,1,100.0,,0,0,0,0.0,0,0,11,0,64.7,68.2,57.3,72.4,59.4,0.0,0,0,-2,16.7,1,6,0,1,83.3,5,16.7,1,79.2,1,0,16.7,1,-2,1,1.0,-2.0,-0.4
Gunner Olszewski,95015,WR,PIT,1,-1.0,0,100.0,,0,0,0,0.0,0,0,25,1,64.7,13.4,25.6,,29.4,0.0,0,0,0,0.0,0,1,0,1,100.0,1,100.0,1,79.2,1,0,0.0,0,0,1,1.0,0.0,0.0
Justyn Ross,78021,WR,KC,2,6.0,0,100.0,,0,0,0,0.0,0,0,16,0,64.7,61.2,49.5,,55.6,0.0,0,0,6,0.0,0,11,0,1,90.9,10,18.2,2,91.7,1,0,81.8,9,6,0,0.0,6.0,0.6
Jake Bobo,77997,WR,SEA,2,3.0,0,100.0,,0,0,0,0.0,0,0,29,0,64.7,61.2,61.0,59.8,54.1,5.6,1,0,3,11.1,2,18,0,1,88.9,16,33.3,6,79.2,1,0,61.1,11,3,0,0.0,3.0,0.19
Antoine Green,77985,WR,DET,1,1.0,0,100.0,,0,0,0,0.0,0,0,11,0,64.7,61.2,57.8,,57.8,0.0,0,0,2,0.0,0,4,0,1,100.0,4,25.0,1,79.2,1,0,75.0,3,2,1,1.0,2.0,0.5
Pierre Strong Jr.,66619,HB,CLV,1,5.0,0,0.0,0.0,0,1,0,100.0,1,0,8,0,28.0,65.2,45.2,74.5,35.8,27.3,3,0,0,27.3,3,11,0,0,63.6,7,0.0,0,39.6,1,0,27.3,3,0,0,,,0.0
Charlie Kolar,60917,TE,BLT,1,12.0,0,0.0,0.0,0,1,0,100.0,1,0,3,0,27.9,,39.2,,29.8,40.0,2,0,0,0.0,0,5,0,0,100.0,5,40.0,2,39.6,1,0,0.0,0,0,0,,,0.0
Evan Hull,97302,HB,IND,1,2.0,0,100.0,,0,0,0,0.0,0,0,14,0,68.3,66.2,65.7,,64.6,0.0,0,0,6,0.0,0,6,0,1,83.3,5,0.0,0,91.7,1,0,0.0,0,6,4,4.0,6.0,1.2
John Metchie III,97400,WR,HST,1,16.0,0,100.0,,0,0,0,0.0,0,1,13,0,64.7,61.2,67.8,,66.5,0.0,0,0,17,0.0,0,9,0,1,100.0,9,55.6,5,118.8,1,0,44.4,4,17,1,1.0,17.0,1.89
Peyton Hendershot,60915,TE,DAL,2,18.0,0,0.0,,0,0,0,100.0,1,0,9,0,27.9,61.9,33.3,76.2,40.1,29.2,7,0,0,8.3,2,24,0,0,91.7,22,62.5,15,39.6,1,0,4.2,1,0,0,,,0.0
Stone Smartt,60492,TE,LAC,2,21.0,0,100.0,,0,0,0,0.0,0,1,27,0,64.7,61.2,64.0,75.9,70.0,31.3,5,0,24,12.5,2,16,0,1,81.3,13,31.3,5,118.8,1,0,31.3,5,24,3,3.0,24.0,1.85
Rakim Jarrett,129519,WR,TB,2,5.0,0,100.0,,0,0,0,0.0,0,0,30,0,64.7,64.6,52.8,,55.4,0.0,0,0,7,0.0,0,12,0,1,100.0,12,16.7,2,95.8,1,0,83.3,10,7,2,2.0,7.0,0.58
Ronnie Rivers,57208,HB,LA,1,-2.0,0,100.0,,0,0,0,0.0,0,0,26,0,64.7,67.2,72.1,65.8,65.7,0.0,0,0,4,50.0,1,2,0,1,50.0,1,0.0,0,83.3,1,0,0.0,0,4,6,6.0,4.0,4.0
DeeJay Dallas,55632,HB,SEA,2,5.0,0,100.0,,0,0,0,0.0,0,1,29,0,64.7,74.8,68.3,72.1,73.0,6.7,1,0,14,26.7,4,15,0,1,46.7,7,0.0,0,118.8,1,0,26.7,4,14,9,9.0,14.0,2.0
Desmond Ridder,55086,QB,ATL,2,-7.0,0,100.0,,0,0,0,0.0,0,0,2,1,,45.2,45.2,,,0.0,0,0,-6,0.0,0,66,0,1,0.0,0,0.0,0,79.2,1,0,0.0,0,-6,1,1.0,-6.0,
Miles Boykin,48209,WR,PIT,2,5.0,0,100.0,,0,0,0,0.0,0,0,25,0,64.7,61.2,57.6,,57.7,0.0,0,0,5,0.0,0,7,0,1,100.0,7,0.0,0,87.5,1,0,100.0,7,5,0,0.0,5.0,0.71
DJ Chark Jr.,47702,WR,CAR,1,10.0,0,100.0,,0,0,0,0.0,0,1,5,0,64.7,61.2,54.6,,57.9,0.0,0,0,15,0.0,0,27,0,1,88.9,24,22.2,6,118.8,1,0,77.8,21,15,5,5.0,15.0,0.63
Hunter Renfrow,47509,WR,LV,2,22.0,0,100.0,,0,0,0,0.0,0,1,23,0,64.7,61.2,55.3,,55.3,0.0,0,0,23,0.0,0,29,0,1,96.6,28,93.1,27,118.8,1,0,6.9,2,23,1,1.0,23.0,0.82
Jake Funk,45835,HB,IND,1,0.0,0,100.0,,0,0,0,0.0,0,1,14,0,64.7,66.7,63.5,36.0,66.5,0.0,0,0,12,18.2,2,11,0,1,72.7,8,9.1,1,116.7,1,0,0.0,0,12,12,12.0,12.0,1.5
D'Ernest Johnson,45734,HB,JAX,1,5.0,0,100.0,,0,0,0,0.0,0,1,15,0,64.7,66.7,78.2,,78.6,0.0,0,0,9,0.0,0,5,0,1,100.0,5,0.0,0,104.2,1,0,40.0,2,9,4,4.0,9.0,1.8
David Montgomery,45719,HB,DET,2,5.0,0,100.0,,0,0,0,0.0,0,1,11,0,68.3,33.7,58.8,52.3,59.2,0.0,0,0,7,26.2,11,42,1,1,71.4,30,0.0,0,95.8,1,0,9.5,4,7,2,2.0,7.0,0.23
Khari Blasingame,44889,FB,CHI,2,3.0,0,0.0,,0,0,0,,0,0,6,0,,,57.1,69.0,56.6,0.0,0,0,0,16.7,1,6,0,0,83.3,5,16.7,1,39.6,1,0,50.0,3,0,0,,,0.0
Mecole Hardman Jr.,42683,WR,NYJ,1,5.0,0,100.0,,0,0,0,0.0,0,0,22,0,64.7,61.2,53.8,,54.3,0.0,0,0,6,0.0,0,13,0,1,84.6,11,84.6,11,91.7,1,0,15.4,2,6,1,1.0,6.0,0.55
Byron Pringle,42345,WR,WAS,1,2.0,0,100.0,,0,0,0,0.0,0,0,32,0,64.7,61.2,57.3,,57.1,0.0,0,0,4,0.0,0,6,0,1,100.0,6,50.0,3,83.3,1,0,50.0,3,4,2,2.0,4.0,0.67
Tre Tucker,101106,WR,LV,1,42.0,0,0.0,0.0,0,1,0,,0,0,23,0,,61.9,72.3,,55.3,0.0,0,0,0,0.0,0,5,0,0,100.0,5,0.0,0,39.6,1,0,100.0,5,0,0,,,0.0
Trevon Wesco,42018,TE,TEN,2,4.0,0,0.0,,0,0,0,100.0,1,0,31,0,27.9,,32.5,72.0,31.5,84.0,21,0,0,56.0,14,25,2,0,40.0,10,12.0,3,39.6,1,0,4.0,1,0,0,,,0.0
Reggie Gilliam,40951,FB,BUF,2,1.0,0,100.0,,0,0,0,0.0,0,0,4,0,64.7,61.2,68.8,72.4,60.3,25.0,1,0,3,25.0,1,4,1,1,75.0,3,0.0,0,79.2,1,0,0.0,0,3,2,2.0,3.0,1.0
Rico Dowdle,40693,HB,DAL,2,-5.0,0,100.0,,0,0,0,0.0,0,1,9,0,64.7,74.9,65.5,17.9,68.4,0.0,0,0,17,20.0,2,10,0,1,70.0,7,0.0,0,118.8,1,0,0.0,0,17,22,22.0,17.0,2.43
Tony Jones Jr.,40498,HB,NO,2,4.0,0,0.0,,0,0,0,,0,0,20,0,,75.1,68.1,43.3,50.9,0.0,0,0,0,33.3,9,27,0,0,66.7,18,0.0,0,39.6,1,0,3.7,1,0,0,,,0.0
Devin Singletary,40485,HB,HST,2,5.0,0,100.0,,0,0,0,0.0,0,1,13,0,64.7,75.7,49.2,44.5,52.1,0.0,0,0,10,15.6,5,32,0,1,78.1,25,0.0,0,108.3,1,0,9.4,3,10,5,5.0,10.0,0.4
Donovan Smith,9467,T,KC,2,1.0,0,0.0,,0,0,1,,0,0,16,0,,,55.2,62.1,,0.0,0,0,0,100.0,96,96,3,0,0.0,0,0.0,0,39.6,1,0,0.0,0,0,0,,,
Patrick Taylor,40448,HB,GB,2,-2.0,0,0.0,0.0,0,1,1,,0,0,12,0,,70.6,50.2,80.6,54.8,9.1,1,0,0,27.3,3,11,1,0,72.7,8,0.0,0,39.6,1,0,18.2,2,0,0,,,0.0
Boston Scott,39462,HB,PHI,2,3.0,0,100.0,,0,0,0,0.0,0,0,24,0,64.7,71.1,78.8,74.3,58.5,0.0,0,0,7,22.2,2,9,0,1,77.8,7,11.1,1,95.8,1,0,11.1,1,7,4,4.0,7.0,1.0
Michael Mayer,122906,TE,LV,2,2.0,0,100.0,100.0,1,1,1,0.0,0,0,23,0,64.7,61.2,42.2,71.7,45.6,86.4,19,0,2,13.6,3,22,2,1,81.8,18,9.1,2,79.2,1,0,0.0,0,2,0,0.0,2.0,0.11
Rashaad Penny,27414,HB,PHI,1,-1.0,0,100.0,,0,0,0,0.0,0,0,24,0,64.7,68.2,52.8,16.9,63.4,0.0,0,0,5,40.0,2,5,1,1,60.0,3,0.0,0,87.5,1,0,0.0,0,5,6,6.0,5.0,1.67
Chris Evans,27303,HB,CIN,1,-2.0,0,100.0,,0,0,0,0.0,0,0,7,0,64.7,70.1,56.3,4.2,61.2,0.0,0,0,-1,25.0,1,4,0,1,75.0,3,25.0,1,79.2,1,0,0.0,0,-1,1,1.0,-1.0,-0.33
C.J. Stroud,129759,QB,HST,2,-1.0,0,100.0,,0,0,0,0.0,0,0,13,4,,32.1,60.7,,,0.0,0,0,0,0.0,0,116,0,1,0.0,0,0.0,0,79.2,1,0,0.0,0,0,1,1.0,0.0,
Giovanni Ricci,13756,TE,CAR,2,-1.0,0,100.0,,0,0,0,0.0,0,0,5,0,64.7,61.2,56.9,70.2,58.2,16.7,1,0,2,16.7,1,6,0,1,83.3,5,50.0,3,79.2,1,0,0.0,0,2,3,3.0,2.0,0.4
Isaiah McKenzie,11927,WR,IND,2,-6.0,1,100.0,,0,0,0,0.0,0,0,14,0,64.7,74.0,67.6,,72.9,0.0,0,0,7,0.0,0,2,0,1,100.0,2,0.0,0,95.8,1,0,50.0,1,7,13,13.0,7.0,3.5
Phillip Dorsett,9462,WR,DEN,1,22.0,0,0.0,,0,0,0,,0,0,10,0,,,41.5,,44.9,0.0,0,0,0,0.0,0,5,0,0,100.0,5,40.0,2,39.6,1,0,60.0,3,0,0,,,0.0
Tank Bigsby,123974,HB,JAX,2,-2.0,0,0.0,,0,0,1,100.0,1,0,15,1,27.9,19.2,35.8,76.2,23.4,0.0,0,1,0,23.5,4,17,1,0,76.5,13,5.9,1,0.0,1,0,11.8,2,0,0,,,0.0
Jamal Agnew,11920,WR,JAX,1,4.0,0,100.0,,0,0,0,0.0,0,1,15,0,64.7,73.9,50.8,,52.1,0.0,0,0,5,0.0,0,21,0,1,100.0,21,28.6,6,87.5,1,0,71.4,15,5,1,1.0,5.0,0.24
Jaleel McLaughlin,138346,HB,DEN,2,-7.0,0,100.0,,0,0,0,0.0,0,0,10,0,68.3,67.8,62.6,,61.0,0.0,0,0,-7,0.0,0,6,0,1,83.3,5,16.7,1,79.2,1,0,0.0,0,-7,0,0.0,-7.0,-1.4
Michael Burton,9601,FB,DEN,2,3.0,0,100.0,100.0,1,1,0,0.0,0,1,10,0,64.7,64.6,69.9,72.2,61.0,20.0,2,0,3,20.0,2,10,0,1,60.0,6,20.0,2,79.2,1,0,10.0,1,3,0,0.0,3.0,0.5
De'Von Achane,124305,HB,MIA,1,3.0,0,100.0,,0,0,0,0.0,0,0,17,0,64.7,66.7,73.7,,60.9,0.0,0,0,4,0.0,0,3,0,1,100.0,3,33.3,1,83.3,1,0,0.0,0,4,1,1.0,4.0,1.33
Khalil Shakir,84140,WR,BUF,2,8.0,0,100.0,,0,0,0,0.0,0,1,4,0,64.7,61.2,63.2,,62.3,0.0,0,0,11,0.0,0,13,0,1,100.0,13,84.6,11,152.1,1,1,15.4,2,11,3,3.0,11.0,0.85
Teagan Quitoriano,84036,TE,HST,2,1.0,1,100.0,,0,0,0,0.0,0,1,13,0,64.7,61.2,58.8,53.4,69.8,88.2,15,0,11,52.9,9,17,0,1,41.2,7,5.9,1,112.5,1,0,5.9,1,11,10,10.0,11.0,1.57
Luke Schoonmaker,84005,TE,DAL,2,3.0,0,100.0,,0,0,0,0.0,0,0,9,0,64.7,61.2,55.6,28.2,71.7,77.8,7,0,1,33.3,3,9,0,1,66.7,6,22.2,2,118.8,1,1,0.0,0,1,0,0.0,1.0,0.17
Zamir White,83665,HB,LV,2,-1.0,0,100.0,,0,0,0,0.0,0,0,23,0,64.7,17.6,50.1,,61.1,0.0,0,0,5,0.0,0,5,0,1,80.0,4,0.0,0,87.5,1,0,0.0,0,5,6,6.0,5.0,1.25
Derius Davis,78196,WR,LAC,2,-4.0,0,100.0,,0,0,0,0.0,0,0,27,0,64.7,74.3,53.5,,56.5,0.0,0,0,5,0.0,0,6,0,1,100.0,6,83.3,5,87.5,1,0,16.7,1,5,9,9.0,5.0,0.83
Erik Ezukanma,78148,WR,MIA,2,6.0,0,0.0,,0,0,0,,0,0,17,0,,68.6,60.3,,55.5,0.0,0,0,0,0.0,0,14,0,0,92.9,13,35.7,5,39.6,1,0,50.0,7,0,0,,,0.0
