player,player_id,position,team_name,player_game_count,attempts,avoided_tackles,breakaway_attempts,breakaway_percent,breakaway_yards,declined_penalties,designed_yards,drops,elu_recv_mtf,elu_rush_mtf,elu_yco,elusive_rating,explosive,first_downs,franchise_id,fumbles,gap_attempts,grades_hands_fumble,grades_offense,grades_offense_penalty,grades_pass,grades_pass_block,grades_pass_route,grades_run,grades_run_block,longest,penalties,rec_yards,receptions,routes,run_plays,scramble_yards,scrambles,targets,total_touches,touchdowns,yards,yards_after_contact,yco_attempt,ypa,yprr,zone_attempts
Joe Mixon,11803,HB,CIN,2,46,5,1,22.3,31,0,139,0,1,5,91,21.2,2,4,7,0,19,83.0,61.5,81.1,,62.8,75.1,55.9,60.0,31,0,89,10,62,50,0,0,12,56,0,139,91,1.98,3.0,1.44,25
Leonard Fournette,11759,HB,TB,2,45,6,2,17.7,34,0,192,1,0,6,118,32.1,7,7,30,0,28,82.3,56.2,79.0,,53.7,45.2,61.5,44.9,17,0,19,4,47,50,0,0,6,49,0,192,118,2.62,4.3,0.4,17
Jonathan Taylor,57488,HB,IND,2,40,12,3,27.4,59,0,215,0,1,12,138,99.7,7,12,14,0,11,81.9,66.8,79.3,,6.2,61.5,72.6,60.0,21,0,23,5,56,44,0,0,7,45,1,215,138,3.45,5.4,0.41,27
Saquon Barkley,45791,HB,NYG,2,39,8,5,62.3,147,0,236,0,0,8,185,79.1,7,9,21,1,25,41.8,73.0,79.5,,57.2,70.3,72.9,59.7,68,0,46,9,55,47,0,0,11,48,1,236,185,4.74,6.1,0.84,13
Nick Chubb,45783,HB,CLV,2,39,19,4,36.4,83,0,228,0,0,19,144,163.1,7,11,8,0,20,81.7,86.7,78.2,,39.1,63.1,86.6,60.0,25,0,28,4,25,45,0,0,4,43,3,228,144,3.69,5.8,1.12,16
James Robinson,22425,HB,JAX,2,34,6,2,45.4,59,0,130,0,1,6,114,63.4,3,8,15,0,10,81.0,67.7,78.3,,58.5,62.2,67.5,60.0,37,0,17,3,31,41,0,0,4,37,2,130,114,3.35,3.8,0.55,24
Derrick Henry,10679,HB,TEN,2,34,4,1,17.1,18,0,105,1,0,4,101,34.9,1,2,31,1,19,80.4,60.7,77.0,,73.4,38.0,64.9,60.0,18,0,0,0,21,37,0,0,1,34,1,105,101,2.97,3.1,0.0,15
Cordarrelle Patterson,7810,HB,ATL,2,32,6,1,9.3,15,0,161,1,0,6,89,47.7,5,12,2,0,13,81.1,70.2,80.2,,59.9,52.2,75.3,54.4,15,0,16,3,32,46,0,0,6,35,1,161,89,2.78,5.0,0.5,19
David Montgomery,45719,HB,CHI,2,32,10,1,18.9,28,0,148,0,3,10,114,125.2,6,6,6,0,11,80.6,58.5,78.3,,81.7,68.9,55.4,60.0,28,0,38,5,25,39,0,0,6,37,0,148,114,3.56,4.6,1.52,21
Miles Sanders,40555,HB,PHI,2,30,6,2,27.3,48,0,176,0,0,6,128,73.1,6,9,24,0,10,80.2,73.4,81.0,,68.8,56.5,76.8,56.2,24,0,15,5,32,41,0,0,5,35,1,176,128,4.27,5.9,0.47,18
Jalen Hurts,40291,QB,PHI,2,15,9,0,0.0,0,0,34,0,0,3,16,21.3,5,9,24,1,4,56.6,84.1,0.0,90.8,,,57.7,60.0,26,2,0,0,0,61,108,14,0,15,3,142,105,3.62,4.9,,5
Josh Jacobs,45953,HB,LV,2,29,12,1,14.3,18,0,126,0,1,12,113,163.4,2,5,23,0,20,79.7,73.8,78.8,,32.6,54.8,81.6,,18,0,28,2,34,30,0,0,2,31,0,126,113,3.9,4.3,0.82,6
Antonio Gibson,78050,HB,WAS,2,28,7,0,0.0,0,0,86,2,3,7,73,70.5,2,6,32,0,6,80.0,68.6,81.5,,68.0,64.5,68.7,59.9,13,0,85,9,43,34,0,0,12,37,1,86,73,2.61,3.1,1.98,22
Austin Ekeler,12164,HB,LAC,2,28,4,0,0.0,0,0,75,1,6,4,66,57.5,0,4,27,0,7,80.3,63.5,78.4,,1.0,78.1,65.0,60.0,8,0,91,13,45,30,0,0,14,41,0,75,66,2.36,2.7,2.02,19
A.J. Dillon,57165,HB,GB,2,28,5,0,0.0,0,0,106,1,1,5,83,52.3,3,9,12,0,10,79.9,79.1,81.4,,80.7,71.6,75.5,70.6,14,0,52,6,31,36,0,0,8,34,1,106,83,2.96,3.8,1.68,18
Jeff Wilson Jr.,29413,HB,SF,2,27,5,1,15.1,16,0,106,0,2,5,69,57.7,2,4,28,0,10,79.5,66.0,79.6,,79.9,66.6,66.9,41.5,16,0,27,4,27,44,0,0,4,31,0,106,69,2.56,3.9,1.0,17
Dalvin Cook,11796,HB,MIN,2,26,6,1,15.0,16,0,107,1,0,6,82,57.3,2,6,18,0,12,79.5,63.5,82.1,,19.0,53.9,70.9,60.0,16,0,37,7,54,27,0,0,9,33,0,107,82,3.15,4.1,0.69,13
Dameon Pierce,83659,HB,HST,2,26,8,0,0.0,0,0,102,0,0,8,88,96.7,3,8,13,0,14,79.1,67.7,77.0,,59.7,56.5,68.8,60.0,12,0,14,2,20,29,0,0,2,28,0,102,88,3.38,3.9,0.7,12
Ezekiel Elliott,10638,HB,DAL,2,25,1,0,0.0,0,0,105,2,0,1,72,10.7,1,6,9,0,8,78.7,58.6,79.6,,47.3,29.2,69.0,69.0,11,0,-7,2,37,31,0,0,4,27,0,105,72,2.88,4.2,-0.19,17
Christian McCaffrey,11763,HB,CAR,2,25,10,1,36.3,49,0,135,0,1,10,112,149.3,1,8,5,0,13,79.5,81.7,78.7,,61.6,69.3,84.2,62.2,49,0,50,8,48,31,0,0,9,33,1,135,112,4.48,5.4,1.04,12
Najee Harris,57121,HB,PIT,2,25,2,0,0.0,0,0,72,0,2,2,61,30.5,1,3,25,0,8,79.3,61.8,79.8,,50.0,71.8,58.5,60.0,11,0,43,7,34,30,0,0,8,32,0,72,61,2.44,2.9,1.26,16
Kareem Hunt,11841,HB,CLV,2,24,6,1,23.1,24,0,104,0,2,6,88,97.8,5,7,8,0,17,78.9,67.8,81.0,,75.9,64.1,66.7,58.5,24,0,40,6,34,27,0,0,6,30,1,104,88,3.67,4.3,1.18,6
Damien Harris,35134,HB,NE,2,24,4,1,13.4,16,0,119,0,2,4,90,80.4,3,6,19,0,16,78.7,69.0,77.7,,79.6,71.0,66.1,60.0,16,0,26,4,19,25,0,0,4,28,1,119,90,3.75,5.0,1.37,8
Darrell Henderson,41193,HB,LA,2,23,2,1,19.1,18,0,94,0,1,2,55,25.6,2,6,26,0,8,78.6,53.3,83.0,,32.1,53.6,55.0,60.0,18,0,26,5,59,24,0,0,5,28,1,94,55,2.39,4.1,0.44,15
Jamaal Williams,11889,HB,DET,2,23,1,0,0.0,0,0,81,1,0,1,45,7.8,1,5,11,0,20,78.2,53.9,75.0,,75.5,39.7,58.6,60.0,12,0,9,2,16,25,0,0,3,25,2,81,45,1.96,3.5,0.56,3
Melvin Gordon III,9448,HB,DEN,2,22,7,0,0.0,0,0,105,0,0,7,76,96.7,1,3,10,1,6,27.0,64.7,0.0,,81.7,58.6,69.8,60.0,13,2,20,3,22,24,0,0,3,25,0,105,76,3.45,4.8,0.91,16
Javonte Williams,77803,HB,DEN,2,22,7,2,28.8,34,0,118,0,5,7,85,136.4,5,6,10,1,10,29.5,69.0,0.0,,58.0,81.3,66.5,60.0,17,1,75,12,48,26,0,0,15,34,0,118,85,3.86,5.4,1.56,12
Aaron Jones,11937,HB,GB,2,20,13,4,54.1,98,0,181,0,2,13,107,308.7,6,10,12,0,9,78.0,85.3,83.8,,74.2,70.6,89.8,61.8,36,0,65,6,46,28,0,0,8,26,1,181,107,5.35,9.1,1.41,11
D'Andre Swift,57212,HB,DET,2,20,6,4,67.0,134,0,200,1,2,6,107,171.2,6,6,11,0,14,78.1,76.8,81.2,,56.4,59.3,84.6,,50,0,62,5,46,21,0,0,8,25,1,200,107,5.35,10.0,1.35,6
Justin Fields,82118,QB,CHI,2,12,3,0,0.0,0,1,9,0,0,2,6,8.3,1,5,6,1,1,35.5,39.0,2.3,37.1,,,54.0,60.0,12,2,0,0,0,58,39,7,0,12,1,48,38,2.0,2.5,,8
Rashaad Penny,27414,HB,SEA,2,18,5,1,34.7,26,0,75,0,1,5,74,123.3,2,1,29,1,3,25.7,58.6,77.1,,8.5,57.1,61.6,59.1,26,0,7,2,30,24,0,0,3,20,0,75,74,4.11,4.2,0.23,14
Cam Akers,57206,HB,LA,2,18,4,0,0.0,0,0,44,0,0,4,48,53.3,0,2,26,0,10,76.6,62.3,73.9,,83.2,60.8,61.2,,8,0,18,2,18,17,0,0,2,20,0,44,48,2.67,2.4,1.0,7
Marcus Mariota,9435,QB,ATL,2,10,2,0,0.0,0,0,33,0,0,1,12,12.0,3,4,2,3,6,23.2,59.5,81.8,60.6,,,54.7,60.0,16,0,0,0,0,62,55,7,0,10,1,88,25,1.47,5.2,,2
Daniel Jones,39395,QB,NYG,2,8,1,0,0.0,0,0,0,0,0,0,2,0.0,2,6,21,1,3,83.9,52.9,20.1,55.5,,58.9,53.0,60.3,11,1,0,0,1,56,41,9,0,8,0,41,35,2.06,2.4,0.0,2
James Conner,11860,HB,ARZ,2,17,3,0,0.0,0,0,55,0,1,3,39,38.2,0,4,1,1,7,26.5,56.7,80.1,,63.3,62.7,56.6,38.9,8,0,55,7,36,20,0,0,8,24,1,55,39,2.29,3.2,1.53,9
Michael Carter,57337,HB,NYJ,2,17,6,2,49.4,41,0,83,1,3,6,50,91.3,2,2,22,0,6,78.8,70.2,82.5,,30.0,70.3,72.9,59.5,22,0,67,12,51,28,0,0,13,29,0,83,50,2.94,4.9,1.31,10
Kenyan Drake,10707,HB,BLT,2,17,0,0,0.0,0,0,39,0,1,0,33,10.8,0,1,3,0,12,77.0,51.6,75.9,,31.9,58.8,52.8,60.0,8,0,15,1,22,23,0,0,1,18,0,39,33,1.94,2.3,0.68,5
Rhamondre Stevenson,98689,HB,NE,2,17,4,0,0.0,0,0,72,0,0,4,55,64.7,1,4,19,0,9,76.7,72.5,76.5,,84.7,56.9,74.4,59.9,12,0,6,3,28,22,0,0,4,20,0,72,55,3.24,4.2,0.21,7
Chase Edmonds,45851,HB,MIA,2,17,0,1,48.3,28,0,58,0,2,0,29,15.5,1,2,17,0,3,77.1,60.2,0.0,,60.8,63.9,61.1,60.0,28,1,48,5,45,20,0,0,7,22,0,58,29,1.71,3.4,1.07,13
Clyde Edwards-Helaire,57279,HB,KC,2,16,2,2,60.3,70,0,116,0,4,2,83,135.3,2,2,16,0,4,77.4,67.5,79.4,,81.9,89.7,56.6,60.0,52,0,76,7,27,18,0,0,7,23,0,116,83,5.19,7.3,2.81,12
Raheem Mostert,9783,HB,MIA,2,16,5,0,0.0,0,0,67,0,4,5,44,123.8,2,3,17,0,5,77.3,68.9,79.3,,80.0,68.9,66.5,60.0,11,0,44,4,37,23,0,0,4,20,0,67,44,2.75,4.2,1.19,9
Trey Lance,91399,QB,SF,2,12,3,0,0.0,0,0,52,0,0,2,17,23.6,1,7,28,1,5,34.8,53.1,80.1,52.4,,,56.7,60.0,13,0,0,0,0,45,15,4,0,12,0,67,30,1.88,4.2,,0
Tony Pollard,27126,HB,DAL,2,15,0,1,33.3,17,0,51,0,0,0,35,0.0,1,3,9,0,4,77.1,66.2,80.0,,67.9,66.8,63.5,59.5,17,0,69,6,28,20,0,0,9,21,1,51,35,2.33,3.4,2.46,9
Lamar Jackson,46416,QB,BLT,2,11,3,1,58.1,79,0,98,0,0,1,9,7.4,3,5,3,1,8,50.7,73.7,10.3,72.5,,,67.8,60.1,79,1,0,0,0,45,38,4,0,11,1,136,34,2.27,9.1,,0
Mark Ingram II,6180,HB,NO,2,14,4,0,0.0,0,0,82,0,0,4,51,85.7,2,5,20,2,3,17.5,49.6,76.1,,23.9,28.5,63.6,58.4,12,0,4,3,19,18,0,0,3,17,0,82,51,3.64,5.9,0.21,11
Devin Singletary,40485,HB,BUF,2,14,3,1,23.9,16,0,67,0,1,3,40,63.5,3,3,4,0,4,76.0,63.5,81.2,,50.5,63.7,64.2,59.2,16,0,16,4,46,17,0,0,4,18,0,67,40,2.86,4.8,0.35,8
Isiah Pacheco,83747,HB,KC,2,14,1,2,60.3,41,0,68,0,0,1,50,25.5,3,4,16,1,5,23.5,54.1,73.0,,25.3,55.0,56.7,,22,0,0,0,6,14,0,0,0,14,1,68,50,3.57,4.9,0.0,9
Tyrion Davis-Price,99169,HB,SF,1,14,2,1,60.6,20,0,33,0,0,2,29,29.6,1,2,28,0,3,75.5,51.1,75.3,,,52.7,53.5,60.0,20,0,0,0,10,19,0,0,0,14,0,33,29,2.07,2.4,0.0,11
Rex Burkhead,7971,HB,HST,2,14,2,0,0.0,0,0,40,1,0,2,38,25.9,0,1,13,0,10,76.5,50.9,78.8,,35.8,50.2,54.6,60.0,8,0,39,7,45,16,0,0,10,21,0,40,38,2.71,2.9,0.87,4
Travis Etienne,57185,HB,JAX,2,13,3,1,40.3,27,0,67,1,0,3,45,57.7,2,3,15,1,6,24.8,55.2,79.8,,23.7,31.7,71.1,59.8,27,0,51,5,36,17,0,0,7,18,0,67,45,3.46,5.2,1.42,5
Khalil Herbert,41668,HB,CHI,2,13,1,1,32.5,27,0,83,0,1,1,27,27.7,3,4,6,0,3,75.2,73.0,73.6,,,63.0,72.2,60.0,27,0,1,2,8,16,0,0,2,15,1,83,27,2.08,6.4,0.13,10
Breece Hall,97636,HB,NYJ,2,13,3,1,31.5,23,0,73,1,1,3,63,96.9,3,2,22,1,5,25.4,57.2,78.0,,67.1,40.5,65.2,60.0,23,0,48,7,33,16,0,0,9,20,0,73,63,4.85,5.6,1.45,6
James Cook,83666,HB,BUF,2,12,2,1,60.0,33,0,55,0,0,2,52,72.2,1,3,4,1,8,21.9,54.0,73.3,,,57.1,55.9,58.5,33,0,0,0,3,18,0,0,1,12,0,55,52,4.33,4.6,0.0,4
Eno Benjamin,57136,HB,ARZ,2,12,4,1,27.1,16,0,59,0,3,4,40,129.6,1,3,1,0,5,77.8,76.1,79.8,,54.3,64.1,82.6,59.5,16,0,53,6,30,18,0,0,6,18,0,59,40,3.33,4.9,1.77,5
Deebo Samuel,48274,WR,SF,2,12,5,2,74.3,78,0,105,2,5,5,100,438.6,3,4,28,1,5,24.3,60.7,82.3,,68.8,62.0,55.5,63.2,51,0,58,7,55,54,0,0,12,19,1,105,100,8.33,8.8,1.05,5
Sony Michel,27589,HB,LAC,2,11,1,0,0.0,0,0,25,0,0,1,19,14.4,0,1,27,0,4,74.1,58.8,73.1,,78.6,57.0,58.5,60.0,7,0,6,1,11,12,0,0,1,12,0,25,19,1.73,2.3,0.55,7
Baker Mayfield,46518,QB,CAR,2,5,3,0,0.0,0,0,4,0,0,0,0,0.0,1,3,5,6,1,26.4,45.5,8.9,49.1,,,48.2,60.0,17,1,0,0,0,36,36,6,0,5,1,40,28,2.55,3.6,,3
Josh Allen,46601,QB,BUF,2,5,3,0,0.0,0,0,16,0,0,2,11,88.0,2,5,4,0,3,84.1,90.7,81.1,87.7,,,76.9,60.0,13,1,0,0,0,29,50,6,0,5,1,66,45,4.09,6.0,,1
Jacoby Brissett,10725,QB,CLV,2,3,0,0,0.0,0,0,3,0,0,0,2,0.0,2,4,8,0,0,83.4,64.4,25.2,62.5,,,67.9,60.0,21,2,0,0,0,71,50,7,0,3,0,53,18,1.8,5.3,,0
Tyler Allgeier,83639,HB,ATL,1,10,0,0,0.0,0,0,30,0,0,0,17,0.0,0,1,2,0,4,73.3,62.6,73.4,,73.0,55.8,62.3,60.0,9,0,0,0,4,11,0,0,0,10,0,30,17,1.7,3.0,0.0,6
Joe Burrow,28022,QB,CIN,2,2,0,0,0.0,0,0,1,0,0,0,0,0.0,3,4,7,3,0,32.2,60.1,82.7,57.2,,,70.1,60.0,23,0,0,0,0,52,72,8,0,2,0,73,31,3.1,7.3,,0
Alexander Mattison,45817,HB,MIN,2,10,5,0,0.0,0,0,44,1,2,5,38,204.6,1,2,18,0,4,74.2,64.0,77.0,,68.8,42.5,74.5,,10,0,6,3,22,10,0,0,5,13,0,44,38,3.8,4.4,0.27,6
Kyler Murray,38334,QB,ARZ,2,7,3,1,36.8,21,0,42,0,0,2,17,69.4,3,6,1,1,4,85.4,75.2,81.9,67.4,,,90.0,60.6,21,1,0,0,0,45,15,3,0,7,1,57,34,3.4,5.7,,0
Mac Jones,60323,QB,NE,2,5,0,0,0.0,0,0,-7,0,0,0,3,0.0,0,2,19,1,0,83.5,56.4,0.0,57.6,,,61.3,60.0,5,2,0,0,0,49,13,4,0,5,0,6,11,1.22,0.7,,0
Alvin Kamara,11822,HB,NO,1,9,2,1,38.5,15,0,39,0,1,2,32,88.9,1,1,20,0,3,74.2,54.2,75.7,,9.8,64.7,64.6,,15,0,7,3,17,10,0,0,4,12,0,39,32,3.56,4.3,0.41,6
Zack Moss,40341,HB,BUF,2,9,2,1,53.1,17,0,32,0,4,2,27,120.0,1,2,4,1,7,23.0,53.9,76.0,,76.9,68.2,46.0,60.0,17,0,21,6,22,10,0,0,6,15,0,32,27,3.0,3.6,0.95,2
Hassan Haskins,83701,HB,TEN,2,9,2,0,0.0,0,0,38,0,0,2,28,62.2,0,2,31,0,2,74.9,67.9,78.7,,85.2,54.5,68.0,60.0,9,0,0,1,15,13,0,0,1,10,0,38,28,3.11,4.2,0.0,7
Carson Wentz,10636,QB,WAS,2,3,2,0,0.0,0,0,-2,0,0,0,0,0.0,1,2,32,1,0,85.6,63.1,26.1,62.4,,,64.8,60.0,18,2,0,0,0,44,37,5,0,3,0,35,37,4.63,4.4,,0
Geno Smith,7820,QB,SEA,2,7,0,0,0.0,0,0,2,0,0,0,2,0.0,1,1,29,1,3,83.4,73.9,80.8,71.8,,59.0,68.1,60.3,14,1,0,0,1,34,14,1,0,7,0,16,3,0.38,2.0,0.0,0
Boston Scott,39462,HB,PHI,2,8,0,1,55.2,16,0,29,0,0,0,32,0.0,1,2,24,0,2,72.5,62.2,78.1,,77.0,53.9,65.2,60.0,16,0,2,1,16,11,0,0,1,9,1,29,32,4.0,3.6,0.13,5
Darrel Williams,13014,HB,ARZ,1,8,1,1,50.8,30,0,59,1,0,1,40,50.0,1,4,1,0,5,72.9,66.1,78.1,,48.9,52.6,74.2,60.0,30,0,3,2,22,11,0,0,3,10,1,59,40,5.0,7.4,0.14,3
Jerick McKinnon,8731,HB,KC,2,8,0,1,52.9,18,0,34,0,1,0,16,15.4,1,1,16,0,2,73.8,61.0,79.0,,26.4,66.4,63.0,60.0,18,0,31,5,31,12,0,0,6,13,0,34,16,2.0,4.3,1.0,6
Joshua Kelley,13750,HB,LAC,2,8,1,0,0.0,0,0,43,0,0,1,39,44.3,1,2,27,0,1,73.9,70.5,76.1,,59.7,63.2,72.4,60.0,12,0,17,3,20,12,0,0,3,11,0,43,39,4.88,5.4,0.85,6
Rachaad White,131633,HB,TB,2,8,1,0,0.0,0,0,15,1,0,1,9,11.3,0,1,30,0,5,72.9,36.9,74.9,,,40.5,41.9,60.0,5,0,7,2,13,13,0,0,3,10,0,15,9,1.13,1.9,0.54,3
Jaylen Warren,98692,HB,PIT,2,7,1,0,0.0,0,0,22,0,0,1,17,30.4,0,1,25,0,1,71.9,53.7,75.7,,18.8,52.1,60.9,60.0,6,0,0,1,21,11,0,0,2,8,0,22,17,2.43,3.1,0.0,6
Kenneth Gainwell,77737,HB,PHI,2,7,0,0,0.0,0,0,27,1,1,0,23,32.9,0,3,24,0,0,73.0,64.0,78.8,,43.2,54.8,71.2,60.0,7,0,23,3,22,9,0,0,6,10,1,27,23,3.29,3.9,1.05,7
Taysom Hill,12112,TE,NO,2,7,1,1,60.0,57,0,95,0,0,1,37,66.1,3,3,20,0,7,71.9,65.0,76.6,,69.6,55.9,72.7,48.6,57,0,2,1,6,15,0,0,1,8,1,95,37,5.29,13.6,0.33,0
Mike Davis,9559,HB,BLT,2,7,1,0,0.0,0,0,15,0,0,1,14,28.6,1,0,3,1,6,18.6,34.3,73.0,,69.2,54.0,38.0,40.0,10,0,0,0,10,13,0,0,0,7,0,15,14,2.0,2.1,0.0,1
Chase Claypool,42312,WR,PIT,2,6,1,1,41.7,15,0,36,0,0,1,17,20.2,2,2,25,0,0,73.8,59.1,80.4,,68.1,59.7,63.7,39.7,15,0,44,8,75,33,0,0,11,14,0,36,17,2.83,6.0,0.59,0
Justin Herbert,28237,QB,LAC,2,5,0,0,0.0,0,0,-1,0,0,0,0,0.0,0,1,27,0,0,84.6,73.3,81.9,71.6,,60.0,64.6,60.0,3,0,0,0,1,53,3,1,0,5,0,2,0,0.0,0.3,0.0,0
Matt Breida,12271,HB,NYG,2,6,1,0,0.0,0,0,20,0,0,1,17,47.2,0,1,21,0,4,70.6,62.1,77.9,,51.7,52.4,65.3,60.0,9,0,0,0,8,11,0,0,0,6,0,20,17,2.83,3.3,0.0,2
Aaron Rodgers,2241,QB,GB,2,5,0,0,0.0,0,0,2,0,0,0,1,0.0,0,1,12,2,1,44.8,74.0,81.4,73.3,,,59.2,60.0,7,0,0,0,0,56,7,1,0,5,0,9,3,0.5,1.5,,1
Elijah Mitchell,57272,HB,SF,1,6,1,1,39.0,16,0,41,0,0,1,18,50.0,2,2,28,0,5,70.6,71.9,0.0,,72.4,57.0,79.8,44.8,16,1,0,0,3,13,0,0,0,6,0,41,18,3.0,6.8,0.0,1
J.D. McKissic,11047,HB,WAS,2,6,1,0,0.0,0,0,17,0,0,1,12,12.5,0,2,32,0,0,74.6,61.4,80.0,,26.6,76.9,51.2,58.9,5,0,74,10,38,13,0,0,10,16,0,17,12,2.0,2.8,1.95,6
Tom Brady,698,QB,TB,2,5,0,0,0.0,0,0,-3,0,0,0,0,0.0,0,0,30,1,0,45.5,71.7,81.6,75.5,,,32.1,60.0,0,0,0,0,0,63,0,0,0,5,0,-3,0,0.0,-0.6,,1
Trevor Lawrence,77632,QB,JAX,2,4,0,0,0.0,0,0,9,0,0,0,1,0.0,0,0,15,0,1,84.1,65.3,81.9,64.6,,,59.0,60.0,8,2,0,0,0,58,6,1,0,4,0,15,3,0.6,3.0,,2
Curtis Samuel,11795,WR,WAS,2,5,2,1,55.3,21,0,38,0,4,2,27,162.0,2,2,32,1,1,25.2,69.5,80.6,,,73.8,46.5,50.1,21,0,133,15,83,29,0,0,18,20,0,38,27,5.4,7.6,1.6,2
Justice Hill,45865,HB,BLT,2,5,0,0,0.0,0,0,19,0,0,0,13,0.0,1,1,3,0,2,70.9,58.9,77.0,,83.4,56.0,56.1,59.8,13,0,7,2,14,7,0,0,2,7,0,19,13,2.6,3.8,0.5,2
Patrick Mahomes,11765,QB,KC,2,2,0,0,0.0,0,0,-1,0,0,0,0,0.0,0,1,16,1,0,83.9,69.9,14.0,71.1,,,52.3,60.0,4,1,0,0,0,39,5,2,0,2,0,4,0,0.0,1.0,,0
Dwayne Washington,10870,HB,NO,1,4,1,0,0.0,0,0,18,0,0,1,15,93.8,0,2,20,0,1,68.6,71.7,66.3,,,,69.0,,8,0,0,0,0,4,0,0,0,4,0,18,15,3.75,4.5,,3
D'Onta Foreman,11844,HB,CAR,2,4,1,0,0.0,0,0,14,0,0,1,11,68.8,0,0,5,0,1,68.6,52.4,68.7,,8.0,55.0,58.5,,7,0,0,0,6,4,0,0,0,4,0,14,11,2.75,3.5,0.0,3
Matt Ryan,4317,QB,IND,2,2,0,0,0.0,0,0,-2,0,0,0,0,0.0,1,2,14,5,0,23.7,55.2,81.9,56.6,,,46.2,60.3,10,0,0,0,0,48,12,2,0,2,0,10,4,1.0,2.5,,1
Malik Willis,60341,QB,TEN,1,2,0,0,0.0,0,0,-2,0,0,0,0,0.0,0,1,31,1,0,17.9,39.7,74.1,48.0,,,46.3,60.0,8,0,0,0,0,11,12,2,0,2,0,10,4,1.0,2.5,,2
Jimmy Garoppolo,8697,QB,SF,1,4,0,0,0.0,0,0,5,0,0,0,5,0.0,0,2,28,0,1,77.7,66.5,78.6,65.4,,,61.6,60.0,3,0,0,0,0,34,0,0,0,4,1,5,5,1.25,1.3,,1
Jared Goff,10635,QB,DET,2,3,1,0,0.0,0,0,-3,0,0,0,0,0.0,1,1,11,1,0,83.5,54.4,81.6,52.9,,,66.5,60.0,10,0,0,0,0,52,10,1,0,3,0,7,3,0.75,1.8,,0
Kenneth Walker III,97199,HB,SEA,1,4,4,0,0.0,0,0,10,0,0,4,17,283.3,0,1,29,0,1,70.0,63.1,72.2,,72.4,59.3,63.5,60.0,8,0,5,2,5,5,0,0,3,6,0,10,17,4.25,2.5,1.0,2
Davis Mills,52269,QB,HST,2,4,0,0,,0,0,0,0,0,0,2,0.0,0,0,13,3,0,50.8,62.1,81.6,61.1,,,61.5,60.0,2,1,0,0,0,42,0,0,0,4,0,0,2,0.5,0.0,,1
Nyheim Hines,48103,HB,IND,2,4,0,0,0.0,0,0,4,0,2,0,6,21.4,0,0,14,0,1,26.4,67.8,81.8,,,82.2,44.5,60.0,3,0,87,10,36,5,0,0,11,14,0,4,6,1.5,1.0,2.42,3
Mitchell Trubisky,11757,QB,PIT,2,1,0,0,0.0,0,0,-1,0,0,0,0,0.0,0,1,25,0,0,83.6,62.2,14.5,62.3,,,61.6,60.0,7,1,0,0,0,41,17,3,0,1,0,16,3,0.75,4.0,,0
Craig Reynolds,94383,HB,DET,1,3,1,0,0.0,0,0,16,0,0,1,13,108.3,1,1,11,0,1,68.2,66.1,69.8,,,78.4,60.7,60.0,11,0,13,1,3,6,0,0,1,4,0,16,13,4.33,5.3,4.33,2
Trace McSorley,32819,QB,ARZ,1,1,0,0,0.0,0,0,1,0,0,0,0,0.0,1,1,1,0,0,70.6,60.8,71.5,61.0,,,59.9,,14,0,0,0,0,1,19,2,0,1,0,20,4,1.33,6.7,,0
Ryan Tannehill,7014,QB,TEN,2,2,0,0,0.0,0,0,0,0,0,0,2,0.0,0,2,31,0,0,82.1,67.4,6.7,65.8,,,71.2,60.3,9,1,0,0,0,41,9,1,0,2,0,9,2,0.67,3.0,,0
Russell Wilson,7077,QB,DEN,2,1,0,0,0.0,0,0,-1,0,0,0,0,0.0,0,0,10,0,0,84.2,57.7,0.0,59.8,,,54.8,60.0,4,2,0,0,0,50,6,2,0,1,0,5,3,1.0,1.7,,0
Travis Homer,45859,HB,SEA,2,3,0,0,0.0,0,0,11,0,0,0,6,0.0,0,2,29,0,1,70.9,62.4,80.8,,49.7,65.5,61.8,59.8,5,0,33,4,22,9,0,0,4,7,0,11,6,2.0,3.7,1.5,1
Case Keenum,7323,QB,BUF,1,3,0,0,0.0,0,0,2,0,0,0,0,0.0,0,0,4,0,0,69.1,44.5,73.9,43.9,,,57.7,60.0,4,0,0,0,0,14,0,0,0,3,0,2,0,0.0,0.7,,1
Joe Flacco,4332,QB,NYJ,2,2,0,0,0.0,0,0,-1,0,0,0,0,0.0,0,1,22,2,0,86.0,75.8,82.2,74.4,,,61.5,60.0,7,1,0,0,0,39,7,1,0,2,0,6,14,4.67,2.0,,0
Jameis Winston,9434,QB,NO,2,0,2,0,0.0,0,0,0,0,0,0,,100.0,0,0,20,1,0,51.6,62.7,81.6,62.3,,,58.1,62.2,6,1,0,0,0,36,11,3,0,0,0,11,15,5.0,3.7,,0
Jamal Agnew,11920,WR,JAX,2,3,1,0,0.0,0,0,7,1,0,1,5,41.7,0,1,15,0,0,75.3,45.0,74.6,,,44.9,57.1,60.4,6,0,6,1,6,7,0,0,2,4,0,7,5,1.67,2.3,1.0,0
Brandon Bolden,7469,HB,LV,1,3,1,0,0.0,0,0,7,0,0,1,5,33.3,0,0,23,0,2,69.0,60.5,73.8,,72.3,73.3,53.7,,5,0,21,2,11,3,0,0,2,5,0,7,5,1.67,2.3,1.91,1
Tua Tagovailoa,60326,QB,MIA,2,3,0,0,0.0,0,0,1,0,0,0,1,0.0,0,1,17,1,0,53.4,73.1,81.6,71.8,,,60.8,60.1,1,0,0,0,0,41,0,0,0,3,0,1,1,0.33,0.3,,0
Kirk Cousins,7102,QB,MIN,2,0,1,0,0.0,0,0,0,0,0,0,,100.0,1,1,18,1,0,50.7,66.8,15.4,66.0,,,66.4,60.0,13,1,0,0,0,37,20,2,0,0,0,20,13,6.5,10.0,,0
Alec Ingold,34934,FB,MIA,2,2,0,0,0.0,0,0,3,0,0,0,2,0.0,0,2,17,0,0,70.1,71.1,81.1,,60.7,61.8,67.5,71.3,2,0,23,3,22,20,0,0,4,5,0,3,2,1.0,1.5,1.05,0
Samaje Perine,11869,HB,CIN,2,2,0,0,0.0,0,0,6,0,1,0,4,33.3,0,0,7,0,0,69.4,58.7,79.1,,82.6,60.2,53.3,60.0,4,0,41,4,29,3,0,0,5,6,0,6,4,2.0,3.0,1.41,1
Tony Jones Jr.,40498,HB,NO,2,2,0,0,0.0,0,0,8,0,0,0,5,0.0,0,0,20,0,0,67.8,53.8,76.8,,71.5,53.6,49.9,,6,0,12,2,24,2,0,0,2,4,0,8,5,2.5,4.0,0.5,2
Avery Williams,42873,HB,ATL,2,2,0,0,0.0,0,0,7,0,0,0,4,0.0,0,0,2,0,1,74.3,56.2,79.8,,67.4,57.1,54.0,58.7,5,0,14,2,22,8,0,0,2,4,0,7,4,2.0,3.5,0.64,1
Dontrell Hilliard,45691,HB,TEN,1,2,0,0,0.0,0,0,8,1,0,0,5,0.0,0,0,31,0,2,69.4,70.4,73.2,,78.7,75.8,62.8,,5,0,61,3,6,2,0,0,4,5,0,8,5,2.5,4.0,10.17,0
Jeff Driskel,10841,QB,HST,2,1,2,0,0.0,0,0,10,0,0,0,0,0.0,1,2,13,0,0,64.5,75.0,69.9,,,,70.3,60.0,10,0,0,0,0,4,5,1,0,1,0,15,15,7.5,7.5,,1
Dak Prescott,10769,QB,DAL,1,2,0,0,0.0,0,0,11,0,0,0,0,0.0,1,1,9,0,1,78.6,37.4,78.4,36.3,,,63.7,60.2,12,0,0,0,0,19,0,0,0,2,0,11,0,0.0,5.5,,0
Braxton Berrios,47961,WR,NYJ,2,2,1,1,86.4,19,0,22,0,0,1,13,92.9,1,1,22,0,0,78.1,57.8,77.1,,,60.3,59.1,38.1,19,0,37,5,39,13,0,0,5,7,0,22,13,6.5,11.0,0.95,0
Brandon Powell,48036,WR,LA,2,2,0,0,0.0,0,0,-23,0,0,0,12,0.0,0,0,26,0,0,74.5,65.0,75.7,,,69.0,55.8,60.0,3,0,16,2,6,3,0,0,2,4,0,-23,12,6.0,-11.5,2.67,1
Ty Montgomery,9527,HB,NE,1,2,0,0,0.0,0,0,-2,0,0,0,0,0.0,0,0,19,0,1,70.1,63.9,73.4,,82.7,71.8,56.2,60.0,0,0,15,3,11,3,0,0,4,5,0,-2,0,0.0,-1.0,1.36,1
Deon Jackson,57189,HB,IND,1,2,1,0,0.0,0,0,-3,0,0,1,4,100.0,0,0,14,0,0,65.2,52.9,64.4,,,,55.0,,1,0,0,0,0,2,0,0,0,2,0,-3,4,2.0,-1.5,,2
Damien Williams,9205,HB,ATL,1,2,1,0,0.0,0,0,2,0,0,1,3,75.0,0,0,2,0,2,65.2,55.2,70.2,,,55.6,56.8,59.6,2,0,0,0,5,5,0,0,0,2,0,2,3,1.5,1.0,0.0,0
Kyle Juszczyk,7912,FB,SF,2,2,0,0,0.0,0,0,1,1,0,0,1,0.0,0,1,28,0,0,65.2,44.6,81.6,,76.3,36.8,63.0,48.1,1,0,0,0,19,42,0,0,3,2,1,1,1,0.5,0.5,0.0,0
Kadarius Toney,61245,WR,NYG,2,1,3,1,82.6,19,0,19,1,0,1,10,333.3,1,1,21,0,0,68.3,56.3,77.1,,,54.6,61.5,60.2,19,0,0,2,18,14,4,1,3,3,0,23,22,11.0,11.5,0.0,0
Julio Jones,6158,WR,TB,1,2,1,0,0.0,0,0,17,0,0,1,6,60.0,1,2,30,0,0,68.7,77.2,75.7,,,76.2,58.4,77.3,12,0,69,3,22,10,0,0,5,5,0,17,6,3.0,8.5,3.14,0
Anthony Schwartz,84135,WR,CLV,2,2,1,1,75.0,15,0,20,0,0,1,7,116.7,1,1,8,0,0,66.7,64.5,76.9,,,60.4,68.5,54.9,15,0,19,1,16,18,0,0,2,3,0,20,7,3.5,10.0,1.19,0
Amon-Ra St. Brown,84470,WR,DET,2,2,0,1,85.3,58,0,68,2,2,0,7,36.8,2,1,11,0,0,74.4,75.7,79.5,,,72.2,70.7,72.8,58,0,180,17,69,42,0,0,24,19,0,68,7,3.5,34.0,2.61,0
Tyreek Hill,10799,WR,MIA,2,1,1,0,0.0,0,0,6,1,5,1,12,360.0,0,0,17,1,0,24.9,83.9,81.3,,,82.4,63.1,51.5,6,0,284,19,71,21,0,0,25,20,0,6,12,12.0,6.0,4.0,0
Gary Brightwell,57133,HB,NYG,1,1,0,0,0.0,0,0,14,0,0,0,3,0.0,1,1,21,0,0,68.2,64.9,65.5,,,,61.4,,14,0,0,0,0,1,0,0,0,1,0,14,3,3.0,14.0,,0
Patrick Ricard,48862,FB,BLT,2,1,0,0,0.0,0,0,5,0,0,0,4,0.0,0,1,3,0,0,64.6,60.9,80.5,,52.4,49.2,61.4,68.8,5,0,7,1,19,37,0,0,1,2,0,5,4,4.0,5.0,0.37,0
Michael Burton,9601,FB,KC,2,1,0,0,0.0,0,0,6,0,0,0,3,0.0,0,1,16,0,0,64.6,62.1,74.2,,,65.4,61.4,55.0,6,0,2,1,1,15,0,0,1,2,0,6,3,3.0,6.0,2.0,0
Jerry Jeudy,61103,WR,DEN,2,1,0,0,0.0,0,0,1,1,2,0,1,33.3,0,1,10,0,0,69.1,67.7,78.5,,,68.2,57.6,59.9,1,0,113,5,46,20,0,0,10,6,0,1,1,1.0,1.0,2.46,0
Derek Watt,10832,FB,PIT,2,1,0,0,0.0,0,0,2,0,0,0,1,0.0,0,1,25,0,0,61.9,70.8,72.1,,73.4,57.6,62.4,60.0,2,0,0,0,3,3,0,0,0,1,0,2,1,1.0,2.0,0.0,0
Jaelon Darden,61522,WR,TB,2,1,0,0,0.0,0,0,2,0,0,0,0,0.0,0,0,30,0,0,76.5,40.7,0.0,,,55.3,56.2,55.2,2,1,0,0,5,13,0,0,0,1,0,2,0,0.0,2.0,0.0,0
CeeDee Lamb,61570,WR,DAL,2,1,0,0,0.0,0,0,6,1,2,0,2,40.0,0,1,9,0,0,71.1,65.2,82.7,,,64.6,,60.0,6,1,104,9,78,41,0,0,20,10,0,6,2,2.0,6.0,1.33,0
Jalen Reagor,61697,WR,MIN,1,1,0,1,100.0,17,0,17,0,0,0,0,0.0,1,1,18,0,0,74.5,59.1,72.1,,,55.8,62.0,60.0,17,0,7,1,8,2,0,0,2,2,0,17,0,0.0,17.0,0.88,0
Josh Palmer,62979,WR,LAC,2,1,0,0,0.0,0,0,4,0,0,0,8,0.0,0,1,27,0,0,70.3,54.9,80.7,,,53.9,62.0,58.3,4,0,35,7,75,42,0,0,11,8,0,4,8,8.0,4.0,0.47,0
Montrell Washington,64310,WR,DEN,1,1,1,1,100.0,19,0,19,0,0,1,27,2.7e3,1,1,10,0,0,76.7,72.4,72.4,,,54.8,67.9,53.0,19,0,0,0,7,5,0,0,1,1,0,19,27,27.0,19.0,0.0,0
Christian Watson,66581,WR,GB,2,1,0,0,0.0,0,0,7,1,2,0,3,100.0,0,0,12,1,0,69.1,51.3,78.1,,,53.1,56.6,54.3,7,0,43,5,36,25,0,0,7,6,0,7,3,3.0,7.0,1.19,0
D.J. Moore,48267,WR,CAR,2,1,0,0,0.0,0,0,7,0,2,0,3,85.7,0,0,5,0,0,69.8,67.9,81.1,,,65.4,63.1,70.5,7,0,86,6,69,34,0,0,10,7,0,7,3,3.0,7.0,1.25,0
Terry McLaurin,48229,WR,WAS,2,1,0,0,0.0,0,0,7,1,2,0,2,57.1,0,1,32,0,0,69.8,64.4,83.4,,,63.1,63.1,61.0,7,0,133,6,89,37,0,0,10,7,0,7,2,2.0,7.0,1.49,0
Cedrick Wilson,48170,WR,MIA,2,1,1,0,0.0,0,0,8,0,0,1,7,233.3,0,0,17,0,0,64.0,54.6,76.9,,,55.0,,54.4,8,0,20,2,37,12,0,0,3,3,0,8,7,7.0,8.0,0.54,0
Courtland Sutton,48164,WR,DEN,2,1,0,0,0.0,0,0,5,0,0,0,2,0.0,0,0,10,0,0,72.5,77.2,0.0,,,76.1,63.1,88.8,5,2,194,11,77,44,0,0,18,12,0,5,2,2.0,5.0,2.52,0
Marquez Valdes-Scantling,47809,WR,KC,2,1,1,0,0.0,0,0,-3,0,0,1,5,71.4,0,0,16,0,0,69.8,61.3,80.8,,,59.7,63.1,61.3,-3,0,57,6,64,27,0,0,9,7,0,-3,5,5.0,-3.0,0.89,0
Richie James Jr.,28991,WR,NYG,2,1,0,0,0.0,0,0,2,0,0,0,3,0.0,0,0,21,0,0,78.5,68.9,80.0,,,69.4,56.6,61.0,2,0,110,10,46,24,0,0,11,11,0,2,3,3.0,2.0,2.39,0
KaVontae Turpin,47658,WR,DAL,2,1,0,0,0.0,0,0,3,0,0,0,2,0.0,0,0,9,0,0,77.9,55.8,69.1,,,58.5,59.2,60.9,3,0,0,0,2,5,0,0,0,1,0,3,2,2.0,3.0,0.0,0
Zamir White,83665,HB,LV,1,1,0,0,0.0,0,0,2,0,0,0,4,0.0,0,0,23,0,1,67.2,62.9,69.6,,77.0,,60.9,60.0,2,0,0,0,0,4,0,0,0,1,0,2,4,4.0,2.0,,0
Scotty Miller,47481,WR,TB,1,1,0,0,0.0,0,0,8,0,0,0,8,0.0,0,1,30,0,0,67.4,64.4,77.0,,,62.5,62.8,56.5,8,0,34,3,19,9,0,0,8,4,0,8,8,8.0,8.0,1.79,0
Jakobi Meyers,47468,WR,NE,2,1,0,0,0.0,0,0,7,1,0,0,2,0.0,0,1,19,0,0,73.2,72.9,80.8,,,71.0,62.8,67.6,7,1,150,13,63,39,0,0,19,14,0,7,2,2.0,7.0,2.38,0
Mecole Hardman,42683,WR,KC,2,1,0,0,0.0,0,0,-4,1,0,0,0,0.0,0,0,16,0,0,71.1,69.3,80.6,,,69.6,58.7,59.0,-4,0,65,6,44,21,0,0,10,7,0,-4,0,0.0,-4.0,1.48,1
Kyle Pitts,83964,TE,ATL,2,1,0,0,,0,0,0,0,0,0,0,0.0,0,0,2,1,0,67.0,52.1,81.7,,78.5,53.9,59.8,46.7,0,0,38,4,57,50,0,0,10,5,0,0,0,0.0,0.0,0.67,1
Chigoziem Okonkwo,84000,TE,TEN,2,1,2,0,0.0,0,0,-4,0,0,2,1,100.0,0,0,31,0,0,64.6,61.5,74.7,,72.6,67.2,56.2,59.7,-4,0,11,1,9,15,0,0,1,2,0,-4,1,1.0,-4.0,1.22,0
Jaylen Waddle,84088,WR,MIA,2,1,0,0,0.0,0,0,8,3,1,0,0,0.0,0,0,17,0,0,73.5,78.4,80.6,,,78.4,63.1,41.2,8,0,240,15,70,25,0,0,24,16,0,8,0,0.0,8.0,3.43,0
Brandon Aiyuk,84109,WR,SF,2,1,0,0,0.0,0,0,7,1,2,0,4,100.0,0,0,28,0,0,70.8,65.1,81.9,,,67.2,63.1,37.8,7,1,103,7,58,71,0,0,9,8,0,7,4,4.0,7.0,1.78,0
Demetric Felton,40568,WR,CLV,2,1,1,0,0.0,0,0,-4,0,0,1,1,50.0,0,0,8,0,0,76.0,56.1,74.4,,,58.7,59.2,54.7,-4,0,3,1,3,20,0,0,2,2,0,-4,1,1.0,-4.0,1.0,0
Ja'Marr Chase,84270,WR,CIN,2,1,0,0,0.0,0,0,4,2,2,0,1,12.5,0,0,7,0,0,73.5,72.5,35.6,,,74.3,56.6,54.4,4,1,183,15,110,49,0,0,23,16,0,4,1,1.0,4.0,1.66,0
Elijah Moore,84302,WR,NYJ,2,1,0,0,0.0,0,0,-6,0,3,0,0,0.0,0,0,22,0,0,71.3,60.2,81.8,,,59.6,58.7,67.2,-6,1,90,8,99,31,0,0,12,9,0,-6,0,0.0,-6.0,0.91,0
Romeo Doubs,84329,WR,GB,2,1,0,0,0.0,0,0,11,0,0,0,1,0.0,1,1,12,0,0,69.8,68.3,78.7,,,65.3,63.1,73.2,11,0,64,6,38,22,0,0,8,7,0,11,1,1.0,11.0,1.68,0
Jahan Dotson,84375,WR,WAS,2,1,0,0,0.0,0,0,-10,0,0,0,0,0.0,0,0,32,0,0,70.8,68.5,81.6,,,72.9,56.6,29.5,-10,0,99,7,93,39,0,0,9,8,0,-10,0,0.0,-10.0,1.06,0
Cooper Rush,12324,QB,DAL,2,0,0,0,0.0,0,0,0,0,0,0,,100.0,0,0,9,0,0,80.6,53.6,79.6,53.8,,,58.3,60.0,2,1,0,0,0,25,2,1,0,0,0,2,0,0.0,2.0,,0
Matthew Stafford,4924,QB,LA,2,0,0,0,0.0,0,0,0,0,0,0,,100.0,0,1,26,1,0,51.4,65.2,81.6,63.7,,,62.6,60.0,2,0,0,0,0,41,2,1,0,0,0,2,0,0.0,2.0,,0
Ashton Dulin,91479,WR,IND,2,1,0,0,0.0,0,0,3,0,0,0,1,0.0,0,0,14,0,0,70.8,77.6,78.5,,,73.3,59.2,91.8,3,0,125,8,39,24,0,0,12,9,0,3,1,1.0,3.0,3.21,0
Mark Andrews,47436,TE,BLT,2,1,0,0,0.0,0,0,3,1,1,0,2,13.3,0,1,3,0,0,73.2,84.1,80.0,,,80.5,62.6,70.3,3,0,156,14,58,33,0,0,19,15,0,3,2,2.0,3.0,2.69,0
Gunner Olszewski,95015,WR,PIT,2,1,0,1,100.0,18,0,18,0,0,0,10,0.0,1,1,25,0,0,71.8,58.1,75.0,,,57.3,63.0,45.3,18,0,0,0,2,15,0,0,0,1,0,18,10,10.0,18.0,0.0,0
Andrew Beck,47121,FB,DEN,2,1,1,0,0.0,0,0,-1,1,0,1,2,66.7,0,0,10,0,0,66.2,66.9,77.2,,76.0,73.0,60.0,60.4,-1,0,52,2,8,17,0,0,3,3,0,-1,2,2.0,-1.0,6.5,0
Garrett Wilson,97405,WR,NYJ,2,1,1,0,0.0,0,0,-2,1,4,1,3,115.4,0,0,22,0,0,72.5,77.8,80.7,,70.2,76.9,59.2,59.6,-2,0,154,12,71,10,0,0,22,13,0,-2,3,3.0,-2.0,2.17,0
Breshad Perriman,9459,WR,TB,2,1,0,0,0.0,0,0,-7,0,0,0,0,0.0,0,0,30,0,0,67.4,61.5,79.8,,,63.0,57.3,56.5,-7,0,45,3,37,37,0,0,8,4,0,-7,0,0.0,-7.0,1.22,0
Caleb Huntley,57156,HB,ATL,1,1,0,0,0.0,0,0,3,0,0,0,2,0.0,0,0,2,0,0,61.9,53.0,67.6,,67.1,59.6,56.3,,3,0,0,0,1,1,0,0,0,1,0,3,2,2.0,3.0,0.0,1
Derek Carr,8671,QB,LV,2,0,0,0,0.0,0,0,0,0,0,0,,100.0,0,0,23,2,0,27.7,47.8,81.5,48.1,60.9,,58.3,60.0,9,0,0,0,0,36,9,1,0,0,0,9,0,0.0,9.0,,0
Chuba Hubbard,57373,HB,CAR,2,1,0,0,0.0,0,0,3,0,0,0,3,0.0,0,0,5,0,0,16.1,53.4,66.7,,72.4,57.0,56.4,,3,0,0,0,2,1,0,0,0,1,0,3,3,3.0,3.0,0.0,0
Zander Horvath,57384,FB,LAC,2,1,0,0,0.0,0,0,2,0,0,0,1,0.0,0,1,27,0,0,67.4,73.8,75.5,,39.5,71.3,62.4,65.4,2,0,7,3,8,12,0,0,3,4,0,2,1,1.0,2.0,0.88,0
